sgg_cd,apt_seq,apt_nm,road_key,kapt_code,kapt_key,match_source
11110,11110-101,크래스빌,평창24길 6,,,
11110,11110-102,현대뜨레비앙,돈화문로11가길 59,A11034001,돈화문로11가길 59,원문 일치
11110,11110-105,탑스빌,종로65길 12-4,,,
11110,11110-107,경희궁파크팰리스,사직로8길 20,,,
11110,11110-112,신현(102동),필운대로10길 18-8,,,
11110,11110-115,경희궁의아침2단지,사직로8길 24,,,
11110,11110-116,경희궁의아침3단지,사직로8길 34,A11007001,사직로8길 34,원문 일치
11110,11110-117,경희궁의아침4단지,새문안로3길 23,,,
11110,11110-118,킹스매너,경희궁2길 5-5,,,
11110,11110-12,롯데미도파광화문빌딩,세종대로23길 47,,,
11110,11110-124,동성아파트(1동),동숭4라길 29,,,
11110,11110-127,송림아마레스아파트,성균관로17길 22,,,
11110,11110-128,리치캐슬아파트,성균관로14길 19,,,
11110,11110-13,세종,세종대로23길 54,,,
11110,11110-131,하림빌라트,숭인동길 83-15,,,
11110,11110-132,동문(482-0),숭인동길 71,,,
11110,11110-14,세종로대우,새문안로3길 30,,,
11110,11110-146,벽산블루밍평창힐스,평창문화로 118,,,
11110,11110-15,신문로맨션,새문안로3길 12,,,
11110,11110-150,부암스카이뷰,창의문로 166,,,
11110,11110-151,프라임캐슬(케이빌라트),창의문로5길 7,,,
11110,11110-152,롯데캐슬천지인,종로 347,A11087601,종로 347,원문 일치
11110,11110-153,MID그린(2동),창신길 140-19,,,
11110,11110-16,운현신화타워,삼일대로32길 36,,,
11110,11110-204,효자,자하문로 55,,,
11110,11110-205,로얄팰리스스위트,율곡로2길 7,,,
11110,11110-206,혜화훼미리,혜화로8길 25,,,
11110,11110-2073,형우럭스빌(33-1),평창문화로 102-15,,,
11110,11110-2082,세종아파트,필운대로 69,,,
11110,11110-212,방산아파트,성균관로17길 33,,,
11110,11110-2128,건양하늘터,혜화로9길 28,,,
11110,11110-2132,별빛고운,창의문로10길 29,,,
11110,11110-2150,브라운스톤창신,지봉로 81,,,
11110,11110-2155,효성쥬얼리시티,종로 183,A11041001,종로 183,원문 일치
11110,11110-2164,신동아블루아광화문의꿈,사직로 102,,,
11110,11110-217,(627-120),낙산성곽동길 35-1,,,
11110,11110-2175,두레엘리시안,필운대로2길 2,,,
11110,11110-219,포시즌,진흥로 450-5,,,
11110,11110-2203,광화문스페이스본(101동~105동),사직로8길 4,A11005401,사직로8길 4,원문 일치
11110,11110-2204,광화문스페이스본(106동),경희궁길 57,,,
11110,11110-2212,인왕산아이파크,통일로18길 9,A11081302,통일로18길 9,원문 일치
11110,11110-2223,대성스카이렉스,삼봉로 95,,,
11110,11110-2224,종로센트레빌,동망산길 47,A11087602,동망산길 47,원문 일치
11110,11110-2234,종로청계힐스테이트,숭인동길 21,A11055002,숭인동길 21,원문 일치
11110,11110-2246,롯데캐슬로잔,평창문화로 156,,,
11110,11110-2261,엘리시아,평창문화로 142,,,
11110,11110-2291,CS타워,율곡로20길 24,,,
11110,11110-2292,밀레니엄,평창12길 14-4,,,
11110,11110-2301,무악다온채,통일로14길 35,,,
11110,11110-2322,삼전솔하임2차,종로58가길 27,,,
11110,11110-2334,종로유케이201,난계로29길 33-4,,,
11110,11110-2336,버넷하임1,난계로29가길 16,,,
11110,11110-2339,종로중흥S클래스,종로66길 28,,,
11110,11110-2343,종로동광모닝스카이,난계로29가길 24,,,
11110,11110-2344,종로아인스빌,난계로29가길 19,,,
11110,11110-2348,익성씨티하임,난계로29가길 17,,,
11110,11110-2359,이화에수풀,대학로 47,,,
11110,11110-2366,숭인한양LEEPS,난계로29가길 20,,,
11110,11110-2368,삼전솔하임4차,지봉로4길 13,,,
11110,11110-2411,아르젠종로,종로31길 54,,,
11110,11110-2417,인왕산2차아이파크,통일로18길 34,A10027708,통일로18길 34,원문 일치
11110,11110-2440,포레스트힐시티,대학로 33,A10027162,대학로 33,원문 일치
11110,11110-2445,경희궁자이(2단지),송월길 99,A10027118,송월길 99,원문 일치
11110,11110-2446,경희궁자이(3단지),경교장길 35,A10027105,경교장길 35,원문 일치
11110,11110-2450,블루빌,종로58가길 9,,,
11110,11110-2464,경희궁자이(4단지),송월길 155,A10026940,송월길 155,원문 일치
11110,11110-25,아남1,창경궁로 265,A11052201,창경궁로 265,원문 일치
11110,11110-2502,마운틴뷰,비봉길 7,,,
11110,11110-2519,경희궁롯데캐슬,통일로 230,A10025710,통일로 230,원문 일치
11110,11110-2539,디팰리스,새문안로2길 10,,,
11110,11110-2561,이지마루종로,김상옥로 55,,,
11110,11110-2584,힐스테이트창경궁,율곡로 236,A10023586,율곡로 236,원문 일치
11110,11110-26,명륜동주상복합아남아파트,혜화로3길 5,A11076701,혜화로3길 5,원문 일치
11110,11110-2708,에비뉴청계Ⅰ,종로66길 35,,,
11110,11110-29,덕산,창신9길 14,,,
11110,11110-30,동대문,지봉로 25,,,
11110,11110-31,동대문맨션,창신길 20,,,
11110,11110-33,동문상가,종로44길 14,,,
11110,11110-34,두산,지봉로5길 7,A11054101,지봉로5길 7,원문 일치
11110,11110-3414,에비뉴청계Ⅱ,난계로29가길 28,,,
11110,11110-3467,그린나래,평창문화로 67,,,
11110,11110-36,성용,창신4가길 40-3,,,
11110,11110-37,창신쌍용1,동망산길 19,A11054301,동망산길 19,원문 일치
11110,11110-38,유성,창신7가길 14-6,,,
11110,11110-4,청운현대,자하문로33길 43,,,
11110,11110-40,흥인,창신길 131-4,,,
11110,11110-41,그린,낙산5길 22,,,
11110,11110-42,창신이수,지봉로 87,,,
11110,11110-43,MID그린(8동),창신길 140-8,,,
11110,11110-44,도시그린빌라,숭인동1길 31,,,
11110,11110-45,"동문(비동,씨동)(494-0)",숭인동2길 14-5,,,
11110,11110-48,숭인상가,청계천로 391,,,
11110,11110-49,오성,숭인동1나길 11-7,,,
11110,11110-51,동아,송월길 147,,,
11110,11110-52,대성아파트,사직로 21,,,
11110,11110-68,갑을아파트,평창문화로 19,,,
11110,11110-7,신현(101동),필운대로10길 16,,,
11110,11110-71,롯데낙천대,평창문화로 140,A11084601,평창문화로 140,원문 일치
11110,11110-73,삼성,평창문화로 172,A11001203,평창문화로 172,원문 일치
11110,11110-77,일성빌라트,평창문화로 119,,,
11110,11110-80,노블레스빌,평창문화로 81-6,,,
11110,11110-86,대아파크빌,진흥로 480,,,
11110,11110-89,구암하이빌,세검정로6다길 11-1,,,
11110,11110-90,현대,통일로 246-20,A11081503,통일로 246-20,원문 일치
11110,11110-91,창신쌍용2,낙산길 198,A11077101,낙산길 198,원문 일치
11110,11110-92,아남2,혜화로3길 33,,,
11110,11110-94,MID그린(1동),창신길 140-21,,,
11110,11110-95,MID그린(9동),창신길 140-3,,,
11110,11110-96,MID그린(3동),창신길 140-16,,,
11110,11110-973,렉스빌,혜화로3가길 30,,,
11140,11140-1,경서,퇴계로2길 15-6,,,
11140,11140-10,평화,퇴계로8길 23,,,
11140,11140-1000,브라운스톤서울,청파로 464,,,
11140,11140-1003,태원팰리스5차(432-1132),동호로15길 91-8,,,
11140,11140-1004,이지-빌,퇴계로8길 65-3,,,
11140,11140-1010,바비엥3,통일로 86,,,
11140,11140-1012,한진해모로,왕십리로39길 30,,,
11140,11140-1013,노블레스하우스,다산로34길 26,,,
11140,11140-1016,순화동더샵,칠패로 27,A10024756,칠패로 27,원문 일치
11140,11140-1018,삼성V아파트A동,청구로4길 40,,,
11140,11140-1039,롯데캐슬,청계천로 400,,,
11140,11140-1053,상지리츠빌장충동카일룸,동호로20나길 30,,,
11140,11140-1058,청구103동,청구로1길 47,,,
11140,11140-1062,남산FORESTHOUSE,동호로17길 242,,,
11140,11140-1097,남산센트럴자이,퇴계로 235,A10071301,퇴계로 235,원문 일치
11140,11140-1099,SK리더스뷰남산,퇴계로 72,A10088101,퇴계로 72,원문 일치
11140,11140-1106,황학아크로타워,퇴계로 447,A10086801,퇴계로 447,원문 일치
11140,11140-1119,남산트라팰리스,소월로2길 30,,,
11140,11140-1123,쌍용남산플래티넘,소공로 46,A10072501,소공로 46,원문 일치
11140,11140-1124,황학동코아루,난계로11길 30,A10024801,난계로11길 30,원문 일치
11140,11140-1125,(372-66),동호로5길 12,,,
11140,11140-1141,래미안하이베르,퇴계로90길 74,,,
11140,11140-1142,남산롯데캐슬아이리스,소공로 35,A10088102,소공로 35,원문 일치
11140,11140-1144,청구e편한세상,청구로 64,,,
11140,11140-1147,LIG서울역리가,만리재로33길 21,A10080701,만리재로33길 21,원문 일치
11140,11140-1197,한양I-Class,난계로 173,,,
11140,11140-1206,DUO302,난계로 169,,,
11140,11140-1217,신당아르브,난계로 151,,,
11140,11140-1220,동대문와이즈캐슬,퇴계로75길 7,A10095501,퇴계로75길 7,원문 일치
11140,11140-1226,청계천두산위브더제니스,다산로46길 17,A10095502,다산로46길 17,원문 일치
11140,11140-1248,(1546-0),난계로15길 36-6,,,
11140,11140-1255,신당역솔하임,퇴계로 448,,,
11140,11140-1261,충무로엘크루메크로시티2차,퇴계로49길 14,A10025223,퇴계로49길 14,원문 일치
11140,11140-1273,신당블루카운티,난계로11길 22,,,
11140,11140-1274,동대문솔하임,마장로 58,,,
11140,11140-1277,덕수궁롯데캐슬,서소문로9길 28,A10027364,서소문로9길 28,원문 일치
11140,11140-1286,그랜드힐오피스텔,마장로9길 49-15,,,
11140,11140-1297,골드캐슬Ⅲ,난계로21길 39,,,
11140,11140-13,진양상가,퇴계로 217,A10086301,퇴계로 217,원문 일치
11140,11140-1300,서울역센트럴자이,만리재로 175,A10026881,만리재로 175,원문 일치
11140,11140-1301,위더스하임,퇴계로73길 20,,,
11140,11140-1303,충무로헤센스마트,서애로1길 11,,,
11140,11140-1306,동광팰리스,난계로17길 16,,,
11140,11140-1307,서울역한라비발디센트럴,만리재로 177,A10026517,만리재로 177,원문 일치
11140,11140-1315,위너빌(Winnervill),마장로14길 11,,,
11140,11140-1319,청계리버팰리스B,난계로17길 58-8,,,
11140,11140-1321,이지마루오장,마른내로 126-1,,,
11140,11140-1330,청계리버팰리스A,난계로17길 48,,,
11140,11140-1333,신당KCC스위첸,난계로 130,A10025372,난계로 130,원문 일치
11140,11140-1350,이지마루충무로,퇴계로49길 26,,,
11140,11140-1355,오렌지카운티을지로,동호로33길 15,A10024327,동호로33길 15,원문 일치
11140,11140-1361,삼정아트테라스정동,서소문로 89-20,A10024359,서소문로 89-20,원문 일치
11140,11140-1364,오장동오팰리오,마른내로 127,,,
11140,11140-1370,약수역더시티,동호로7길 14,,,
11140,11140-1380,청계랜드힐아파트,난계로17길 40-16,,,
11140,11140-14,인현상가/신성아파트,마른내로 72,A10028201,마른내로 72,원문 일치
11140,11140-1402,힐스테이트세운센트럴2단지,을지로15길 32,A10023343,을지로15길 32,원문 일치
11140,11140-1403,힐스테이트세운센트럴1단지,을지로15길 31,A10023356,을지로15길 31,원문 일치
11140,11140-15,묵정,서애로1길 34,A10026849,서애로1길 34,원문 일치
11140,11140-1520,세운푸르지오헤리시티,마른내로 79,A10023352,마른내로 79,원문 일치
11140,11140-1534,힐스테이트남산,퇴계로46길 26,A10022761,퇴계로46길 26,원문 일치
11140,11140-16,충무,퇴계로50길 42,,,
11140,11140-17,미주,필동로5길 2,,,
11140,11140-18,예장동삼익,퇴계로30길 24,,,
11140,11140-19,장충동라임카운티,동호로20가길 38,,,
11140,11140-2,정동,정동길 13,,,
11140,11140-20,장충레지던스,동호로20나길 23,,,
11140,11140-21,장충,동호로25길 36,,,
11140,11140-23,대림상가,을지로 157,,,
11140,11140-26,우일타운,다산로 274,,,
11140,11140-28,남산타운,다산로 32,,,
11140,11140-30,동평화패션타운,청계천로 318,,,
11140,11140-307,하이,다산로40길 23,,,
11140,11140-309,태원팰리스,다산로21길 31,,,
11140,11140-313,서울역디오빌,만리재로 193,,,
11140,11140-32,삼성,청구로1길 23,,,
11140,11140-33,신당동파라다이스,다산로42나길 46,A10078102,다산로42나길 46,원문 일치
11140,11140-37,약수하이츠,동호로10길 30,,,
11140,11140-39,하이1(113-5),퇴계로80길 30,,,
11140,11140-40,현대,다산로36길 109,A10045601,다산로36길 109,원문 일치
11140,11140-42,청구드림,청구로4길 30,,,
11140,11140-43,타워,청구로6길 8,,,
11140,11140-44,탑힐,청구로1길 6,,,
11140,11140-45,성지,청구로3길 80,,,
11140,11140-46,명경,동호로11마길 5,,,
11140,11140-47,글로리안(B),동호로11바길 21,,,
11140,11140-48,글로리안(A),동호로11바길 17,,,
11140,11140-50,노블레스2,동호로17길 229,,,
11140,11140-51,삼성사이버빌리지,중림로 10,A10085903,중림로 10,원문 일치
11140,11140-52,성요셉,서소문로6길 34,,,
11140,11140-57,란스미어,청구로17길 24-5,,,
11140,11140-58,프라임1,동호로17길 256-4,,,
11140,11140-60,프라임2,동호로17길 256-12,,,
11140,11140-61,남산퍼시픽,퇴계로20나길 12,,,
11140,11140-63,청구파크뷰,청구로6길 52,,,
11140,11140-64,마이스터빌,동호로20다길 10,,,
11140,11140-65,벨레어카운티,동호로20길 16,,,
11140,11140-69,다오아트빌,동호로11마길 24,,,
11140,11140-70,인성아트빌,동호로11마길 20-7,,,
11140,11140-71,동산,동호로11아길 15,,,
11140,11140-73,(432-904),동호로11마길 20-8,,,
11140,11140-74,푸른마을(432-921),동호로11마길 34,,,
11140,11140-75,푸른마을(B),동호로11마길 32,,,
11140,11140-76,토토타워(5차),동호로11바길 22,,,
11140,11140-8,별장,퇴계로12길 88,,,
11140,11140-80,신신(2차),동호로11자길 22,,,
11140,11140-82,신신(1차),동호로11자길 23,,,
11140,11140-83,명경아트빌,동호로11마길 46,,,
11140,11140-84,다다아파트,동호로11마길 40,,,
11140,11140-88,도현블랑빌,동호로17길 256-35,,,
11140,11140-9,삼풍,소공로3길 29-8,,,
11140,11140-90,삼성홈타운,다산로42가길 43,,,
11140,11140-989,남산정은스카이,다산로 56,,,
11140,11140-990,신당푸르지오,다산로36길 110,A10045001,다산로36길 110,원문 일치
11140,11140-994,(432-2001),동호로11바길 30-8,,,
11140,11140-998,삼성파크빌,을지로 221,,,
11170,11170-1,신후암,후암로28길 10,,,
11170,11170-11,원효,원효로 166,,,
11170,11170-112,한남하우스,한남대로28가길 5,,,
11170,11170-114,한성1,독서당로 73-4,,,
11170,11170-116,현대안성타워,이태원로 217,,,
11170,11170-119,효성빌리지,유엔빌리지3길 2,,,
11170,11170-12,금성아파트,원효로 129,,,
11170,11170-120,현대하이페리온,서빙고로 413,,,
11170,11170-128,힐하우스,장문로9길 60,,,
11170,11170-13,강변삼성스위트,원효로 40,A14085101,원효로 40,원문 일치
11170,11170-130,그린파크(코오롱하늘채),서빙고로51길 64,,,
11170,11170-131,신동아,이촌로 347,A14024002,이촌로 347,원문 일치
11170,11170-132,금호베스트빌1,서빙고로51길 68-14,A14024001,서빙고로51길 68-14,원문 일치
11170,11170-133,리버빌(삼성),보광로5길 40,A14082302,보광로5길 40,원문 일치
11170,11170-134,신동아1,보광로 14,A14082601,보광로 14,원문 일치
11170,11170-137,한강빌라,보광로7길 55,,,
11170,11170-138,리버힐삼성,효창원로 17,A14004002,효창원로 17,원문 일치
11170,11170-139,한강타운,새창로8길 157,A14004001,새창로8길 157,원문 일치
11170,11170-14,산호,원효로 66,A14085002,원효로 66,원문 일치
11170,11170-140,미주B,이촌로62길 9,,,
11170,11170-141,이촌코오롱(B),이촌로89길 32,,,
11170,11170-142,행남그랜드,후암로16가길 4,,,
11170,11170-143,남산애지앙,후암로34길 31-17,,,
11170,11170-144,울트라멤버스,임정로 9,,,
11170,11170-145,한남힐스테이트,장문로 141,A14077901,장문로 141,원문 일치
11170,11170-147,뉴캐슬하우스,대사관로7길 8,,,
11170,11170-148,힐탑트레져1동,유엔빌리지길 200-16,,,
11170,11170-149,쌍용스윗닷홈,한강대로10길 14,,,
11170,11170-15,풍전,원효로25길 14,,,
11170,11170-151,한울글로리A,효창원로76길 7,,,
11170,11170-152,퍼시픽맨션골드,녹사평대로42길 27,,,
11170,11170-156,LG한강자이,이촌로64길 15,A14003007,이촌로64길 15,원문 일치
11170,11170-159,베르체,효창원로72길 29,,,
11170,11170-16,SK청암대(64-1),삼개로 58,,,
11170,11170-160,화이트타운,효창원로70길 26,,,
11170,11170-164,GS자이,삼개로 60,A14005001,삼개로 60,원문 일치
11170,11170-166,아이딜,청파로71길 58,,,
11170,11170-167,목화,청파로47나길 45-37,,,
11170,11170-169,원효전자상가,청파로 83,,,
11170,11170-17,SK청암대(64-29),삼개로 56,,,
11170,11170-170,삼성하이츠,효창원로25다길 17-3,,,
11170,11170-171,대호드림빌(38-213),효창원로37마길 12,,,
11170,11170-172,대성2차,효창원로25나길 21,,,
11170,11170-174,한강대우트럼프월드3,한강대로 26,,,
11170,11170-176,마운틴뷰,녹사평대로46길 84,,,
11170,11170-178,이태원(이테크빌),이태원로20길 31,,,
11170,11170-183,형우베스트빌3차,독서당로 90,,,
11170,11170-184,한남동리첸시아,한남대로 60,A14021001,한남대로 60,원문 일치
11170,11170-186,아일랜드캐슬,대사관로7길 5,,,
11170,11170-188,장미1,우사단로10길 39-96,,,
11170,11170-19,효창로즈,효창원로93길 16,,,
11170,11170-191,지오베르크,백범로 346,,,
11170,11170-198,세인트힐,효창원로72길 42,,,
11170,11170-2,뉴후암,후암로 71,,,
11170,11170-200,태성1,대사관로24길 8,,,
11170,11170-202,한강로대우아이빌,한강대로43길 13,,,
11170,11170-203,삼라마이다스빌2,백범로90라길 28,,,
11170,11170-204,제일,후암로48길 16,,,
11170,11170-205,브라운스톤남산,후암로 65,,,
11170,11170-206,현대플라티앙2,장문로9길 65,,,
11170,11170-207,현대플래티앙Ⅰ,장문로 47,,,
11170,11170-2099,PRIMAVERAVILL,서빙고로91가길 29-7,,,
11170,11170-22,효창맨션,효창원로 157,,,
11170,11170-228,장미(203-14),이촌로18길 3-7,,,
11170,11170-23,효창한신,백범로45길 9-11,,,
11170,11170-2304,이안용산1차(102동),백범로90길 74,,,
11170,11170-2305,이안용산1차(101동),백범로90길 74,,,
11170,11170-2306,이안용산1차(103동),백범로90길 74,,,
11170,11170-2307,용산파크자이,한강대로 205,A14075201,한강대로 205,원문 일치
11170,11170-2310,동원베네스트,이촌로14길 7,,,
11170,11170-2327,세양청마루,백범로 250,,,
11170,11170-2338,이안용산3차,청파로 205-26,,,
11170,11170-2343,로얄카운티-2,백범로79다길 27,,,
11170,11170-2346,대성이태리하우스,한남대로27길 42,,,
11170,11170-2348,한강자이에클라트,이촌로 1,,,
11170,11170-2359,우림필유,이촌로29길 21-7,A14074501,이촌로29길 21-7,원문 일치
11170,11170-2377,명남아띠팰리스,후암로16나길 20,,,
11170,11170-24,효창베네스,효창원로69길 57,,,
11170,11170-2426,아크로타워,백범로90길 26,A14010001,백범로90길 26,원문 일치
11170,11170-2438,용산아이피아대주피오레,청파로20길 9,,,
11170,11170-2457,용산파크e-편한세상,한강대로53길 16,,,
11170,11170-2496,이안용산프리미어,청파로 213,A14010002,청파로 213,원문 일치
11170,11170-2497,CJ나인파크,백범로90다길 12,A14010003,백범로90다길 12,원문 일치
11170,11170-2521,시티파크(2단지),서빙고로 31,A14088201,서빙고로 31,원문 일치
11170,11170-2522,용산시티파크(1단지),서빙고로 35,A14001303,서빙고로 35,원문 일치
11170,11170-2539,대우월드마크용산,한강대로 211,A14001101,한강대로 211,원문 일치
11170,11170-2552,로얄카운티-3,백범로79다길 35,,,
11170,11170-2562,태원팰리스,효창원로70길 49,,,
11170,11170-257,삼안리치10차,한강대로104라길 21,,,
11170,11170-258,신주에지앙,후암로28마길 2,,,
11170,11170-259,세방리버하이빌,효창원로15길 16,A14006001,효창원로15길 16,원문 일치
11170,11170-26,도원,새창로12길 11-15,,,
11170,11170-260,한강수,효창원로8길 16,,,
11170,11170-262,임선웰빙아파트,효창원로66길 33,,,
11170,11170-2627,준아트빌,이태원로27나길 40,,,
11170,11170-2671,한강동부,이촌로58길 16,,,
11170,11170-2683,두산위브트레지움,이촌로 177,,,
11170,11170-27,삼성래미안,새창로 70,A14007002,새창로 70,원문 일치
11170,11170-2719,트윈빌에이동,유엔빌리지길 11,,,
11170,11170-2720,트윈빌비동,유엔빌리지길 289,,,
11170,11170-273,삼안리치8차,한강대로102다길 26,,,
11170,11170-2735,보람더하임,이촌로58길 19,,,
11170,11170-275,힐튼빌리지1차,후암로22길 29,,,
11170,11170-276,화인,후암로16길 27,,,
11170,11170-2765,한남동동원베네스트,독서당로 22,,,
11170,11170-2766,용산파크타워(24-0),서빙고로 67,A14002501,서빙고로 67,원문 일치
11170,11170-2767,용산파크타워(24-1),서빙고로 69,,,
11170,11170-277,두리파크빌,한강대로102나길 23,,,
11170,11170-279,효창팰리스2차,효창원로70길 10,,,
11170,11170-28,제일1,새창로12길 11-7,,,
11170,11170-280,효창아트빌2차,효창원로69길 31,,,
11170,11170-281,예빌리지,백범로45길 9-10,,,
11170,11170-2810,리첸시아용산B,백범로 341,A14070301,백범로 341,원문 일치
11170,11170-2811,리첸시아용산A,백범로 341,A14070301,백범로 341,원문 일치
11170,11170-282,메이(124-12),이태원로27나길 36,,,
11170,11170-2821,효창파크푸르지오,백범로 260,A14074101,백범로 260,원문 일치
11170,11170-283,ThePlusⅢ,이태원로27길 62-34,,,
11170,11170-2839,한남더힐,독서당로 111,A14077902,독서당로 111,원문 일치
11170,11170-284,창덕아파트,회나무로21길 7,,,
11170,11170-2841,브라운스톤,효창원로 88,A14083101,효창원로 88,원문 일치
11170,11170-2843,용산e편한세상,원효로 216,A14009001,원효로 216,원문 일치
11170,11170-285,유엔맨숀,독서당로 108,,,
11170,11170-2864,한남파라곤,한남대로27길 52,,,
11170,11170-2865,시티하우스,한강대로14길 37,,,
11170,11170-287,오페라하우스3차,대사관로 23,,,
11170,11170-2889,아인하우스,효창원로70길 19,,,
11170,11170-29,삼각아파트,한강대로62길 32,,,
11170,11170-2906,프라임펠리스,백범로90길 38,,,
11170,11170-2907,아스테리움용산,한강대로30길 25,A10026719,한강대로30길 25,원문 일치
11170,11170-291,리버힐에이동,서빙고로75가길 31,,,
11170,11170-2913,용산큐브,백범로90길 12,,,
11170,11170-2917,센트레빌아스테리움서울,한강대로 372,A14070901,한강대로 372,원문 일치
11170,11170-292,라이온즈,장문로 24,,,
11170,11170-293,벽산메가트리움,한강대로43길 8,A14001201,한강대로43길 8,원문 일치
11170,11170-294,대림아르빌,대사관로11길 21,,,
11170,11170-295,아이딜,백범로51길 23,,,
11170,11170-2960,용산더프라임,원효로90길 11,A14070302,원효로90길 11,원문 일치
11170,11170-3,후암맨션,후암로44길 8,,,
11170,11170-3008,용산KCC웰츠타워,백범로90길 90,A10027901,백범로90길 90,원문 일치
11170,11170-3048,래미안첼리투스,이촌로 310,,,
11170,11170-3092,한남해피트리,한남대로27길 60,,,
11170,11170-31,전자타운한신(A),청파로 113-11,,,
11170,11170-3107,한남아이파크애비뉴,독서당로 46,A10027071,독서당로 46,원문 일치
11170,11170-3122,래미안용산더센트럴,한강대로 95,A10026922,한강대로 95,원문 일치
11170,11170-3148,용산푸르지오써밋(420),한강대로 69,A10026759,한강대로 69,원문 일치
11170,11170-3174,용산파크뷰(46-3),원효로 251,,,
11170,11170-3183,G&P용산파크,청파로 201-17,,,
11170,11170-3188,용산케이씨씨스위첸,백범로 275,A10025898,백범로 275,원문 일치
11170,11170-32,철우,서빙고로 48,,,
11170,11170-3200,월드메르디앙,이촌로62길 14,,,
11170,11170-3209,용산롯데캐슬센터포레,백범로 313,A10025533,백범로 313,원문 일치
11170,11170-3222,르가든더메인한남,한남대로10길 16,,,
11170,11170-3232,삼각아파트C동,한강대로62길 26,,,
11170,11170-3240,나인원한남,한남대로 91,A10025192,한남대로 91,원문 일치
11170,11170-3278,파르크한남,유엔빌리지길 80-36,,,
11170,11170-3299,센트럴파크,서빙고로 17,A10024691,서빙고로 17,원문 일치
11170,11170-33,강변,이촌로 104,,,
11170,11170-3311,G&D용산드림,이촌로2가길 9,,,
11170,11170-3331,센트럴파크,한강대로62길 45-25,,,
11170,11170-3342,시온캐슬용산,원효로81길 3,,,
11170,11170-34,강서,이촌로34길 10,,,
11170,11170-3413,용산데시앙포레,효창원로93길 9,,,
11170,11170-3423,용산소미글로벌리버파크,원효로 111,,,
11170,11170-35,강촌,이촌로87길 14,,,
11170,11170-3533,아페르한강,녹사평대로11길 14,,,
11170,11170-37,노들,이촌로64길 20,,,
11170,11170-38,대림,이촌로2가길 122,A14090902,이촌로2가길 122,원문 일치
11170,11170-4,후암미주,후암로 71-1,A14019001,후암로 71-1,원문 일치
11170,11170-40,동부센트레빌,이촌로 174,A14003004,이촌로 174,원문 일치
11170,11170-41,동아그린,이촌로 100-8,A14003006,이촌로 100-8,원문 일치
11170,11170-4177,어반허브서울스테이션(UrbanHubSeoulStation),청파로73길 36-7,A10020656,청파로73길 36-7,원문 일치
11170,11170-4178,호반써밋A.DITION,한강대로 66,,,
11170,11170-4186,용산남영역롯데캐슬헤리티지,한강대로71길 47,A10020608,한강대로71길 47,원문 일치
11170,11170-43,로얄맨숀,이촌로75길 6,,,
11170,11170-44,리버뷰,이촌로 224,,,
11170,11170-46,반도,이촌로 324-10,A14003101,이촌로 324-10,원문 일치
11170,11170-47,북한강(성원),이촌로2가길 66,A14072901,이촌로2가길 66,원문 일치
11170,11170-48,빌라맨션,이촌로 156,,,
11170,11170-49,삼익,이촌로 260,,,
11170,11170-5,예빌리지,후암로22길 7,,,
11170,11170-51,이촌시범,이촌로 34,,,
11170,11170-53,왕궁,이촌로88길 15,A14003002,이촌로88길 15,원문 일치
11170,11170-54,우성,이촌로 193,A14003001,이촌로 193,원문 일치
11170,11170-55,이촌코오롱(A),이촌로87길 21,A14072702,이촌로87길 21,원문 일치
11170,11170-56,장미,이촌로64길 61,,,
11170,11170-57,점보,이촌로88길 3,,,
11170,11170-58,정우,이촌로54길 16,,,
11170,11170-59,제일,이촌로 192,,,
11170,11170-6,용암한신,신흥로2길 58,,,
11170,11170-60,시범(중산1차),이촌로2가길 36,,,
11170,11170-61,중앙하이츠(A),이촌로84길 17,,,
11170,11170-63,퀸스리버빌,이촌로46길 26,,,
11170,11170-66,한가람,이촌로65길 8,,,
11170,11170-67,한강(대우),이촌로 181,A14003105,이촌로 181,원문 일치
11170,11170-68,한강맨숀,이촌로 248,A14003008,이촌로 248,원문 일치
11170,11170-69,현대맨숀,이촌로 303,A14003103,이촌로 303,원문 일치
11170,11170-7,한신,녹사평대로 245,,,
11170,11170-70,현대한강,이촌로34길 29,A14085501,이촌로34길 29,원문 일치
11170,11170-71,이촌동삼성리버스위트,이촌로88길 30,A14003104,이촌로88길 30,원문 일치
11170,11170-72,남산대림,녹사평대로 254,A14086101,녹사평대로 254,원문 일치
11170,11170-73,남산힐레지던스,이태원로27다길 11,,,
11170,11170-75,용산동아파트,녹사평대로 250-1,,,
11170,11170-76,주공1,녹사평대로 286,,,
11170,11170-77,청화1,장문로 27,A14086001,장문로 27,원문 일치
11170,11170-8,동자,한강대로104마길 30,,,
11170,11170-82,리버탑,독서당로6길 16,,,
11170,11170-83,리버티하우스,독서당로 70,,,
11170,11170-90,성아1,독서당로 73,,,
11170,11170-93,시범,독서당로34길 22,,,
11170,11170-95,스카이빌2,이태원로27나길 50,,,
11200,11200-1,극동미라주,난계로 73,,,
11200,11200-10,왕십리삼성아파트,마장로 271,A13305006,마장로 271,원문 일치
11200,11200-100,모닝빌아파트,독서당로 155,,,
11200,11200-102,우성,성수일로11길 9,,,
11200,11200-12,삼웅아파트2동,마장로46길 18,,,
11200,11200-13,세림,마장로42길 16,A13305007,마장로42길 16,원문 일치
11200,11200-134,화이트캐슬,독서당로39길 33,,,
11200,11200-14,현대,살곶이길 50,,,
11200,11200-15,장원,마장로35길 104,,,
11200,11200-151,상기,금호산9가길 52,,,
11200,11200-152,서울숲해오름(717-0),상원6나길 16,,,
11200,11200-153,이화101동,성수이로7가길 20,,,
11200,11200-154,이화102동,성수이로7가길 18,,,
11200,11200-155,성동리버뷰,동일로43길 21-1,,,
11200,11200-156,아트리움,마장로39길 36,,,
11200,11200-16,벽산,살곶이길 176,,,
11200,11200-17,중앙하이츠,사근동길 65,,,
11200,11200-18,대림e-편한세상,행당로 79,,,
11200,11200-1831,동인샤인빌,독서당로 242,,,
11200,11200-19,두산,고산자로14길 40,A13307001,고산자로14길 40,원문 일치
11200,11200-2,금호베스트빌,난계로 114-31,,,
11200,11200-20,서울숲삼부아파트,왕십리로 280,A13307101,왕십리로 280,원문 일치
11200,11200-21,신동아,독서당로 441,A13307202,독서당로 441,원문 일치
11200,11200-22,행당한진타운,행당로 82,,,
11200,11200-24,서울숲 한신 더 휴,고산자로 164,,,
11200,11200-2562,성동상가,성덕정15길 12,,,
11200,11200-26,서울숲한성,마조로1길 55,,,
11200,11200-2674,청계대주파크빌,무학로12길 11,,,
11200,11200-2675,(1-10),마조로1길 45,,,
11200,11200-2689,금호1차푸르지오,금호산길 8,,,
11200,11200-2691,금호한신,금호산길 27,A13309301,금호산길 27,원문 일치
11200,11200-27,금호현대,독서당로 377,A13308004,독서당로 377,원문 일치
11200,11200-2703,신명스카이뷰,마장로 258,,,
11200,11200-2722,신금호두산위브,행당로 31,,,
11200,11200-2728,우성2차,성수이로16길 13,,,
11200,11200-2729,예건네스빌,한림말1길 10,,,
11200,11200-2734,성수동두산위브,뚝섬로 434,A13312101,뚝섬로 434,원문 일치
11200,11200-2751,삼성쉐르빌,무학로6길 50,A13370801,무학로6길 50,원문 일치
11200,11200-2777,드림,왕십리로31길 9-50,,,
11200,11200-2789,브라운스톤금호,매봉길 24,A13380901,매봉길 24,원문 일치
11200,11200-28,대림(2차),독서당로 431,A13385202,독서당로 431,원문 일치
11200,11200-2820,서울숲푸르지오,금호로 15,A13380803,금호로 15,원문 일치
11200,11200-2828,주암해븐,무학로10길 4,,,
11200,11200-2829,YM프라젠,자동차시장1길 14,,,
11200,11200-2876,서울숲아이파크,동일로 237,A13316001,동일로 237,원문 일치
11200,11200-2882,대명루첸,뚝섬로 436,,,
11200,11200-2883,서울숲힐스테이트,성수일로4길 26,A13378001,성수일로4길 26,원문 일치
11200,11200-2895,왕십리지웰,무학봉길 76,,,
11200,11200-2899,행당두산위브,행당로8길 8,A13377901,행당로8길 8,원문 일치
11200,11200-29,대림강변타운,고산자로 160,A13376906,고산자로 160,원문 일치
11200,11200-2902,브라운스톤2차,동호로 93,,,
11200,11200-2914,서울숲행당푸르지오,고산자로 177,A13307002,고산자로 177,원문 일치
11200,11200-2923,갤러리아포레,서울숲2길 32-14,A13379401,서울숲2길 32-14,원문 일치
11200,11200-2935,옥수어울림,독서당로40길 37,A13375906,독서당로40길 37,원문 일치
11200,11200-2938,금호자이1차,금호로 117,A13380301,금호로 117,원문 일치
11200,11200-2944,래미안하이리버,금호로 107,A13380302,금호로 107,원문 일치
11200,11200-2969,금호자이2차,금호산8길 14,A13379001,금호산8길 14,원문 일치
11200,11200-2970,서울숲2차푸르지오,금호로 17,A13378102,금호로 17,원문 일치
11200,11200-2980,래미안 옥수 리버젠,매봉길 15,A13375907,매봉길 15,원문 일치
11200,11200-2991,상리제나우스,무학봉28길 5,,,
11200,11200-3,무학현대,무학봉길 49,A13385802,무학봉길 49,원문 일치
11200,11200-30,신동아,독서당로 375,A13385303,독서당로 375,원문 일치
11200,11200-3018,덕현해밀,용답29길 29,,,
11200,11200-3024,텐즈힐(2단지),마장로 137,,,
11200,11200-3027,E-아름다운세상,광나루로6길 7-1,,,
11200,11200-3031,서울숲더샵,왕십리로 241,A13307003,왕십리로 241,원문 일치
11200,11200-3038,블루빌,왕십리로31길 15,,,
11200,11200-3052,삼성홈타운,마조로15길 23,,,
11200,11200-3074,텐즈힐(1단지),무학로 33,,,
11200,11200-3085,왕십리KCC스위첸,무학봉길 35,A10027432,무학봉길 35,원문 일치
11200,11200-3086,신금호파크자이,금호로 173,A10027602,금호로 173,원문 일치
11200,11200-3092,양지쉐르빌아파트,동일로 291,,,
11200,11200-31,금호삼성래미안,독서당로 343,A13309102,독서당로 343,원문 일치
11200,11200-3114,옥수파크힐스101동~116동,매봉길 50,A10026748,매봉길 50,원문 일치
11200,11200-3120,센트라스,왕십리로 410,A10027289,왕십리로 410,원문 일치
11200,11200-3141,트리마제,왕십리로 16,A10026988,왕십리로 16,원문 일치
11200,11200-3143,옥수파크힐스117동~125동,매봉길 50,A10026748,매봉길 50,원문 일치
11200,11200-3144,왕십리자이,난계로 100,A10026900,난계로 100,원문 일치
11200,11200-3155,우성에비뉴,고산자로26길 11,,,
11200,11200-3158,힐스테이트서울숲리버,독서당로 344,A10026470,독서당로 344,원문 일치
11200,11200-3161,이편한세상금호파크힐스,금호로 140,A10026418,금호로 140,원문 일치
11200,11200-3162,한양마이라움,살곶이길 146,,,
11200,11200-3173,서울숲리버뷰자이,고산자로2길 65,A10026207,고산자로2길 65,원문 일치
11200,11200-3189,센트럴큐브,난계로24길 19,,,
11200,11200-32,벽산,금호로 100,A13380104,금호로 100,원문 일치
11200,11200-3210,왕십리지음재,무학봉28길 3-1,,,
11200,11200-3215,아크로서울포레스트,왕십리로 83-21,A10024503,왕십리로 83-21,원문 일치
11200,11200-3237,히페리온리버팰리스,송정길 32,,,
11200,11200-3253,서울숲르씨엘,독서당로46길 34,,,
11200,11200-33,푸른마을(8차),행당로 31-35,,,
11200,11200-34,두산,동호로 100,A13380703,동호로 100,원문 일치
11200,11200-35,대우,독서당로 272,,,
11200,11200-36,삼산금호,금호로3길 10,,,
11200,11200-3615,서울숲아이파크리버포레1차,왕십리로 137,A10020907,왕십리로 137,원문 일치
11200,11200-37,롯데,동호로 84,A13309402,동호로 84,원문 일치
11200,11200-38,극동,독서당로 191,A13310004,독서당로 191,원문 일치
11200,11200-39,극동그린,독서당로 175,A13384403,독서당로 175,원문 일치
11200,11200-4,벽산,무학로 50,,,
11200,11200-40,극동옥정,한림말길 24,,,
11200,11200-41,벽산빌라트,한림말길 56,,,
11200,11200-4186,한영스테이,마장로42길 6,,,
11200,11200-4187,라봄성동,마조로 66,A10020365,마조로 66,원문 일치
11200,11200-4191,청계SKVIEW,천호대로 244,A10020466,천호대로 244,원문 일치
11200,11200-4192,라체르보푸르지오써밋,고산자로2길 71,A10020503,고산자로2길 71,원문 일치
11200,11200-42,옥수삼성,독서당로 218,,,
11200,11200-4201,서울숲아이파크리버포레2차,왕십리로 135,A10020345,왕십리로 135,원문 일치
11200,11200-43,옥수,한림말3길 24,,,
11200,11200-44,옥수하이츠,한림말길 50,,,
11200,11200-45,한남하이츠,독서당로 156,A13375901,독서당로 156,원문 일치
11200,11200-47,현대,독서당로40길 25,A13376702,독서당로40길 25,원문 일치
11200,11200-48,옥수이테크빌,독서당로40길 27,,,
11200,11200-49,강변건영아파트,왕십리로 36,A13392307,왕십리로 36,원문 일치
11200,11200-5,한신무학,왕십리로31나길 22,A13385705,왕십리로31나길 22,원문 일치
11200,11200-50,서울숲대림,뚝섬로1길 4,,,
11200,11200-51,대우2,상원6길 16,A13372101,상원6길 16,원문 일치
11200,11200-52,동아,왕십리로 80,,,
11200,11200-53,동아그린,상원길 76,A13384304,상원길 76,원문 일치
11200,11200-54,뚝섬현대,상원길 42,,,
11200,11200-55,강변동양,둘레길 21,,,
11200,11200-56,쌍용,상원길 63,A13372102,상원길 63,원문 일치
11200,11200-57,우방,상원길 75,,,
11200,11200-58,신장미,왕십리로 66-15,,,
11200,11200-59,서울숲한양현대,상원1길 17,A13384301,상원1길 17,원문 일치
11200,11200-6,한진해모로,왕십리로31길 20,A13302201,왕십리로31길 20,원문 일치
11200,11200-60,한진타운,뚝섬로 310,,,
11200,11200-61,서울숲성수현대,서울숲길 25,A13382502,서울숲길 25,원문 일치
11200,11200-62,현대그린,뚝섬로3길 6,A13381902,뚝섬로3길 6,원문 일치
11200,11200-64,강변금호타운,둘레19길 6,,,
11200,11200-65,강변임광,둘레19길 5,,,
11200,11200-66,강변청구3,성수이로2길 4,,,
11200,11200-67,강변현대,둘레11길 1,,,
11200,11200-68,금호타운2차아파트,연무장길 31,A10022325,연무장길 31,원문 일치
11200,11200-69,성수1차대우아파트,동일로 143,A10021638,동일로 143,원문 일치
11200,11200-7,상왕아파트,왕십리로31나길 33,,,
11200,11200-70,신성미소지움,뚝섬로13길 11,,,
11200,11200-71,성수우방2차아파트,성수일로10길 3,A13383301,성수일로10길 3,원문 일치
11200,11200-72,청구강변1,둘레15길 7,A13383003,둘레15길 7,원문 일치
11200,11200-73,한신한강,성수이로 3,A13382802,성수이로 3,원문 일치
11200,11200-74,건영,동일로 263,A13383702,동일로 263,원문 일치
11200,11200-75,금호베스트빌,광나루로 249,,,
11200,11200-76,중앙하이츠,용답중앙27길 10,,,
11200,11200-77,대림(1차),독서당로62길 43,A13308005,독서당로62길 43,원문 일치
11200,11200-79,중앙하이츠빌,상원길 47,A13384303,상원길 47,원문 일치
11200,11200-8,홍익한신,마장로 219,,,
11200,11200-80,현대I-PARK,성수이로 137,A13312303,성수이로 137,원문 일치
11200,11200-81,롯데캐슬파크,성수일로8길 47,A13312302,성수일로8길 47,원문 일치
11200,11200-82,서울숲리버그린동아아파트,고산자로4길 34,A13385301,고산자로4길 34,원문 일치
11200,11200-83,신금호,행당로 31-43,,,
11200,11200-85,금호,뚝섬로5길 17,A13311101,뚝섬로5길 17,원문 일치
11200,11200-86,행당브라운스톤,행당로 99,A13307201,행당로 99,원문 일치
11200,11200-87,서울숲금강아미움,아차산로9길 34,,,
11200,11200-88,뉴타운,왕십리로 391-1,,,
11200,11200-89,마장동해맑은아파트,마조로15가길 11,,,
11200,11200-9,마장동중앙하이츠,마장로 262,A13381601,마장로 262,원문 일치
11200,11200-90,왕십리금호어울림,마조로 57,A13381604,마조로 57,원문 일치
11200,11200-91,신성미소지움,마장로39길 43,A13305003,마장로39길 43,원문 일치
11200,11200-92,대성유니드,마장로37길 7,A13305002,마장로37길 7,원문 일치
11200,11200-93,태성,마장로46길 6,,,
11200,11200-95,풍림아이원,뚝섬로 51,A13375903,뚝섬로 51,원문 일치
11200,11200-96,옥수힐,독서당로 184,,,
11200,11200-97,삼익,둘레19길 12,,,
11200,11200-98,왕십리풍림아이원,난계로 84,A13302206,난계로 84,원문 일치
11200,11200-99,레미테지,독서당로 154,,,
11215,11215-1,광나루현대,아차산로76길 31,A14381407,아차산로76길 31,원문 일치
11215,11215-100,중곡2단지,긴고랑로1길 55,,,
11215,11215-101,삼성광장1,아차산로70길 17-21,,,
11215,11215-103,강변아파트,광나루로54길 23,,,
11215,11215-104,명성,광나루로36길 52,,,
11215,11215-105,퓨전빌,아차산로 437,,,
11215,11215-106,아크로리버,구의강변로 64,A14320002,구의강변로 64,원문 일치
11215,11215-108,대보아파트(798-3),아차산로40길 16-9,,,
11215,11215-109,한강이레,자양강변길 301,,,
11215,11215-11,워커힐,아차산로 637,A14380211,아차산로 637,원문 일치
11215,11215-110,그린,뚝섬로56길 35,,,
11215,11215-111,우방리버파크,능동로4길 78,A14319302,능동로4길 78,원문 일치
11215,11215-112,현대8(803동),아차산로 508,,,
11215,11215-113,선화아파트,자양로48길 16,,,
11215,11215-114,우신,광나루로46길 52,,,
11215,11215-116,삼보드림,영화사로7길 4,,,
11215,11215-118,우남위시빌,아차산로58길 55,,,
11215,11215-119,삼보글로벌101동,긴고랑로14길 63,,,
11215,11215-120,성원쌍떼빌,천호대로129길 56,,,
11215,11215-122,그린트리,천호대로117길 25,,,
11215,11215-123,삼성로얄,자양로53길 36,,,
11215,11215-124,예다움,자양로53길 33,,,
11215,11215-125,대광그린,천호대로119길 16,,,
11215,11215-126,두리,용마산로5길 66,,,
11215,11215-129,대영(1동),자양로 159,,,
11215,11215-130,현대홈타운12차,천호대로 808,A14375303,천호대로 808,원문 일치
11215,11215-131,한강로얄,뚝섬로36길 38,,,
11215,11215-132,진넥스빌,자양강변길 251,,,
11215,11215-134,스카이빌1차,자양로21길 16-26,,,
11215,11215-135,노블스카이,자양로21길 25,,,
11215,11215-136,스카이빌2차,자양로21길 17,,,
11215,11215-139,신덕하이빌,구의로 52,,,
11215,11215-14,청구,아차산로 503-23,A14381513,아차산로 503-23,원문 일치
11215,11215-140,욱현(208-1),아차산로65길 57,,,
11215,11215-141,강변현대하이엘,강변역로4길 34,,,
11215,11215-142,홍익봄마을(102동),동일로34길 27-1,,,
11215,11215-143,그린,천호대로110길 78,,,
11215,11215-144,상록타워아파트,아차산로 540,A10026162,아차산로 540,원문 일치
11215,11215-146,대영(62-68),긴고랑로 125,,,
11215,11215-147,에이탑,능동로 437,,,
11215,11215-157,삼성로얄아파트,영화사로 87,,,
11215,11215-16,현대3,아차산로70길 62,A14381415,아차산로70길 62,원문 일치
11215,11215-17,현대5,아차산로70길 61,A14381512,아차산로70길 61,원문 일치
11215,11215-174,대영1동,용마산로1길 78,,,
11215,11215-176,삼성로얄,자양로28길 89,,,
11215,11215-177,도성,자양로32길 16,,,
11215,11215-178,대성빌라트(552-6),영화사로15길 27,,,
11215,11215-179,청목파크빌,영화사로 85,,,
11215,11215-18,"현대8(801동,802동)",아차산로 522,A14381510,아차산로 522,원문 일치
11215,11215-180,광남캐스빌,자양로 207-1,,,
11215,11215-182,유림,자양로21길 40,,,
11215,11215-183,구의현대하이엘,자양로 113,,,
11215,11215-184,자양강변I-Park,뚝섬로36길 75,,,
11215,11215-19,현대리버빌,아차산로78가길 17,,,
11215,11215-2,광장현대9단지,아차산로69길 19,A14381508,아차산로69길 19,원문 일치
11215,11215-20,워커힐현대빌,아차산로78길 63,,,
11215,11215-21,현대파크빌,아차산로 549,A14381516,아차산로 549,원문 일치
11215,11215-22,흥화빌라트,구천면로 29,,,
11215,11215-23,광장동현대Ⅰ빌라트,광장로7길 31,,,
11215,11215-2388,세림리오빌,아차산로 451,,,
11215,11215-2389,태천해오름주상복합,아차산로46가길 23,,,
11215,11215-2392,자양힐101동,자양로21길 16-14,,,
11215,11215-2399,그레이스홈타운(101동),구의로16길 58,,,
11215,11215-24,구의강변우성아파트,구의강변로 42,A14320302,구의강변로 42,원문 일치
11215,11215-2400,그레이스홈타운(102동),구의로16길 58-1,,,
11215,11215-2401,광진하나플러스,뚝섬로46길 74,,,
11215,11215-2411,워커힐 팰리스,아차산로78길 18,,,
11215,11215-2413,와이엠프라젠스파,자양로5길 33,,,
11215,11215-2419,데쟈뷰아파트,자양로44가길 4,,,
11215,11215-2426,구의동현진에버빌,광나루로46길 21,,,
11215,11215-2428,동북아스위트힐아파트,아차산로78길 53,,,
11215,11215-2429,이튼타워리버2차,능동로 50,,,
11215,11215-2430,이튼타워리버1차,능동로 68,,,
11215,11215-2435,진흥아르미,동일로 354,,,
11215,11215-2438,한화꿈에그린,뚝섬로24길 74,,,
11215,11215-2457,광진트라팰리스,뚝섬로34길 67,A14319305,뚝섬로34길 67,원문 일치
11215,11215-2464,현대13차폴라트리움,구의강변로 102,,,
11215,11215-2467,구의현대홈시티,자양로 109,,,
11215,11215-2471,브라운스톤,광나루로 346,,,
11215,11215-2478,더샵스타시티,아차산로 262,A14319012,아차산로 262,원문 일치
11215,11215-2484,이튼타워리버3차,능동로 18,A14319306,능동로 18,원문 일치
11215,11215-2487,웰빙,능동로48길 49,,,
11215,11215-25,구의현대2단지,광나루로56길 32,A14383205,광나루로56길 32,원문 일치
11215,11215-2500,아차산인앤인W클래스101동,천호대로137길 16-8,,,
11215,11215-2502,아차산인앤인W클래스102동,천호대로137길 16-10,,,
11215,11215-2530,삼성홈타운,자양로21길 42-6,,,
11215,11215-2535,신동아파밀리에,아차산로 599,A14380605,아차산로 599,원문 일치
11215,11215-2567,삼보글로벌102동,긴고랑로14길 69,,,
11215,11215-2575,광진동양파라곤2단지,광나루로 361,,,
11215,11215-2576,광진동양파라곤1단지,광나루로 361,,,
11215,11215-2579,동북아스위트힐(리버리치빌),아차산로78길 43,,,
11215,11215-2582,파르네빌,구의강변로3길 16,,,
11215,11215-26,구의현대6단지,구의강변로 94,A14383203,구의강변로 94,원문 일치
11215,11215-2649,광진하우스토리한강,구의강변로1길 44,,,
11215,11215-2656,광진We’vePark,광나루로 369,,,
11215,11215-2694,광장자이,광나루로 595,A10024751,광나루로 595,원문 일치
11215,11215-27,구의현대7단지현대홈타운,구의강변로3가길 39,A14320001,구의강변로3가길 39,원문 일치
11215,11215-2776,광진해모로리버뷰,강변역로4길 56,,,
11215,11215-2781,아차산한라아파트,영화사로16길 43,,,
11215,11215-2782,주성AURA,용마산로1길 48,,,
11215,11215-2790,이튼타워리버5차,능동로4길 40,A14377402,능동로4길 40,원문 일치
11215,11215-28,성동강변파크빌101(강변타워),구의강변로5길 7,,,
11215,11215-29,삼성쉐르빌,구의강변로 106,A14382101,구의강변로 106,원문 일치
11215,11215-2912,아차산포레안,천호대로 716,,,
11215,11215-2919,유진스웰,아차산로78길 7,,,
11215,11215-3,극동1,아차산로 552,,,
11215,11215-30,새한,자양로26길 71,,,
11215,11215-3019,동우아파트,자양로 304,,,
11215,11215-3062,광장힐스테이트,아차산로 537-17,A14375301,아차산로 537-17,원문 일치
11215,11215-3091,대원캐슬빌,자양로13가길 2,,,
11215,11215-31,세양,구의강변로 84,A10024667,구의강변로 84,원문 일치
11215,11215-3170,욱현하이브Ⅲ,용마산로1길 7,,,
11215,11215-33,현대프라임,광나루로56길 29,A14320304,광나루로56길 29,원문 일치
11215,11215-3323,워커힐푸르지오,아차산로78길 10,,,
11215,11215-3392,주성힐스톤,광나루로44길 20,,,
11215,11215-34,해성아파트,자양로46길 9,,,
11215,11215-3408,AZ0213,자양로22길 16,,,
11215,11215-3445,에피소드1,동일로 190,,,
11215,11215-3509,광진코지웰,능동로19길 35,,,
11215,11215-3558,솔렌시아,자양로 154,,,
11215,11215-3573,한영해시안,동일로18길 10,,,
11215,11215-36,은진아파트5차,천호대로137길 19,,,
11215,11215-3742,파크타운,천호대로 671,,,
11215,11215-3793,솔렌시아2,자양로 172,,,
11215,11215-38,광남캐스빌(198-4),광나루로54길 13,,,
11215,11215-39,나크빌라트,아차산로58가길 11,,,
11215,11215-4,극동2,아차산로 552,,,
11215,11215-40,서원힐탑,군자로 100-2,,,
11215,11215-41,일성파크,군자로12길 46,A14383901,군자로12길 46,원문 일치
11215,11215-4121,한강현대아파트,아차산로70길 30,,,
11215,11215-4277,강변에스케이뷰,아차산로 431,A10026874,아차산로 431,원문 일치
11215,11215-43,호동,동일로40길 34,,,
11215,11215-4313,씨즈건대힐스,광나루로20길 17,,,
11215,11215-4343,래미안프리미어팰리스,아차산로 345,A10026720,아차산로 345,원문 일치
11215,11215-4346,테라팰리스중곡1,동일로64길 39,,,
11215,11215-4348,자양동명진센트라임,아차산로46가길 15,,,
11215,11215-4363,명성,자양번영로6길 33,,,
11215,11215-4380,삼성베스트빌(31차),동일로 429,,,
11215,11215-44,한강극동,능동로3길 53,A14319002,능동로3길 53,원문 일치
11215,11215-4466,래미안파크스위트,광나루로 545,A10025985,광나루로 545,원문 일치
11215,11215-4472,스타파크아파트,자양로 203,,,
11215,11215-4483,아스하임(111-102),광나루로 382,A10025404,광나루로 382,원문 일치
11215,11215-45,한강성원,능동로3길 17,,,
11215,11215-4511,테라팰리스건대2차,아차산로 311,,,
11215,11215-4578,테라팰리스건대1차,아차산로25길 60,,,
11215,11215-46,한강아남,능동로3다길 13,,,
11215,11215-4603,신원리브웰화양동주상복합,능동로 170,,,
11215,11215-4625,화양동동도센트리움캠퍼스파크,광나루로 370,,,
11215,11215-47,한강우성,능동로1길 15,A14319010,능동로1길 15,원문 일치
11215,11215-4700,옥산그린타워,구의강변로 53,,,
11215,11215-4712,한영해시안아파트,자양로 256,,,
11215,11215-4745,광진파크프라이빗,구의로16길 28-1,,,
11215,11215-48,한강현대,능동로 19,A14319005,능동로 19,원문 일치
11215,11215-4808,광진스위트엠아파트,광나루로20길 23,,,
11215,11215-4825,구의자이르네,광나루로39길 11,,,
11215,11215-4838,엘림퍼스트중곡동,동일로 404,,,
11215,11215-4849,자양호반써밋,능동로 69,A10024132,능동로 69,원문 일치
11215,11215-4884,위너스힐(111-89),광나루로20길 34,,,
11215,11215-4893,e편한세상광진그랜드파크,광나루로 458,A10023951,광나루로 458,원문 일치
11215,11215-49,경남,뚝섬로52길 71,A14386802,뚝섬로52길 71,원문 일치
11215,11215-4906,현대팰리스,자양로30길 65,,,
11215,11215-4910,더메종건대,동일로 174,,,
11215,11215-4954,스타파크,천호대로 700,,,
11215,11215-5035,광진파크하우스,자양로 227,,,
11215,11215-51,대동,뚝섬로31길 20,A14319008,뚝섬로31길 20,원문 일치
11215,11215-5120,그랜드아파트,뚝섬로52길 7,,,
11215,11215-5125,자양하늘채베르,자양로 55,A10023336,자양로 55,원문 일치
11215,11215-5148,롯데캐슬리버파크시그니쳐,,,,
11215,11215-5172,광진청년생활,동일로30길 31,,,
11215,11215-5187,광장르엣지29,광나루로 589,,,
11215,11215-52,대원리버빌,자양번영로1길 57,,,
11215,11215-53,로얄동아,뚝섬로52마길 56,A14319009,뚝섬로52마길 56,원문 일치
11215,11215-54,신호빌라트,자양강변길 297,,,
11215,11215-55,우성1,뚝섬로 569,A14319011,뚝섬로 569,원문 일치
11215,11215-56,우성2,뚝섬로 576,A14386109,뚝섬로 576,원문 일치
11215,11215-57,우성3,뚝섬로35길 32,A14386110,뚝섬로35길 32,원문 일치
11215,11215-58,우성4,자양번영로 59,,,
11215,11215-59,우성5,뚝섬로 553,,,
11215,11215-6,금호베스트빌,광나루로 579,A14381504,광나루로 579,원문 일치
11215,11215-60,우성6,뚝섬로33길 42,,,
11215,11215-6132,이스트폴,아차산로 420,A10020506,아차산로 420,원문 일치
11215,11215-6143,백악관타워,천호대로 643,,,
11215,11215-6156,포제스한강,구천면로 25,,,
11215,11215-6170,리마크빌구의,자양로18길 22,,,
11215,11215-6181,강변스카이타워,강변역로 10,,,
11215,11215-62,경남아너스빌,자양로3길 55,A14319001,자양로3길 55,원문 일치
11215,11215-63,자양삼성,자양번영로3길 65,A14388208,자양번영로3길 65,원문 일치
11215,11215-64,자양우성7,아차산로36길 39,A14319311,아차산로36길 39,원문 일치
11215,11215-65,자양2현대,뚝섬로34길 9,A14319006,뚝섬로34길 9,원문 일치
11215,11215-66,자양동현대,뚝섬로56길 72,A14319003,뚝섬로56길 72,원문 일치
11215,11215-67,자양현대5,뚝섬로54길 74,A14319203,뚝섬로54길 74,원문 일치
11215,11215-68,자양현대6,자양번영로3길 66,A14319301,자양번영로3길 66,원문 일치
11215,11215-69,파라다이스리버빌,자양로4나길 44,,,
11215,11215-70,한라아파트,뚝섬로35길 10,,,
11215,11215-71,한솔리베르,뚝섬로56가길 28,A14376501,뚝섬로56가길 28,원문 일치
11215,11215-72,한양,구의강변로 11,A14387605,구의강변로 11,원문 일치
11215,11215-73,현대3,뚝섬로56가길 10,,,
11215,11215-74,자양7차현대홈타운,능동로4길 41,A14388204,능동로4길 41,원문 일치
11215,11215-75,자양8차현대홈타운,뚝섬로36길 19,A14319007,뚝섬로36길 19,원문 일치
11215,11215-76,현대강변,자양로3가길 43,A14319201,자양로3가길 43,원문 일치
11215,11215-77,현대빌라트(643-23),뚝섬로52마길 42-18,,,
11215,11215-78,금강KCC,아차산로36길 13,,,
11215,11215-79,자양9차현대홈타운,뚝섬로34길 32,,,
11215,11215-8,삼성광장2,아차산로 544,A14381506,아차산로 544,원문 일치
11215,11215-80,대종리버빌,능동로4길 51,,,
11215,11215-81,자양10차현대홈타운,뚝섬로34길 25-19,A14319303,뚝섬로34길 25-19,원문 일치
11215,11215-84,삼민,긴고랑로15길 32,,,
11215,11215-85,성원,동일로 459,,,
11215,11215-86,신성그랜드타워,면목로 127,,,
11215,11215-87,에스케이,용마산로 174,A14322001,용마산로 174,원문 일치
11215,11215-88,중곡1단지,동일로72길 17,,,
11215,11215-89,대영(68-6),긴고랑로 149,,,
11215,11215-90,욱현,용마산로2길 45,,,
11215,11215-91,삼성로얄3,영화사로 58,,,
11215,11215-92,랜드,자양로53길 34,,,
11215,11215-94,대영2동,용마산로1길 84,,,
11215,11215-95,중곡동광덕,동일로76가길 17,,,
11215,11215-96,호동,긴고랑로4길 53,,,
11215,11215-97,광남캐스빌3차,천호대로107길 26,,,
11215,11215-98,화양타워,능동로19길 47,,,
11215,11215-99,화양현대,동일로24길 5,A14313001,동일로24길 5,원문 일치
11230,11230-1,두산베어스타워,왕산로 81,,,
11230,11230-10,전농SK,사가정로 148,A13084804,사가정로 148,원문 일치
11230,11230-100,신부파스카(319-2),장한로36길 15,,,
11230,11230-102,정은스카이빌101동,답십리로69길 99,,,
11230,11230-103,공감대5차(334-5),장한로26길 71,,,
11230,11230-104,네오빌,장한로22길 44-22,,,
11230,11230-105,광남캐스빌,장한로26다길 12,,,
11230,11230-106,르메이에르1차(344-1),장한로26가길 7,,,
11230,11230-107,현대리노빌102동,장한로26다길 112,,,
11230,11230-108,현대리노빌101동,장한로26다길 116-2,,,
11230,11230-109,SM이로빌3차(358-18),장한로12길 79,,,
11230,11230-111,가야써니빌(373-7),장한로21길 11-9,,,
11230,11230-115,형인허브빌101동(417-3),천호대로83길 19,,,
11230,11230-117,형인허브빌102동(417-11),천호대로81길 24,,,
11230,11230-118,한일(424-1),천호대로79길 70,,,
11230,11230-119,금호(444-9),천호대로91길 49,,,
11230,11230-12,전농우성,사가정로 191,,,
11230,11230-120,비젼아파트101동,장한로8길 80,,,
11230,11230-122,SM이로빌4차A동(455-5),천호대로97길 35,,,
11230,11230-123,청량리신주,회기로8길 37,,,
11230,11230-125,래미안이문2차,이문로12길 3-10,A13083102,이문로12길 3-10,원문 일치
11230,11230-127,현대리노빌103동,장한로26다길 106,,,
11230,11230-128,비젼(437-2),장한로10길 25-5,,,
11230,11230-129,래미안장안2차,장안벚꽃로 167,A13010005,장안벚꽃로 167,원문 일치
11230,11230-13,세화,전농로38길 30,,,
11230,11230-138,명경아트빌,정릉천동로 112-7,,,
11230,11230-16,신답경남,천호대로47길 62,A13080702,천호대로47길 62,원문 일치
11230,11230-17,신답극동,서울시립대로 5,A13080401,서울시립대로 5,원문 일치
11230,11230-18,답십리대우,답십리로41길 33,A13080201,답십리로41길 33,원문 일치
11230,11230-188,동일스카이씨티,이문로3길 16-2,,,
11230,11230-19,동답한신,답십리로 210-30,A13003405,답십리로 210-30,원문 일치
11230,11230-191,회기아파트(347-7),회기로 173-1,,,
11230,11230-1958,청재제일타운,왕산로16길 47,,,
11230,11230-1963,동성네스트빌,왕산로19다길 37,,,
11230,11230-1966,전농동신성미소지움,서울시립대로 75,A13085902,서울시립대로 75,원문 일치
11230,11230-1969,르메이에르7차(313-8),장한로28가길 115,,,
11230,11230-1970,우성2차아파트(334-6),장한로26길 67,,,
11230,11230-1971,르미에르장안타운5차,장한로26길 37,,,
11230,11230-1972,르메이에르장안타운3차,장한로26다길 13,,,
11230,11230-1973,현대홈타운2차,장한로26다길 84,A13010001,장한로26다길 84,원문 일치
11230,11230-1974,르메이에르장안타운6차,장한로26나길 13,,,
11230,11230-1975,정암(363-11),장한로26가길 106,,,
11230,11230-1976,형인허브빌아파트301동,장한로12길 63,,,
11230,11230-1977,우성3차(562),장한로12길 40,,,
11230,11230-1978,신부파스카(563),장한로12길 35,,,
11230,11230-1979,신일해피트리아파트101동,천호대로77길 79,,,
11230,11230-1980,대명이룸아파트(565-0),천호대로77길 63,,,
11230,11230-1981,형인허브빌2차(566),천호대로89길 33,,,
11230,11230-1982,신일해피트리2차(567),천호대로77가길 27,,,
11230,11230-1983,동일스카이시티2차,회기로 108-32,,,
11230,11230-1996,휘경동일하이빌,장안벚꽃로5길 10,A13009202,장안벚꽃로5길 10,원문 일치
11230,11230-2,신동아,무학로26길 30,A13007004,무학로26길 30,원문 일치
11230,11230-20,동서울한양,답십리로 184,A13003002,답십리로 184,원문 일치
11230,11230-2019,신일해피트리3차(568),장한로5길 28,,,
11230,11230-2023,(아이엔에스새터),천호대로77길 62,,,
11230,11230-2028,삼성그린,장한로32길 27,,,
11230,11230-2029,샹그레빌아파트,회기로5길 100,A13613201,회기로5길 100,원문 일치
11230,11230-2031,청원파크빌,한천로14길 8,,,
11230,11230-2034,동재(B동),한천로4길 13-5,,,
11230,11230-2036,두산위브,황물로15길 25,A13003003,황물로15길 25,원문 일치
11230,11230-2037,청계벽산메가트리움,천호대로 241,,,
11230,11230-2038,정은스카이빌201동,장한로18길 31,,,
11230,11230-2040,현대홈타운3차,장한로28가길 44,,,
11230,11230-2041,SM해그린아파트,장한로28가길 11,,,
11230,11230-2044,장한평월드메르디앙,천호대로93길 56,,,
11230,11230-2056,효자워너빌,망우로 67,,,
11230,11230-2057,(해오름),천호대로77다길 11-6,,,
11230,11230-2058,은하수드림필,천호대로89길 30,,,
11230,11230-2059,금강아미움,답십리로66길 20,,,
11230,11230-2065,청계천대성스카이렉스1,청계천로 417,,,
11230,11230-2067,동일스카이시티3차,회기로 108-18,,,
11230,11230-2070,장안평월드메르디앙2차,천호대로97길 61,,,
11230,11230-2072,동일스위트리버,한천로 300,A13009206,한천로 300,원문 일치
11230,11230-2075,흥해오크팰리스(576-0),장한로10길 28,,,
11230,11230-2076,청계천대성스카이렉스2,청계천로 471,,,
11230,11230-2077,이문2차푸르지오,한천로58길 181,,,
11230,11230-2078,장안힐스테이트,장안벚꽃로1길 7,A13010004,장안벚꽃로1길 7,원문 일치
11230,11230-2082,상록파라브,장한로12길 90,,,
11230,11230-2093,전농동하우스토리,사가정로 122,,,
11230,11230-2097,서광아침의빛,장한로12길 89,,,
11230,11230-21,동아,한천로11길 10-1,A13003406,한천로11길 10-1,원문 일치
11230,11230-2101,선일크라시아,장한로26나길 16,,,
11230,11230-2113,삼성힐,왕산로19가길 34,,,
11230,11230-2120,이문동웰츠타워,이문로 136,,,
11230,11230-2124,리치,답십리로68길 26,,,
11230,11230-2126,신이문금호어울림,신이문로 9,A13008001,신이문로 9,원문 일치
11230,11230-2128,주함해븐아파트,왕산로7길 31,,,
11230,11230-213,이수브라운스톤,왕산로23길 89,A13006003,왕산로23길 89,원문 일치
11230,11230-2131,은하수드림빌,사가정로23가길 23,,,
11230,11230-214,세양청마루,답십리로59길 7,A13003402,답십리로59길 7,원문 일치
11230,11230-2145,상록파라브2차,장한로12길 94,,,
11230,11230-215,동재(A동),한천로4길 13-3,,,
11230,11230-2156,장안동우성4차,천호대로85길 26-4,,,
11230,11230-2157,래미안엘파인아파트,한천로37길 33,A13075402,한천로37길 33,원문 일치
11230,11230-2159,롯데캐슬피렌체,정릉천동로 58,A13007002,정릉천동로 58,원문 일치
11230,11230-216,푸른마을(284-3),한천로46길 114,,,
11230,11230-2161,흥해오크팰리스(440-5),천호대로97길 74,,,
11230,11230-2164,용두두산위브,정릉천동로 16,A13007001,정릉천동로 16,원문 일치
11230,11230-2169,선경이노블,장한로22길 20-16,,,
11230,11230-217,공감대(378-3),장한로17길 13-4,,,
11230,11230-218,공감대6차(384-1),답십리로68길 31,,,
11230,11230-2182,한강훼미리주상복합아파트,한천로24길 74-8,,,
11230,11230-219,형인허브빌(450-4),장한로6길 25-4,,,
11230,11230-2197,한신휴플러스그린파크,답십리로38길 14,,,
11230,11230-2198,래미안 허브리츠,정릉천동로 36,A13070301,정릉천동로 36,원문 일치
11230,11230-22,두산,답십리로56길 21,A13003201,답십리로56길 21,원문 일치
11230,11230-220,비젼아파트103동,장한로8길 70,,,
11230,11230-2208,청계한신휴플러스,서울시립대로 14,A13003005,서울시립대로 14,원문 일치
11230,11230-221,비젼아파트102동,천호대로95길 23,,,
11230,11230-2210,상록파라브3차,장안벚꽃로 35,,,
11230,11230-2216,대성장안애캐슬,장한로22길 20-20,,,
11230,11230-2222,래미안아름숲,전농로16길 51,A13002002,전농로16길 51,원문 일치
11230,11230-2224,서안팰리스,천호대로13길 20,,,
11230,11230-223,우정B(344-6),장한로26나길 10,,,
11230,11230-2231,장안위더스빌,한천로 42,A13078701,한천로 42,원문 일치
11230,11230-2232,휘경센트레빌,외대역동로 14,A13078301,외대역동로 14,원문 일치
11230,11230-2239,회기힐스테이트,회기로26길 15,A13070101,회기로26길 15,원문 일치
11230,11230-224,우정A(344-11),장한로26나길 14,,,
11230,11230-2240,서희스타힐스,장한로20길 7,,,
11230,11230-2249,일성트루엘,천호대로83길 71-7,B13001001,천호대로83길 71-7,원문 일치
11230,11230-2250,금성아파트,사가정로23가길 31,,,
11230,11230-2256,삼현팰리체,장한로26길 79,,,
11230,11230-2274,장안뉴시티,장한로 105,,,
11230,11230-2276,홍해오크펠리스3차,장한로8길 5,,,
11230,11230-2277,대성유니드아파트,한천로58길 151,,,
11230,11230-2283,브라운스톤휘경,망우로20길 86,A13009003,망우로20길 86,원문 일치
11230,11230-2285,태솔타워,장한로26가길 86,,,
11230,11230-23,삼희,고미술로 39,,,
11230,11230-2300,태솔타운(1차),장한로26가길 15,,,
11230,11230-2311,청계지웰에스테이트,사가정로 6,,,
11230,11230-2350,베라체캠퍼스,이문로 37,A10023539,이문로 37,원문 일치
11230,11230-2368,투니온,이문로 190,,,
11230,11230-2370,센시티16,전농로 16,A10028042,전농로 16,원문 일치
11230,11230-2384,주성아우라,이문로 199,,,
11230,11230-2389,장안푸르미에,천호대로97길 9,,,
11230,11230-2390,우성5차에비뉴,천호대로85길 71,,,
11230,11230-2395,태솔에버빌,장한로28가길 91,,,
11230,11230-24,우성그린,답십리로59길 33,A13003404,답십리로59길 33,원문 일치
11230,11230-2409,형인휴아름101동,장한로26나길 42,,,
11230,11230-2413,한양아이클래스,왕산로 72,,,
11230,11230-2431,어진재,회기로 14,,,
11230,11230-2434,제이드파크(382-2),장한로21길 11-2,,,
11230,11230-2446,양우내안애애플,장한로 99,,,
11230,11230-2447,태솔타운3차,장한로26가길 10,,,
11230,11230-2448,태솔타운2차,장한로26가길 14,,,
11230,11230-25,우창프라자,천호대로 295,,,
11230,11230-2500,태솔에버빌2차,장한로23길 11-12,,,
11230,11230-2510,청계푸르지오시티,천호대로 257,A10023891,천호대로 257,원문 일치
11230,11230-2518,용두롯데캐슬리치,한빛로 73,A10028080,한빛로 73,원문 일치
11230,11230-2541,청솔아파트(A동),장한로23길 7,,,
11230,11230-2543,청솔아파트(B동),장한로23길 11-3,,,
11230,11230-2556,현대썬앤빌601,장한로 91,A10027877,장한로 91,원문 일치
11230,11230-2578,래미안크레시티,사가정로 65,A13071302,사가정로 65,원문 일치
11230,11230-2587,래미안위브,답십리로 130,A13003007,답십리로 130,원문 일치
11230,11230-2595,스타파크아파트,천호대로97길 26,,,
11230,11230-26,답십리청솔우성,전농로10길 20,A13003202,전농로10길 20,원문 일치
11230,11230-2629,어반넥서스,왕산로19라길 3,,,
11230,11230-2638,태솔아파트1차,장한로21길 11-10,,,
11230,11230-2640,양지쉐르빌아파트(415-1),천호대로77길 10,,,
11230,11230-2645,휘경제이스카이아파트,망우로 35,,,
11230,11230-2647,동대문푸르지오시티(도시형생활주택),왕산로 86,A10027274,왕산로 86,원문 일치
11230,11230-2649,가우디트윈캐슬1,한천로24길 74-7,,,
11230,11230-2650,가우디캐슬,한천로2길 62,,,
11230,11230-2658,태솔아파트2차,장한로26가길 63,,,
11230,11230-2668,가우디트윈캐슬2,한천로24길 74-9,,,
11230,11230-2678,에메랄드(351-5),장한로18길 26-10,,,
11230,11230-2682,현대썬앤빌청계,고미술로 71,A10027089,고미술로 71,원문 일치
11230,11230-2683,U-포그니,장한로28가길 114,,,
11230,11230-2691,한일노벨리아,천호대로 289,,,
11230,11230-2697,청명에버아트1차,장한로21길 19-9,,,
11230,11230-2698,청명에버아트2차,장한로21길 19-15,,,
11230,11230-27,청솔2차우성,전농로10길 80,,,
11230,11230-2723,청명에버아트3차,장한로23길 11-5,,,
11230,11230-2726,젬스톤힐즈,장한로26길 43,,,
11230,11230-2744,민족통일MJ캠퍼스경희대,이문로 3,,,
11230,11230-2758,청계와이즈노벨리아,서울시립대로 19,,,
11230,11230-2802,래미안미드카운티,답십리로 141,A10026232,답십리로 141,원문 일치
11230,11230-2822,동대문롯데캐슬노블레스,답십리로23길 30,A10026180,답십리로23길 30,원문 일치
11230,11230-2823,힐스테이트청계,천호대로55길 11,A10026104,천호대로55길 11,원문 일치
11230,11230-2825,태솔아파트3차,장한로26가길 53,,,
11230,11230-2831,U포그니2차,답십리로68길 32,,,
11230,11230-2836,다우하임,장한로26가길 11,,,
11230,11230-2842,스마트트라움,장한로26가길 90,,,
11230,11230-2844,포레스트힐시티,청계천로 443,,,
11230,11230-2868,답십리파크자이,답십리로56길 105,A10025754,답십리로56길 105,원문 일치
11230,11230-2870,청계한양아이클래스,청계천로 461,,,
11230,11230-2897,보광타워,황물로 90,A10020888,황물로 90,원문 일치
11230,11230-2899,아르떼하임,장한로 107,,,
11230,11230-29,답십리한화,고미술로 57,B13003001,고미술로 57,원문 일치
11230,11230-2908,휘경SK뷰,휘경로 60,A10025410,휘경로 60,원문 일치
11230,11230-2910,가우디캐슬,왕산로22길 16,,,
11230,11230-2914,리베르떼,왕산로 250,,,
11230,11230-2922,글로벌팰리스,천호대로 385,,,
11230,11230-2936,태솔아파트4차,답십리로 292-3,,,
11230,11230-2964,캠퍼스드림오피스텔,이문로 10,,,
11230,11230-2965,세진빌딩,이문로 89,,,
11230,11230-2969,동대문더퍼스트데시앙,장한로27가길 37,A10025227,장한로27가길 37,원문 일치
11230,11230-2970,이문스카이뷰,이문로 127,,,
11230,11230-2975,휘경해모로프레스티지,외대역동로1길 60-3,A10025015,외대역동로1길 60-3,원문 일치
11230,11230-2982,동대문베네스트,왕산로 92,,,
11230,11230-2986,프라하임장안1,천호대로83길 8,,,
11230,11230-2989,태솔아파트5차,답십리로 314,,,
11230,11230-2992,한원힐트리움아파트,천호대로 221,,,
11230,11230-2996,에스아이팰리스장안센텀,한천로2길 84,,,
11230,11230-3,경동미주,정릉천동로 80,A13006001,정릉천동로 80,원문 일치
11230,11230-30,클래식타워,천호대로 307,,,
11230,11230-3001,엘림스퀘어3,전농로 45,,,
11230,11230-3004,답십리엘림퍼스트,전농로3길 20,,,
11230,11230-3015,민족통일MJ캠퍼스경희대2차,이문로 7,,,
11230,11230-3019,건영스타밸리,경동시장로 53,,,
11230,11230-3032,브이티스타일,장한로28가길 17,,,
11230,11230-3039,이문휘경지웰에스테이트,외대역동로 63-12,A10024082,외대역동로 63-12,원문 일치
11230,11230-3050,이편한세상청계센트럴포레,무학로 91,A10024042,무학로 91,원문 일치
11230,11230-3053,장안솔렌시아6,천호대로83길 10,,,
11230,11230-3063,민족통일MJ캠퍼스외대3차,이문로 91,,,
11230,11230-3082,래미안엘리니티,한빛로 49,A10023633,한빛로 49,원문 일치
11230,11230-31,대림,답십리로60길 38,A13080801,답십리로60길 38,원문 일치
11230,11230-3112,청량리역해링턴플레이스,고산자로34길 70,A10023389,고산자로34길 70,원문 일치
11230,11230-33,정은101동(332-2),장한로28길 74,,,
11230,11230-3341,청량리역한양수자인그라시엘,고산자로32길 78,A10023188,고산자로32길 78,원문 일치
11230,11230-3346,청량리역롯데캐슬 SKY-L65,답십리로 27,A10023083,답십리로 27,원문 일치
11230,11230-3353,신설에스하임,난계로30길 71,,,
11230,11230-3366,시온,답십리로66길 85,,,
11230,11230-3376,리스트안암,고산자로 568,A10020729,고산자로 568,원문 일치
11230,11230-3381,신설동역자이르네,천호대로 26,,,
11230,11230-3384,래미안라그란데,이문로35길 12,A10020919,이문로35길 12,원문 일치
11230,11230-34,천강(332-6),답십리로 319,,,
11230,11230-35,한신아파트,사가정로 245-3,A13084701,사가정로 245-3,원문 일치
11230,11230-36,장안현대,한천로 224,A13010003,한천로 224,원문 일치
11230,11230-37,장안SM드림빌(360-2),장한로12길 25-3,,,
11230,11230-38,장안삼성쉐르빌,장한로 119,A13010002,장한로 119,원문 일치
11230,11230-39,성림(390-5),답십리로66길 37,,,
11230,11230-40,장안예원(418-4),한천로6길 76,,,
11230,11230-41,방원예뜨랑,사가정로23가길 35,,,
11230,11230-42,광남캐스빌,홍릉로12길 29,,,
11230,11230-43,미주,약령시로 154,,,
11230,11230-4320,장안동하트리움,장한로2길 44,A10020768,장한로2길 44,원문 일치
11230,11230-4328,e편한세상답십리아르테포레,전농로4나길 19,A10020731,전농로4나길 19,원문 일치
11230,11230-4340,휘경자이디센시아,외대역동로 63-27,A10020570,외대역동로 63-27,원문 일치
11230,11230-4356,LOFT129,무학로 80,,,
11230,11230-4367,퀸즈W청량리역,서울시립대로 111,,,
11230,11230-4369,그린힐스아파트,답십리로57길 9,,,
11230,11230-44,한신,제기로 131,A13086704,제기로 131,원문 일치
11230,11230-45,현대,약령시로21길 30,A13086701,약령시로21길 30,원문 일치
11230,11230-46,현대코아,홍릉로 13,,,
11230,11230-47,홍릉동부,홍릉로10길 48,A13086802,홍릉로10길 48,원문 일치
11230,11230-48,신현대,이문로1길 21,A13087201,이문로1길 21,원문 일치
11230,11230-5,한신아파트,고산자로 534,A13006101,고산자로 534,원문 일치
11230,11230-50,롯데,망우로 95,A13077703,망우로 95,원문 일치
11230,11230-51,서울가든,겸재로 24,A13087401,겸재로 24,원문 일치
11230,11230-52,휘경미소지움,망우로 105,A13077702,망우로 105,원문 일치
11230,11230-53,휘경리오포레아파트(1단지),한천로 248,,,
11230,11230-54,현대,서울시립대로29길 62,,,
11230,11230-55,휘경,한천로47길 23,,,
11230,11230-57,동양1차,망우로 135,A13009001,망우로 135,원문 일치
11230,11230-58,휘경베스트빌현대,장안벚꽃로5길 19,A13087405,장안벚꽃로5길 19,원문 일치
11230,11230-59,대우,한천로58길 139,A13082702,한천로58길 139,원문 일치
11230,11230-6,현대,정릉천동로 90,A13006002,정릉천동로 90,원문 일치
11230,11230-60,이문삼성래미안아파트,천장산로11길 22,A13076801,천장산로11길 22,원문 일치
11230,11230-61,삼익,한천로55길 9,A13082501,한천로55길 9,원문 일치
11230,11230-62,쌍용,한천로58길 47,A13082704,한천로58길 47,원문 일치
11230,11230-63,현대,한천로58길 107,A13082703,한천로58길 107,원문 일치
11230,11230-64,휘경리오포레아파트(2단지),한천로 248,,,
11230,11230-65,대림e-편한세상,한천로63길 10,A13082805,한천로63길 10,원문 일치
11230,11230-66,새한그린빌(306-10),장한로27가길 24,,,
11230,11230-67,장안트윈B동,장한로27가길 12,,,
11230,11230-69,SM이로빌(350-11),장한로18길 26-3,,,
11230,11230-7,홍파,제기로15길 3,,,
11230,11230-70,래미안장안,장한로14길 81,A13084101,장한로14길 81,원문 일치
11230,11230-73,공감대(440-12),장한로8길 91,,,
11230,11230-74,청우,왕산로19다길 25,,,
11230,11230-75,롯데낙천대,외대역동로1길 24,A13009101,외대역동로1길 24,원문 일치
11230,11230-76,중앙하이츠빌,외대역동로 101,A13082502,외대역동로 101,원문 일치
11230,11230-77,제이슨(360-7),장한로14길 18,,,
11230,11230-8,동아,서울시립대로 31,,,
11230,11230-80,동성네스트빌(1158-17),왕산로19라길 31,,,
11230,11230-81,장안현대홈타운(336),장안벚꽃로 107,A13010006,장안벚꽃로 107,원문 일치
11230,11230-83,동양2차,외대역동로 36,,,
11230,11230-84,안암골벽산,약령시로 25,A13086101,약령시로 25,원문 일치
11230,11230-87,용두아파트,고산자로32길 44,,,
11230,11230-88,신설동역대우아이빌1,왕산로 52,,,
11230,11230-89,효성트럼프,제기로2길 51,,,
11230,11230-9,전농동삼성래미안,전농로 192,,,
11230,11230-90,동성네스트빌2,왕산로19라길 36,,,
11230,11230-91,경남하이빌,사가정로23길 40,,,
11230,11230-92,청솔브레싱(A동)(400-1),천호대로77다길 11-18,,,
11230,11230-94,유엔팰리스(131-1),한천로32길 37,,,
11230,11230-95,대성하이빌(B동),한천로26길 26-11,,,
11230,11230-97,화성(311-6),장한로28가길 61,,,
11230,11230-99,신부파스카(313-7),장한로36길 7,,,
11260,11260-1,솔루테아파트,봉우재로6길 19,,,
11260,11260-100,동성3,신내로 110,A13113004,신내로 110,원문 일치
11260,11260-101,동성아파트,봉화산로 216,A13113003,봉화산로 216,원문 일치
11260,11260-102,동성5,봉화산로 233-12,,,
11260,11260-103,동성7,신내로14길 21,A13113001,신내로14길 21,원문 일치
11260,11260-105,한일써너스빌,망우로 346,A13170401,망우로 346,원문 일치
11260,11260-106,태영데시앙2(1411동),상봉중앙로8길 104,A13122104,상봉중앙로8길 104,원문 일치
11260,11260-107,태영데시앙1,상봉중앙로8길 104,A13122104,상봉중앙로8길 104,원문 일치
11260,11260-108,브라운스톤태릉,공릉로18길 59,A13185508,공릉로18길 59,원문 일치
11260,11260-109,금호어울림,공릉로2길 39,A13114103,공릉로2길 39,원문 일치
11260,11260-11,면목삼익아파트,동일로 501,A13183502,동일로 501,원문 일치
11260,11260-110,온세솔내움,용마산로84길 9-15,,,
11260,11260-112,다울101동,겸재로9길 35,,,
11260,11260-114,동원베네스트,사가정로41길 59,,,
11260,11260-115,예성그린캐슬,용마산로112가길 34,A13123001,용마산로112가길 34,원문 일치
11260,11260-116,영우,동일로96나길 16,,,
11260,11260-117,정우아파트,상봉중앙로1길 72,,,
11260,11260-118,문수해오름,봉우재로 165-1,,,
11260,11260-119,로얄,봉화산로24길 28-7,,,
11260,11260-12,면목삼호101,용마산로 259,A13184401,용마산로 259,원문 일치
11260,11260-120,한영(101),동일로144길 74,,,
11260,11260-123,한영(104),동일로144길 74,,,
11260,11260-126,세모하이츠(A),봉우재로28길 18,,,
11260,11260-128,우정아파트,봉우재로26길 36,,,
11260,11260-13,성원상떼빌,용마산로 278,A13184502,용마산로 278,원문 일치
11260,11260-131,아이쉐르빌,면목로73가길 28,,,
11260,11260-133,한강훼미리(138-62),겸재로27길 37,,,
11260,11260-136,신성미소지움,용마산로86길 9-27,A13181201,용마산로86길 9-27,원문 일치
11260,11260-137,백운아파트,상봉로 99,,,
11260,11260-138,SG타워,동일로 709,,,
11260,11260-139,e-푸른가동,중랑천로12길 17,,,
11260,11260-14,세모,봉우재로 130-1,,,
11260,11260-142,한솔e(B동),봉화산로27길 30,,,
11260,11260-143,한솔e(A동),봉화산로27길 30,,,
11260,11260-145,강오(B동),동일로 829,,,
11260,11260-146,강오(A동),동일로 825-1,,,
11260,11260-147,로얄,동일로156길 41,,,
11260,11260-148,정은스카이빌,공릉로16길 56,,,
11260,11260-149,신도브래뉴,동일로 946,,,
11260,11260-15,신성,중랑천로 43,A13184301,중랑천로 43,원문 일치
11260,11260-150,월등스카이뷰,동일로 938,,,
11260,11260-151,동구햇살,동일로169길 41,A13114201,동일로169길 41,원문 일치
11260,11260-152,망우,용마산로116길 44,,,
11260,11260-155,예성그린캐슬2차,용마산로112가길 36,,,
11260,11260-156,천보,용마산로115가길 16,,,
11260,11260-159,조호그레이스,용마산로 561,,,
11260,11260-16,신우,동일로 569-55,,,
11260,11260-160,조호그레이스2,망우로65길 16,,,
11260,11260-161,월드,용마산로117길 24,,,
11260,11260-162,월드크라운,봉화산로53길 25,,,
11260,11260-163,영풍마드레빌,용마산로129가길 41,A13186504,용마산로129가길 41,원문 일치
11260,11260-164,리치카운티,겸재로29길 27,A13183701,겸재로29길 27,원문 일치
11260,11260-165,문수해오름,공릉로4길 4,,,
11260,11260-17,용마금호타운,용마산로 348,A13181203,용마산로 348,원문 일치
11260,11260-18,용마동아,용마산로62길 43,A13183303,용마산로62길 43,원문 일치
11260,11260-19,용마한신,사가정로71길 19,A13183204,사가정로71길 19,원문 일치
11260,11260-1928,그린캐슬APT,동일로100길 81,,,
11260,11260-1930,미래한건아파트,동일로100길 87,,,
11260,11260-1931,포인트아파트에이동,동일로100길 39,,,
11260,11260-1945,면목동금호어울림아파트,용마산로 271,A13120704,용마산로 271,원문 일치
11260,11260-1946,면목동2차미소지움아파트,용마산로86길 9-14,,,
11260,11260-1965,해오름102동,봉우재로57길 47,,,
11260,11260-1966,해오름101동,망우로58길 33-6,,,
11260,11260-1967,한울네세창,망우로76길 51,,,
11260,11260-1971,건영2차,신내로7길 20,A13185607,신내로7길 20,원문 일치
11260,11260-1974,두산3,면목로37길 57,,,
11260,11260-1976,포인트아파트비동,동일로100길 41,,,
11260,11260-1993,남청파인힐(101동),겸재로48길 13,,,
11260,11260-1995,리치빌,공릉로2길 8-25,,,
11260,11260-2,동서그랜드맨션,겸재로 92,,,
11260,11260-20,용마한신2,사가정로71길 11,A13183202,사가정로71길 11,원문 일치
11260,11260-2002,건영캐스빌,상봉중앙로8길 76,A13122001,상봉중앙로8길 76,원문 일치
11260,11260-2009,태솔,중랑천로30길 50,,,
11260,11260-2010,풀내음(A동),공릉로12길 26,,,
11260,11260-2012,금호어울림(580),양원역로 18,A13123102,양원역로 18,원문 일치
11260,11260-2013,금호어울림(580-1),양원역로 18,A13123102,양원역로 18,원문 일치
11260,11260-2018,미랜드프래임빌(102동),면목로95길 22,,,
11260,11260-2019,SM해그린,공릉로2나길 32-12,,,
11260,11260-2030,아람플러스,면목로44길 28,,,
11260,11260-2035,용마산금호어울림,용마산로 290,A13120701,용마산로 290,원문 일치
11260,11260-2042,경남아너스빌,답십리로75길 73,A13120403,답십리로75길 73,원문 일치
11260,11260-2043,미영리치타운103,망우로 231-8,,,
11260,11260-2047,경남아너스빌,봉화산로56길 112,A13113006,봉화산로56길 112,원문 일치
11260,11260-2048,마젤란21,겸재로30길 42,A13120001,겸재로30길 42,원문 일치
11260,11260-2052,현대휴앤미,봉화산로27가길 23,,,
11260,11260-2055,한진해모로,양원역로6가길 19,A13176102,양원역로6가길 19,원문 일치
11260,11260-2057,현대휴앤미(102동),봉화산로27가길 19,,,
11260,11260-2061,청광플러스원,동일로136길 15,A10026046,동일로136길 15,원문 일치
11260,11260-208,매원아파트,중랑천로12길 13,,,
11260,11260-21,일신강변,중랑천로 14,,,
11260,11260-2106,동일스카이씨티(37차),면목로84길 33,,,
11260,11260-2114,미영리치타운,망우로 223-8,,,
11260,11260-2136,한일써너스빌리젠시1단지(101동),용마산로115길 127,,,
11260,11260-2137,한일써너스빌리젠시2단지,용마산로115길 109,,,
11260,11260-2154,동성네스트빌,봉우재로14길 30-8,,,
11260,11260-2183,성도아트빌,용마산로116길 43,,,
11260,11260-2191,효산센터빌,동일로151길 5,,,
11260,11260-22,진로,용마산로94길 91,,,
11260,11260-222,문수해오름,용마산로115길 72,,,
11260,11260-224,신내아트빌,용마산로125가길 42,,,
11260,11260-226,신천빌리지,신내로1길 20,,,
11260,11260-228,한국프라우드,망우로55길 32,,,
11260,11260-229,태능에셈빌,동일로129길 35,,,
11260,11260-23,풍림,망우로26길 43,,,
11260,11260-230,공감대,공릉로 32,,,
11260,11260-2307,월드메르디앙,중랑천로 316,,,
11260,11260-231,태창네스트빌,중랑역로49길 10,,,
11260,11260-2310,동일스카이시티101동,상봉중앙로8가길 5,,,
11260,11260-232,우남푸르미아,봉화산로56길 51,A13186502,봉화산로56길 51,원문 일치
11260,11260-233,한건브리앙,상봉로15길 14,,,
11260,11260-2333,동일스카이시티102동,상봉중앙로6길 45,,,
11260,11260-2336,데시앙,용마산로 669,A13178101,용마산로 669,원문 일치
11260,11260-2353,동양엔파트,망우로 203,,,
11260,11260-2356,동진노블클래스,면목로35길 9,,,
11260,11260-2359,위더스빌,동일로 942,,,
11260,11260-236,대성유니트,봉화산로56길 140,A10027297,봉화산로56길 140,원문 일치
11260,11260-2392,묵동자이(2단지),동일로 932,,,
11260,11260-2393,묵동자이(1단지),숙선옹주로 6-9,,,
11260,11260-24,면목한신,중랑천로 20,,,
11260,11260-2401,주함해븐(101동),용마산로 463,,,
11260,11260-2471,하늘빛아파트,숙선옹주로 38,,,
11260,11260-25,현대,용마산로 252,A13184208,용마산로 252,원문 일치
11260,11260-2564,중랑숲리가,망우로75길 19,A13123002,망우로75길 19,원문 일치
11260,11260-26,형진,중랑천로 8,,,
11260,11260-2620,예원캐슬,망우로58길 47,,,
11260,11260-2626,범양프레체,중랑천로14길 58,,,
11260,11260-2640,남광타운,망우로25길 15,,,
11260,11260-2665,고덕골든빌(103동),동일로 962,,,
11260,11260-2666,고덕골든빌(101동),동일로 958,,,
11260,11260-2668,EGSoulLeader,상봉로 110,,,
11260,11260-2693,동양엔파트2차,중랑천로14길 34,,,
11260,11260-2707,헤르만스테이트,중랑역로 276,,,
11260,11260-2711,묵동포레시타,동일로157길 41,,,
11260,11260-2724,현대휴온,동일로109가길 5,,,
11260,11260-2772,더하이어,망우로58길 31,,,
11260,11260-2791,신영,면목로69길 16,,,
11260,11260-2804,프레미어스엠코,망우로 353,A13122002,망우로 353,원문 일치
11260,11260-2821,신내 데시앙포레,신내역로 165,A13113007,신내역로 165,원문 일치
11260,11260-2879,포시티,면목로 487,,,
11260,11260-2893,신내우디안1단지,신내역로1길 85,A13113008,신내역로1길 85,원문 일치
11260,11260-2997,태솔에버빌,망우로26길 8,,,
11260,11260-3,동성네스트빌101,용마산로40길 27-9,,,
11260,11260-30,늘푸른동아,동일로 476,A13183504,동일로 476,원문 일치
11260,11260-3079,용마산하늘채,용마산로 210,A10028033,용마산로 210,원문 일치
11260,11260-31,대원칸타빌,용마산로 285,A13183405,용마산로 285,원문 일치
11260,11260-3199,주함해븐타워,면목로 491,,,
11260,11260-32,건영1,봉화산로48길 62,A13185603,봉화산로48길 62,원문 일치
11260,11260-3210,삼성제이드아파트,겸재로4길 18,,,
11260,11260-3260,건원베스트원,겸재로 198,,,
11260,11260-3271,상봉듀오트리스,상봉로 131,A10027670,상봉로 131,원문 일치
11260,11260-33,건영2차아파트,신내로7나길 24,,,
11260,11260-34,금강산아파트,중랑천로10길 23,,,
11260,11260-35,동부아파트,신내로7가길 31,A13186401,신내로7가길 31,원문 일치
11260,11260-36,"엘지,쌍용아파트",봉화산로 130,,,
11260,11260-37,우정아파트,상봉중앙로1다길 21,A13185602,상봉중앙로1다길 21,원문 일치
11260,11260-3753,두산5,사가정로42길 90,A13184107,사가정로42길 90,원문 일치
11260,11260-3783,이편한세상화랑대,숙선옹주로 45,A10025855,숙선옹주로 45,원문 일치
11260,11260-38,풍산쉐르빌101동,상봉중앙로10길 15,,,
11260,11260-3807,솔렌시아3(85-1),봉우재로49길 9,,,
11260,11260-3881,상봉어반뷰,면목로 489,,,
11260,11260-3890,킴스아파트,면목로 429,,,
11260,11260-39,동성네스트빌1동,신내로7다길 60-16,,,
11260,11260-3951,상봉베스트원,망우로 304,,,
11260,11260-3976,더클래스,상봉로23길 33,,,
11260,11260-4,두산6,답십리로77길 139,A13120003,답십리로77길 139,원문 일치
11260,11260-4017,리더스,면목로92길 28,,,
11260,11260-4027,한양수자인사가정파크,사가정로72길 26,A10025159,사가정로72길 26,원문 일치
11260,11260-4032,센트럴파크55,봉우재로 155,,,
11260,11260-4076,레그노시티,봉우재로33길 85,,,
11260,11260-41,풍산쉐르빌102동,상봉중앙로10길 15,,,
11260,11260-4103,라온프라이빗,동일로91길 23,A10024703,동일로91길 23,원문 일치
11260,11260-4104,사가정센트럴아이파크,동일로92길 40,A10024741,동일로92길 40,원문 일치
11260,11260-4118,세움삼익플라주,망우로74길 7,,,
11260,11260-4169,로얄팰리스주상복합아파트,망우로58길 41,,,
11260,11260-4189,쌍용더플래티넘용마산,용마산로 209,A10024443,용마산로 209,원문 일치
11260,11260-42,중화동건영아파트,동일로140길 88,,,
11260,11260-4220,신내역금강펜테리움센트럴파크,용마산로136길 160,A10024214,용마산로136길 160,원문 일치
11260,11260-4238,면목루브루,겸재로10길 44,,,
11260,11260-4240,신내역힐데스하임참좋은아파트,봉화산로 301,A10024008,봉화산로 301,원문 일치
11260,11260-4284,상봉힐스테이,봉우재로37길 17,,,
11260,11260-4287,중랑숲시티프라디움,양원역로10길 47,A10023952,양원역로10길 47,원문 일치
11260,11260-43,극동,봉화산로27길 32,A13187501,봉화산로27길 32,원문 일치
11260,11260-4354,상봉태솔아파트101동,봉우재로41길 29,,,
11260,11260-44,동구햇살아파트101동,중랑역로 72,,,
11260,11260-4437,망우역신원아침도시,용마산로125길 62-28,,,
11260,11260-4443,용마산모아엘가파크포레,용마산로84길 9-16,A10023384,용마산로84길 9-16,원문 일치
11260,11260-45,삼익아파트.상가동,중랑역로 124,,,
11260,11260-4565,아스테르아파트,망우로58길 58,,,
11260,11260-4573,포르투나,동일로 489,,,
11260,11260-46,한신아파트상가동유치원동(103~109),동일로 752,A13187702,동일로 752,원문 일치
11260,11260-47,극동늘푸른,동일로 941,A13176801,동일로 941,원문 일치
11260,11260-49,삼성,중랑역로 279,,,
11260,11260-5,두산1,사가정로41길 9,,,
11260,11260-50,세방,숙선옹주로9길 25,A13185501,숙선옹주로9길 25,원문 일치
11260,11260-51,세원,동일로157길 59,,,
11260,11260-52,신내,숙선옹주로 91,A13184609,숙선옹주로 91,원문 일치
11260,11260-53,신내대림아파트,신내로21길 16,A13184610,신내로21길 16,원문 일치
11260,11260-54,신내두산아파트,신내로21길 16,A13184610,신내로21길 16,원문 일치
11260,11260-55,신도,공릉로13길 30,A13184804,공릉로13길 30,원문 일치
11260,11260-5571,리버센SKVIEW롯데캐슬,중랑천로 200,A10020555,중랑천로 200,원문 일치
11260,11260-5573,와이센트럴시티상봉,망우로 313,,,
11260,11260-5598,세이지움태릉입구역,숙선옹주로 4,,,
11260,11260-56,신도2,공릉로13길 30,A13184804,공릉로13길 30,원문 일치
11260,11260-5600,에이트플레이스,신내로 267,,,
11260,11260-5602,상봉생활,망우로 265,,,
11260,11260-57,신안1,공릉로2라길 15,A13185507,공릉로2라길 15,원문 일치
11260,11260-58,신안2,공릉로2나길 46,A13185502,공릉로2나길 46,원문 일치
11260,11260-59,신안3,공릉로2라길 4,A13114106,공릉로2라길 4,원문 일치
11260,11260-6,두산2,면목로37길 58,A13188406,면목로37길 58,원문 일치
11260,11260-60,장미,동일로144길 3,,,
11260,11260-61,우성,동일로149길 15,,,
11260,11260-62,한국,중랑천로 332,A13185402,중랑천로 332,원문 일치
11260,11260-63,백운,동일로154길 23-14,,,
11260,11260-64,풍산쉐르빌,동일로146길 43,,,
11260,11260-65,현대아이파크,중랑천로 286,,,
11260,11260-652,공감대(390-24),답십리로81길 58,,,
11260,11260-66,가야써니빌,상봉로26길 29,,,
11260,11260-67,개나리,송림길 124,,,
11260,11260-68,경남,양원역로 37,,,
11260,11260-69,대보,양원역로 49,,,
11260,11260-7,두산4,면목로35길 63,,,
11260,11260-70,백림금호,망우로 504-10,,,
11260,11260-71,신원,망우로 504-7,A13123101,망우로 504-7,원문 일치
11260,11260-72,"염광(5,8,10,11동)",망우로81길 27,,,
11260,11260-73,용마프라자,봉우재로71길 18,,,
11260,11260-75,청광,용마산로116길 76,,,
11260,11260-79,경원,봉화산로56길 73,,,
11260,11260-8,두원,동일로 483,,,
11260,11260-80,광남,용마산로129길 22,,,
11260,11260-81,다우훼밀리,송림길 18,,,
11260,11260-82,동광오뜨빌,용마산로117길 8,,,
11260,11260-83,동성1,신내로 128,A13186708,신내로 128,원문 일치
11260,11260-84,동성타워프라자,봉화산로 221,,,
11260,11260-85,화성.두산아파트,신내로 155,A13187201,신내로 155,원문 일치
11260,11260-86,라이프미성,용마산로129나길 101,A13186905,용마산로129나길 101,원문 일치
11260,11260-87,벽산,용마산로125길 50,A13113002,용마산로125길 50,원문 일치
11260,11260-89,새한,용마산로 616,A13187406,용마산로 616,원문 일치
11260,11260-9,개인택시주택조합(미성아파트),용마산로94다길 21,,,
11260,11260-90,석탑,용마산로125길 92,A13186503,용마산로125길 92,원문 일치
11260,11260-91,성원,신내로 51,A13187004,신내로 51,원문 일치
11260,11260-92,신내6대주,신내로19길 42,A13176901,신내로19길 42,원문 일치
11260,11260-93,원당,봉화산로 220,,,
11260,11260-94,중앙하이츠,봉화산로56길 123,,,
11260,11260-95,진로아파트,신내로17길 41,A13187203,신내로17길 41,원문 일치
11260,11260-98,신내9진흥,신내로 127,,,
11260,11260-99,신내11대명,봉화산로 193,A13187302,봉화산로 193,원문 일치
11290,11290-100,샹그레빌아파트,회기로5길 100,A13613201,회기로5길 100,원문 일치
11290,11290-104,성일우리미,정릉로52길 46,,,
11290,11290-105,샤인힐,아리랑로5길 39,,,
11290,11290-106,제일,삼선교로20길 26,,,
11290,11290-11,성북좋은,성북로6가길 23,,,
11290,11290-110,중앙하이츠빌2단지,정릉로26길 8,A13684306,정릉로26길 8,원문 일치
11290,11290-111,중앙하이츠빌1단지,아리랑로19길 60,A13685104,아리랑로19길 60,원문 일치
11290,11290-112,피오레,보국문로 183,,,
11290,11290-113,아이파크종암동1차,종암로21길 127,A13671206,종암로21길 127,원문 일치
11290,11290-115,경헌그린아파트,월계로 154,,,
11290,11290-116,이수브라운스톤돈암,북악산로 844,A13606201,북악산로 844,원문 일치
11290,11290-117,정릉힐스테이트,정릉로 292,A13610103,정릉로 292,원문 일치
11290,11290-127,서라벌,정릉로48길 35,,,
11290,11290-13,고명,북악산로 865,,,
11290,11290-14,구현대,정릉로46길 17,,,
11290,11290-15,동소문현대,아리랑로5길 50-8,,,
11290,11290-16,범양,정릉로 402-16,A13606102,정릉로 402-16,원문 일치
11290,11290-17,돈암동삼성,동소문로34길 24,,,
11290,11290-178,중앙드림빌,종암로3길 46,,,
11290,11290-18,돈암동 풍림아파트 101~105동,북악산로 913,A13606101,북악산로 913,원문 일치
11290,11290-19,한신,성북로4길 52,,,
11290,11290-20,한진(609-1),성북로4길 52,,,
11290,11290-204,일신건영휴먼빌아파트,아리랑로 89,A13606003,아리랑로 89,원문 일치
11290,11290-206,트라움하임,아리랑로4길 37,,,
11290,11290-207,안암동삼성래미안,고려대로17가길 64,A13607101,고려대로17가길 64,원문 일치
11290,11290-21,돈암현대아파트,정릉로 404,A13681304,정릉로 404,원문 일치
11290,11290-210,길음뉴타운2단지푸르지오,길음로 119,A13611007,길음로 119,원문 일치
11290,11290-211,길음뉴타운3단지푸르지오,길음로13길 39,A13611102,길음로13길 39,원문 일치
11290,11290-212,길음뉴타운4단지(e편한세상),길음로 118,,,
11290,11290-213,한솔,화랑로18가길 51,,,
11290,11290-216,광남캐스빌,보문로27길 12,,,
11290,11290-22,동부센트레빌,정릉로 388,A13681303,정릉로 388,원문 일치
11290,11290-24,송산아파트,동소문로3길 101,A13603401,동소문로3길 101,원문 일치
11290,11290-25,한신플러스A,동소문로13길 47,A13603701,동소문로13길 47,원문 일치
11290,11290-26,청기와,동소문로13나길 15-11,,,
11290,11290-27,한신플러스B,동소문로13길 84,,,
11290,11290-28,한신플러스C,동소문로15길 99,,,
11290,11290-29,성종그린,삼선교로18가길 15,,,
11290,11290-30,공신,삼선교로 67-5,,,
11290,11290-31,코오롱,삼선교로23길 23,A13604401,삼선교로23길 23,원문 일치
11290,11290-32,대광,안암로9나길 14,A13607302,안암로9나길 14,원문 일치
11290,11290-33,삼익,안암로9길 30,A13607301,안암로9길 30,원문 일치
11290,11290-3356,동아쉐르빌,고려대로12길 64,,,
11290,11290-3372,정릉푸르지오,보국문로 19,A13610202,보국문로 19,원문 일치
11290,11290-3379,아이파크종암동2차,종암로9길 71,,,
11290,11290-3381,장위동동원베네스트,화랑로 271,,,
11290,11290-34,안암,안암로9가길 9-16,,,
11290,11290-3400,그린빌아파트,돌곶이로41가길 54,,,
11290,11290-3473,참누리아파트,한천로101길 18,A13614302,한천로101길 18,원문 일치
11290,11290-3475,돈암동더샵아파트,아리랑로5길 85,A13606002,아리랑로5길 85,원문 일치
11290,11290-3476,돈암동일하이빌,보문로38길 11,A13603501,보문로38길 11,원문 일치
11290,11290-3478,대원아파트,보국문로38길 34,,,
11290,11290-3485,삼선현대힐스테이트,낙산길 243-15,A13672102,낙산길 243-15,원문 일치
11290,11290-3492,래미안월곡,오패산로 90,,,
11290,11290-3494,스타팰리스,성북로9길 11,,,
11290,11290-35,아남,보문사길 112,A13608601,보문사길 112,원문 일치
11290,11290-3509,정릉한일유앤아이,보국문로37길 14-5,,,
11290,11290-3510,정릉e-편한세상,솔샘로24길 15,A13676703,솔샘로24길 15,원문 일치
11290,11290-3511,길음뉴타운5단지(래미안),길음로 74,,,
11290,11290-3512,길음뉴타운6단지(래미안),길음로 16,A13611005,길음로 16,원문 일치
11290,11290-3519,돈암힐스테이트,아리랑로 68,A13679902,아리랑로 68,원문 일치
11290,11290-3530,삼성아지오아파트,아리랑로7길 28-9,,,
11290,11290-3534,정릉힐스테이트1차,북악산로 831,A13610003,북악산로 831,원문 일치
11290,11290-3555,월곡갑을명가,화랑로11길 26,,,
11290,11290-3558,성북힐스테이트(101동),동소문로44길 43,A13613004,동소문로44길 43,원문 일치
11290,11290-3559,성북힐스테이트(102동),동소문로44길 17,,,
11290,11290-3572,월곡래미안루나밸리,월곡로14길 26,A13613006,월곡로14길 26,원문 일치
11290,11290-3576,삼선푸르지오,보문로29다길 31,A13672101,보문로29다길 31,원문 일치
11290,11290-3622,정릉힐스테이트3차,보국문로 116,A13610005,보국문로 116,원문 일치
11290,11290-3624,우림카이저팰리스,종암로 132,A13609001,종암로 132,원문 일치
11290,11290-3630,풍산쉐르빌(815-1),보국문로36길 26,,,
11290,11290-3647,정릉2차대주피오레,아리랑로19길 86,A13610201,아리랑로19길 86,원문 일치
11290,11290-3678,광남캐스빌,종암로 166,,,
11290,11290-3695,우정에쉐르,북악산로 742-12,A13677807,북악산로 742-12,원문 일치
11290,11290-3696,라온유,정릉로 307,A13610102,정릉로 307,원문 일치
11290,11290-37,길음뉴타운경남아너스빌,정릉로 305,A13610107,정릉로 305,원문 일치
11290,11290-3718,한양수자인,동소문로27길 37,,,
11290,11290-3719,꿈의숲대명루첸아파트,월계로36길 27,A13614001,월계로36길 27,원문 일치
11290,11290-3763,정릉2차e-편한세상,북악산로 851,A13677101,북악산로 851,원문 일치
11290,11290-3766,석관래미안,화랑로 214,A13676101,화랑로 214,원문 일치
11290,11290-3770,대성유니드(641-0),동소문로31길 6-1,,,
11290,11290-3786,래미안세레니티,종암로23길 35,,,
11290,11290-3794,꿈의숲푸르지오,오패산로16가길 40,A13613009,오패산로16가길 40,원문 일치
11290,11290-3797,코업스타클래스,화랑로 76,,,
11290,11290-38,대우,보국문로30길 15,A13676702,보국문로30길 15,원문 일치
11290,11290-3807,길음뉴타운8단지(래미안),길음로 33,,,
11290,11290-3809,코아루센타시아,동소문로20나길 47,,,
11290,11290-3815,길음뉴타운7단지(두산위브),길음로13길 22,,,
11290,11290-3824,래미안라센트,종암로24가길 80,A13671209,종암로24가길 80,원문 일치
11290,11290-3825,길음뉴타운9단지(래미안),길음로9길 50,,,
11290,11290-3826,종암2차SKVIEW,종암로24길 35,A13671213,종암로24길 35,원문 일치
11290,11290-3830,브라운스톤동선,아리랑로5길 25,A13603702,아리랑로5길 25,원문 일치
11290,11290-3831,동일스카이,보국문로30길 34,,,
11290,11290-3847,신동아파밀리에,화랑로 210-26,A13676103,화랑로 210-26,원문 일치
11290,11290-3859,길음서희스타힐스,동소문로 284,A13613012,동소문로 284,원문 일치
11290,11290-3875,동일하이빌뉴시티,종암로 167,A13613011,종암로 167,원문 일치
11290,11290-3876,보문하우스토리,고려대로2길 37,A13608401,고려대로2길 37,원문 일치
11290,11290-39,대창쉐르빌,보국문로16다길 51,,,
11290,11290-3905,삼선에스케이뷰,삼선교로16길 35,A13670801,삼선교로16길 35,원문 일치
11290,11290-3980,돈암동해피트리,아리랑로5길 92,A13679903,아리랑로5길 92,원문 일치
11290,11290-4,성북,성북로31길 40-12,,,
11290,11290-40,동우,솔샘로5길 60,,,
11290,11290-4041,삼전솔하임3차,동소문로46길 18,,,
11290,11290-4074,이편한세상보문,낙산길 255,A13677401,낙산길 255,원문 일치
11290,11290-41,"산장아파트가동,나동",보국문로 167,A13610004,보국문로 167,원문 일치
11290,11290-4173,길음역금호어울림센터힐,동소문로34길 73,A10028001,동소문로34길 73,원문 일치
11290,11290-4199,시티플레이스,동소문로 73,,,
11290,11290-4233,휴아름스튜디오,창경궁로 323,,,
11290,11290-4257,정릉꿈에그린,아리랑로19가길 21,,,
11290,11290-43,정릉성원상떼빌,정릉로21길 21,A13610301,정릉로21길 21,원문 일치
11290,11290-45,정릉스카이쌍용아파트,북악산로 828,A13676504,북악산로 828,원문 일치
11290,11290-4536,보문파크뷰자이,보문사길 111,A10027189,보문사길 111,원문 일치
11290,11290-4544,돈암코오롱하늘채,아리랑로 75,A10027227,아리랑로 75,원문 일치
11290,11290-46,쌍용2,북악산로 847,A13676501,북악산로 847,원문 일치
11290,11290-4641,꿈의숲코오롱하늘채,돌곶이로 220,A10026571,돌곶이로 220,원문 일치
11290,11290-4663,성신여대역솔하임,보문로40길 11,,,
11290,11290-47,우방,북악산로 746,A13610001,북악산로 746,원문 일치
11290,11290-4773,롯데캐슬골든힐스,서경로 60,A10025753,서경로 60,원문 일치
11290,11290-4786,래미안길음센터피스,숭인로 50,A10025638,숭인로 50,원문 일치
11290,11290-4788,래미안아트리치,돌곶이로8길 22,A10025283,돌곶이로8길 22,원문 일치
11290,11290-48,정릉우성아파트 101~105동,북악산로 813,A13677206,북악산로 813,원문 일치
11290,11290-4834,래미안포레카운티,장월로 160,A10025461,장월로 160,원문 일치
11290,11290-4854,석계역한일노벨리아시티,화랑로 299,A10025259,화랑로 299,원문 일치
11290,11290-4861,래미안장위퍼스트하이,한천로 713,A10025245,한천로 713,원문 일치
11290,11290-4953,베로니스,화랑로1길 7,,,
11290,11290-4978,꿈의숲아이파크,돌곶이로40길 46,A10024488,돌곶이로40길 46,원문 일치
11290,11290-50,정릉중앙하이츠아파트,보국문로32길 53,A13684701,보국문로32길 53,원문 일치
11290,11290-5001,DH팰리스타워,보문로 29,,,
11290,11290-5086,롯데캐슬클라시아,숭인로8길 80,A10023926,숭인로8길 80,원문 일치
11290,11290-5098,보문리슈빌하우트,보문로26길 18,A10023669,보문로26길 18,원문 일치
11290,11290-51,청구,서경로 91,,,
11290,11290-5117,갤럭시더정릉,정릉로 262,,,
11290,11290-5123,장위지웰에스테이트,한천로 660-16,A10023569,한천로 660-16,원문 일치
11290,11290-5254,길음역롯데캐슬트윈골드,길음로 11,A10022419,길음로 11,원문 일치
11290,11290-5255,스카이아파트,정릉로15길 33,,,
11290,11290-5264,해링턴플레이스안암,,,,
11290,11290-53,길음뉴타운데시앙,서경로 28,A13676605,서경로 28,원문 일치
11290,11290-54,정릉푸른마을동아,서경로 31,A13684605,서경로 31,원문 일치
11290,11290-55,길음현대,길음로13길 11,,,
11290,11290-56,길음동동부센트레빌(1278-0),숭인로2길 61,,,
11290,11290-57,삼부컨비니언,동소문로 248,A13611004,동소문로 248,원문 일치
11290,11290-58,길음뉴타운신안파크아파트,길음로 141,A13680701,길음로 141,원문 일치
11290,11290-5983,장위자이레디언트(4단지),돌곶이로30길 23,A10020716,돌곶이로30길 23,원문 일치
11290,11290-5986,장위아트포레,화랑로 202,A10020602,화랑로 202,원문 일치
11290,11290-5989,장위자이레디언트(3단지),돌곶이로30길 23,A10020716,돌곶이로30길 23,원문 일치
11290,11290-5991,이니지오2,보국문로8나길 42,,,
11290,11290-5993,종암라온프라이빗,종암로21길 47,,,
11290,11290-60,길음뉴타운1단지(래미안길음1차),길음로9길 40,A13611103,길음로9길 40,원문 일치
11290,11290-61,고려,종암로19다길 42-12,,,
11290,11290-62,극동,북악산로29길 67,A13671207,북악산로29길 67,원문 일치
11290,11290-64,종암선경,종암로5길 26,A13671203,종암로5길 26,원문 일치
11290,11290-65,종암에스케이,종암로24가길 53,,,
11290,11290-66,동신주택,오패산로 47,,,
11290,11290-67,동신,오패산로3길 17,A13613005,오패산로3길 17,원문 일치
11290,11290-68,아남,종암로36길 52,A13613001,종암로36길 52,원문 일치
11290,11290-69,수산동양빌,오패산로4길 11,,,
11290,11290-70,우남푸르미아,화랑로15길 4,A13612001,화랑로15길 4,원문 일치
11290,11290-71,동아에코빌,장월로1길 28,,,
11290,11290-72,우방아파트,화랑로 235,A10024702,화랑로 235,원문 일치
11290,11290-73,신장위아파트,장위로 31,,,
11290,11290-74,두산,화랑로48길 16,A13615003,화랑로48길 16,원문 일치
11290,11290-75,삼성,한천로68길 51,,,
11290,11290-76,중앙하이츠,한천로76길 73,A13681701,한천로76길 73,원문 일치
11290,11290-77,코오롱,한천로 509,A13615002,한천로 509,원문 일치
11290,11290-81,현대I-PARK,지봉로21길 19,A13608301,지봉로21길 19,원문 일치
11290,11290-82,정릉풍림아이원,솔샘로25길 28,A13610007,솔샘로25길 28,원문 일치
11290,11290-83,대동아파트,정릉로 185-4,,,
11290,11290-84,래미안크리시엘,종암로25길 30,A13686302,종암로25길 30,원문 일치
11290,11290-85,창방트윈(A동),오패산로1길 54,,,
11290,11290-86,창방트윈(B동),오패산로1길 50,,,
11290,11290-88,월곡두산위브,오패산로 46,,,
11290,11290-92,청기와,삼선교로22길 20,,,
11290,11290-93,태극에버빌,동소문로26마길 46,,,
11290,11290-94,동관아트빌,고려대로12길 38,,,
11290,11290-97,센트럴힐,종암로13길 16-11,,,
11290,11290-98,세영아파트,장월로9길 14,,,
11290,11290-99,선경(127),종암로24가길 50,,,
11305,11305-1,그린힐빌라트,솔매로 147-12,,,
11305,11305-113,삼성빌리지(223-14),노해로8가길 3,,,
11305,11305-13,벽산라이브파크,솔샘로 159,A14272310,솔샘로 159,원문 일치
11305,11305-134,다인플레움,삼양로163길 31,,,
11305,11305-14,미아한일유앤아이,월계로21가길 41,A14272303,월계로21가길 41,원문 일치
11305,11305-15,번동금호어울림,오현로31길 85-7,A14206002,오현로31길 85-7,원문 일치
11305,11305-156,월드,도봉로41길 42,,,
11305,11305-157,한솔솔파크,오현로 180,A14206303,오현로 180,원문 일치
11305,11305-16,기산그린,월계로37길 137,A14206305,월계로37길 137,원문 일치
11305,11305-161,효성네오인텔리안,도봉로 352,,,
11305,11305-163,청솔,한천로148길 12,,,
11305,11305-164,진명,한천로148길 26,,,
11305,11305-165,한솔힐스빌,인수봉로61길 6-12,,,
11305,11305-166,화계맨숀,덕릉로 12,,,
11305,11305-167,진안골드밸리,4.19로11길 16,,,
11305,11305-168,은진,한천로150길 37,,,
11305,11305-17,동문,오현로 128,A14206301,오현로 128,원문 일치
11305,11305-18,쌍용,한천로124나길 10,,,
11305,11305-19,삼성,도봉로98길 33,A14206001,도봉로98길 33,원문 일치
11305,11305-20,신원,월계로37길 87-9,A14206306,월계로37길 87-9,원문 일치
11305,11305-21,번동솔그린,한천로109길 83,A14206307,한천로109길 83,원문 일치
11305,11305-22,오동공원현대,오현로31길 89,A14206201,오현로31길 89,원문 일치
11305,11305-23,훼밀리힐,오현로 141,,,
11305,11305-24,주공1단지,한천로105길 23,A14206003,한천로105길 23,원문 일치
11305,11305-25,주공4단지,오현로 207,A14206202,오현로 207,원문 일치
11305,11305-26,번동한양아파트,한천로109길 69,A14286104,한천로109길 69,원문 일치
11305,11305-27,한진,월계로37길 65,A14206302,월계로37길 65,원문 일치
11305,11305-28,해모로아파트,오현로 156,A14286108,오현로 156,원문 일치
11305,11305-29,현대(148-494),오현로 140,,,
11305,11305-3,두원프라자,도봉로 157,,,
11305,11305-30,장원(101),오현로 134,,,
11305,11305-31,극동,인수봉로72길 4,A14278101,인수봉로72길 4,원문 일치
11305,11305-32,대림(수유),도봉로71가길 11,,,
11305,11305-33,수유벽산1차,삼각산로 143-1,A14207203,삼각산로 143-1,원문 일치
11305,11305-34,수유벽산2차,삼각산로 143-1,A14207203,삼각산로 143-1,원문 일치
11305,11305-35,래미안수유,한천로159길 8,,,
11305,11305-36,수유삼호,도봉로 261,,,
11305,11305-3643,경남아너스빌,노해로8길 22,,,
11305,11305-3666,성북프라자,도봉로33길 18,,,
11305,11305-3667,미아동부센트레빌,숭인로7가길 37,A14280502,숭인로7가길 37,원문 일치
11305,11305-3672,신일해피트리,오패산로60길 22,,,
11305,11305-3692,젬스톤타운,오패산로 176,,,
11305,11305-3705,꿈의숲수림채,월계로37길 43,,,
11305,11305-3717,미아1차래미안,삼양로 256,A14277601,삼양로 256,원문 일치
11305,11305-3753,경남아너스빌,삼양로74길 8,A14282301,삼양로74길 8,원문 일치
11305,11305-3770,삼성타운,삼양로112길 15,,,
11305,11305-38,수유현대,한천로 1131,,,
11305,11305-3850,포엠빌,한천로139가길 26,,,
11305,11305-3875,세영,삼양로 366,,,
11305,11305-3884,다경하이빌,한천로140길 11-13,,,
11305,11305-39,대성월드빌,도봉로81길 24-1,,,
11305,11305-4,미아신구,오패산로60길 17-7,,,
11305,11305-4064,수유역두산위브1,덕릉로41길 12,A14270301,덕릉로41길 12,원문 일치
11305,11305-4065,수유역두산위브2,덕릉로41길 15,,,
11305,11305-4093,청솔(269-25),노해로23길 105,,,
11305,11305-41,부강쉐르빌,삼양로129길 11-4,,,
11305,11305-4123,래미안트리베라1단지,삼양로19길 25,A14272309,삼양로19길 25,원문 일치
11305,11305-4129,삼성래미안트리베라2단지,삼양로27길 19,A14272308,삼양로27길 19,원문 일치
11305,11305-4156,태솔타워,도봉로71가길 30,,,
11305,11305-4158,송천센트레빌,숭인로 39,A14272313,숭인로 39,원문 일치
11305,11305-4175,FIRSTVIEW,삼양로130길 9-21,,,
11305,11305-4179,더조은홈,한천로 965,,,
11305,11305-42,썬힐하우스,삼양로116길 17,,,
11305,11305-4232,태솔타운,도봉로71가길 30-5,,,
11305,11305-4255,두산위브트레지움,삼양로27길 95,A14272314,삼양로27길 95,원문 일치
11305,11305-43,대우,삼양로149길 45,,,
11305,11305-4390,태솔캡슬,도봉로71가길 35,,,
11305,11305-44,성원상떼빌,삼양로 658,A14287102,삼양로 658,원문 일치
11305,11305-4413,형인휴아름,수유로23길 48,,,
11305,11305-45,성원그린(103동),삼양로139가길 45,,,
11305,11305-4545,이너스내안에,도봉로76가길 15,,,
11305,11305-46,삼각산아이원,삼양로19길 113,,,
11305,11305-47,경남아너스빌(1356-0),오패산로30길 30,A14272306,오패산로30길 30,원문 일치
11305,11305-4704,수유역하이씨티,도봉로71가길 16,,,
11305,11305-4711,푸르지오시티,도봉로 290,A10024034,도봉로 290,원문 일치
11305,11305-4806,북한산네이처파크,4.19로9길 17,,,
11305,11305-4887,센트로힐,한천로 936,,,
11305,11305-49,훼밀리,인수봉로61길 38-8,,,
11305,11305-5,현대성우,삼양로24길 19,A14281701,삼양로24길 19,원문 일치
11305,11305-50,신일,도봉로76가길 27,,,
11305,11305-51,동아하이빌14차,덕릉로30길 85,,,
11305,11305-5110,수유프리미어엠,덕릉로 76,,,
11305,11305-5111,경원북한산휴그린,한천로 1139-2,,,
11305,11305-5141,꿈의숲롯데캐슬,오현로 56,A10026947,오현로 56,원문 일치
11305,11305-52,스카이빌(8-87),월계로21다길 17,,,
11305,11305-5209,대원쉐르빌(47-13),도봉로81길 37,,,
11305,11305-53,궁전,삼양로131길 30,,,
11305,11305-5308,수유다우아트리체,한천로 1174,,,
11305,11305-5365,꿈의숲해링턴플레이스,오현로 45,A10025241,오현로 45,원문 일치
11305,11305-5393,예도팔라티움,노해로 34,,,
11305,11305-5432,한원힐트리움수유,노해로 104,,,
11305,11305-5438,북한산스카이뷰아파트,4.19로9길 18,,,
11305,11305-5443,JKapartment,수유로17나길 15,,,
11305,11305-5494,스카이캐슬,오패산로77길 36,,,
11305,11305-55,다우(459-63),한천로130길 24,,,
11305,11305-5532,꿈의숲한신더휴,오패산로 202,A10023829,오패산로 202,원문 일치
11305,11305-5548,칸타빌수유팰리스,한천로148길 12-13,A10023268,한천로148길 12-13,원문 일치
11305,11305-56,성덕,수유로12길 43,,,
11305,11305-5663,아츠스테이수유점,덕릉로 111,,,
11305,11305-5664,어반레프대원,수유로12길 51,,,
11305,11305-5678,수유시그니티,도봉로73길 13,,,
11305,11305-5686,미아에스하임,도봉로61길 5,,,
11305,11305-57,은석,삼양로138길 24,,,
11305,11305-5706,헤리움,덕릉로28길 54,,,
11305,11305-5707,북서울자이폴라리스(1단지),삼양로58길 29,A10022391,삼양로58길 29,원문 일치
11305,11305-5708,북서울자이폴라리스(2단지),삼양로58길 29,A10022391,삼양로58길 29,원문 일치
11305,11305-58,백두골드,노해로35길 67,,,
11305,11305-59,북한산굿모닝,삼양로171길 21,,,
11305,11305-6,에스케이북한산시티,솔샘로 174,,,
11305,11305-60,태솔,도봉로28길 22,,,
11305,11305-61,인성,솔매로43길 3,,,
11305,11305-63,번동완성주상복합아파트,오현로 137,,,
11305,11305-64,장원(503),오현로 132,,,
11305,11305-65,현대꿈에그린,월계로37길 137-8,,,
11305,11305-6569,프롬하우징,삼양로99길 10,,,
11305,11305-6578,수유아름채,덕릉로 69,,,
11305,11305-6588,한화포레나미아,솔샘로53길 21,A10020346,솔샘로53길 21,원문 일치
11305,11305-66,현대맨션(52-27),삼양로80길 63,,,
11305,11305-7,요진,도봉로76길 52,,,
11305,11305-70,두온리치벨리,삼양로 670,,,
11305,11305-71,북한산노블리스빌,삼양로139가길 80,,,
11305,11305-72,영남,한천로139길 42,,,
11305,11305-8,한일,오패산로60길 21,,,
11305,11305-9,현대(190-2),도봉로68길 26,A14272307,도봉로68길 26,원문 일치
11320,11320-1,경남,도봉로129길 45-12,A13286203,도봉로129길 45-12,원문 일치
11320,11320-10,백조,노해로38길 15,,,
11320,11320-100,주공17단지,덕릉로66길 17,A13204408,덕릉로66길 17,원문 일치
11320,11320-101,주공19단지(창동리버타운),노해로70길 54,A13290107,노해로70길 54,원문 일치
11320,11320-102,상아2차아파트,노해로63가길 7,A13204505,노해로63가길 7,원문 일치
11320,11320-104,우암쎈스뷰아파트,도봉로146길 48,,,
11320,11320-105,이에스에이아파트2,도봉로150길 43,A13272101,도봉로150길 43,원문 일치
11320,11320-106,이에스에이아파트1,마들로 657,A13285404,마들로 657,원문 일치
11320,11320-107,시그마팰리스,도봉로 601,,,
11320,11320-109,황지,도봉로110나길 97,,,
11320,11320-11,삼익세라믹,해등로 195,A13286304,해등로 195,원문 일치
11320,11320-110,금호어울림,도봉로136가길 68,A13290404,도봉로136가길 68,원문 일치
11320,11320-111,창동현대4차,노해로69가길 54,A13204402,노해로69가길 54,원문 일치
11320,11320-112,태영데시앙,도봉로110다길 51,A13204205,도봉로110다길 51,원문 일치
11320,11320-113,창동신도브래뉴1차,도봉로136나길 40,A13204002,도봉로136나길 40,원문 일치
11320,11320-114,대림e-편한세상,노해로63길 75,A13204001,노해로63길 75,원문 일치
11320,11320-115,도봉파크빌3,마들로 891,A13201202,마들로 891,원문 일치
11320,11320-116,도봉파크빌2,마들로 835,A13275303,마들로 835,원문 일치
11320,11320-117,신주아파트(A동),방학로8길 29,,,
11320,11320-118,브라운스톤방학아파트,도봉로146길 36,A13285401,도봉로146길 36,원문 일치
11320,11320-119,신일라이프(B동),노해로45길 48,,,
11320,11320-12,성원,해등로 242-11,A13286106,해등로 242-11,원문 일치
11320,11320-121,신동아,도봉로117길 70,,,
11320,11320-122,DK포시즌,덕릉로 283,,,
11320,11320-123,영창하모니A,덕릉로59자길 5,,,
11320,11320-124,동일씨티빌,도당로2길 16,,,
11320,11320-126,피스플하우스,도봉로129길 32-13,,,
11320,11320-127,성원팰리스,도봉로109길 24,,,
11320,11320-128,한솔캐스빌,도봉로117길 90,,,
11320,11320-13,신원2,해등로 190,,,
11320,11320-135,로얄,우이천로30길 43,,,
11320,11320-136,청화,우이천로38길 22,,,
11320,11320-137,한영,해등로17길 10-10,,,
11320,11320-138,동순미,해등로17길 10-5,,,
11320,11320-139,파라다이스빌,시루봉로 57,,,
11320,11320-14,에덴,도봉로137길 31,,,
11320,11320-140,대우파크힐(쌍문동이안),시루봉로 8,A13203401,시루봉로 8,원문 일치
11320,11320-143,부영팰리스,방학로6길 20-6,,,
11320,11320-144,신주아파트B,방학로8길 31,,,
11320,11320-145,이에스에이아파트3,도봉로150길 31,,,
11320,11320-146,동양크레오아파트,시루봉로 166,A13285503,시루봉로 166,원문 일치
11320,11320-147,수산트리플,우이천로20길 6,A13275001,우이천로20길 6,원문 일치
11320,11320-148,창동한승미메이드,덕릉로60길 164-13,A13204003,덕릉로60길 164-13,원문 일치
11320,11320-149,북한산아이파크5차,도봉로136길 28,A13204510,도봉로136길 28,원문 일치
11320,11320-15,신원에벤에셀,해등로 255,,,
11320,11320-150,중흥에스-클래스,도봉로180가길 32,,,
11320,11320-151,도봉산리베니움,도봉로181길 74-30,,,
11320,11320-154,래미안도봉,도봉로170길 40,A13293505,도봉로170길 40,원문 일치
11320,11320-155,신라샤르망,도봉로133길 8-6,,,
11320,11320-17,염광,우이천로30길 28,,,
11320,11320-19,청구,도당로 13,A13203202,도당로 13,원문 일치
11320,11320-2,극동아파트,노해로45길 26,A13203102,노해로45길 26,원문 일치
11320,11320-20,한양1,우이천로 304,A13203303,우이천로 304,원문 일치
11320,11320-21,한양2,해등로 231,A13286110,해등로 231,원문 일치
11320,11320-2342,북한산월드메르디앙,삼양로 566,A13203001,삼양로 566,원문 일치
11320,11320-2343,동부센트레빌아파트,방학로 120,A13272102,방학로 120,원문 일치
11320,11320-2344,금광포란재아파트,도봉로150바길 26,A10026279,도봉로150바길 26,원문 일치
11320,11320-2348,미소애,해등로 139,,,
11320,11320-2349,초안산신도브래뉴,우이천로4라길 11-14,A13204301,우이천로4라길 11-14,원문 일치
11320,11320-2351,양우내안애,도봉로180나길 20,,,
11320,11320-2397,성원하이츠(C동),도봉로133길 8-9,,,
11320,11320-2399,브라운스톤쌍문,노해로40길 71,A13295201,노해로40길 71,원문 일치
11320,11320-24,한양5,해등로25길 36,A13286105,해등로25길 36,원문 일치
11320,11320-2404,e편한세상,노해로41가길 16,A10024827,노해로41가길 16,원문 일치
11320,11320-2420,북한산한신휴플러스,도봉로136가길 73,A13204502,도봉로136가길 73,원문 일치
11320,11320-2443,태솔에버빌(712-5),방학로 55,,,
11320,11320-2473,태솔에버빌아파트,방학로 57,,,
11320,11320-25,한양6,시루봉로 58,A13286107,시루봉로 58,원문 일치
11320,11320-2572,하우니티,도봉로110나길 79,,,
11320,11320-26,한양7,해등로25길 41,A13286904,해등로25길 41,원문 일치
11320,11320-2644,동도센트리움,마들로 579-19,,,
11320,11320-2698,그린스테이트,시루봉로 2,,,
11320,11320-27,현대1,해등로 242-12,A13286109,해등로 242-12,원문 일치
11320,11320-2704,한양수자인,마들로 724,,,
11320,11320-28,현대2,시루봉로6길 53,A13286002,시루봉로6길 53,원문 일치
11320,11320-2818,새로움아파트,도봉로 588-5,,,
11320,11320-288,성원하이츠A동,도봉로133길 14,,,
11320,11320-289,삼보,우이천로38길 99,,,
11320,11320-29,현대3,우이천로38가길 32,A13287801,우이천로38가길 32,원문 일치
11320,11320-290,선덕빌라트아파트,해등로 318,,,
11320,11320-291,북한산팰리스아파트,해등로 312-20,,,
11320,11320-294,부흥아파트,시루봉로 192-6,,,
11320,11320-2945,퍼스티안,도봉로150가길 27,,,
11320,11320-297,창동그린아파트,노해로63가길 22,,,
11320,11320-2971,파크힐,덕릉로 276,,,
11320,11320-298,신창빌라트,우이천로8길 57,,,
11320,11320-2999,북한산코오롱하늘채,우이천로 367,A13203002,우이천로 367,원문 일치
11320,11320-3,쌍문금용,노해로 170,,,
11320,11320-30,영진팰리스,노해로60길 17,,,
11320,11320-3002,삼성브래뉴,덕릉로 286,,,
11320,11320-3007,월가타워,마들로11가길 6-25,,,
11320,11320-302,"은성드림존101동,102동",덕릉로59나길 35,,,
11320,11320-305,한일아파트,도봉로110길 64,,,
11320,11320-3052,새울(715-25),해등로 121,,,
11320,11320-307,금강102,도봉로110라길 46,,,
11320,11320-308,한솔,도봉로110나길 85,,,
11320,11320-31,신성,도봉로117길 8-3,,,
11320,11320-310,금성파크A동,노해로62길 61,,,
11320,11320-311,우영,도봉산길 17,,,
11320,11320-3159,스마트빌,도봉로109길 8,,,
11320,11320-32,쌍문동삼성래미안,우이천로 328,A13203302,우이천로 328,원문 일치
11320,11320-3231,그린힐스아파트,해등로17길 27,,,
11320,11320-33,신일라이프,노해로 184-9,,,
11320,11320-34,거성학마을아파트,도당로 116,A13285305,도당로 116,원문 일치
11320,11320-3414,송학휴스테이,도당로15길 36,A10024822,도당로15길 36,원문 일치
11320,11320-3496,방학지음재힐스,도봉로150다길 28,A10024463,도봉로150다길 28,원문 일치
11320,11320-35,극동아파트,시루봉로11길 25-8,,,
11320,11320-3558,도봉금강아미움파크타운,방학로5길 33,,,
11320,11320-3564,솔밭노블리안,삼양로 580-11,,,
11320,11320-3574,성진파크뷰아파트,도당로 32,,,
11320,11320-3587,쌍문리버뷰,도봉로 415,,,
11320,11320-36,대상타운현대아파트,마들로 616,A13202002,마들로 616,원문 일치
11320,11320-3610,창동역블루핀1동,마들로 550,,,
11320,11320-3611,창동역블루핀2동,마들로 548,,,
11320,11320-3673,스마트트라움,도봉로 504,,,
11320,11320-37,대원그린아파트,방학로 212-11,A13202304,방학로 212-11,원문 일치
11320,11320-3716,시티프라디움,노해로 144,,,
11320,11320-3718,쌍문동LG트윈빌2,도당로 6,,,
11320,11320-3776,북한산청호아파트,방학로 112-29,,,
11320,11320-38,벽산아파트1,방학로11길 36,A13276417,방학로11길 36,원문 일치
11320,11320-3835,빌드아르떼APT,우이천로24길 14,,,
11320,11320-39,삼익세라믹아파트,도당로 37,,,
11320,11320-4,금호2,해등로 241-14,A13203403,해등로 241-14,원문 일치
11320,11320-40,한화성원아파트,방학로11길 10,A13202306,방학로11길 10,원문 일치
11320,11320-41,성원아파트,방학로7길 16,,,
11320,11320-418,한성쉐르빌,노해로60길 29,,,
11320,11320-42,신동아아파트1,방학로 193,,,
11320,11320-43,신동아타워아파트,방학로 210,,,
11320,11320-45,우성아파트1,해등로 295,,,
11320,11320-46,우성아파트2,해등로 307,A13282510,해등로 307,원문 일치
11320,11320-47,청구아파트,시루봉로 71,,,
11320,11320-48,방학동삼성래미안2,도봉로150길 42,A13202103,도봉로150길 42,원문 일치
11320,11320-49,방학동삼성래미안1,마들로 646,A13285406,마들로 646,원문 일치
11320,11320-5,기용,도봉로127길 43-10,,,
11320,11320-50,효성하이타운아파트,방학로11길 33,,,
11320,11320-51,금용,우이천로 200,A13204201,우이천로 200,원문 일치
11320,11320-52,대동,도봉로 642-30,A13204501,도봉로 642-30,원문 일치
11320,11320-53,대우,덕릉로63가길 43,A13204204,덕릉로63가길 43,원문 일치
11320,11320-54,대우그린,덕릉로 371,A13272201,덕릉로 371,원문 일치
11320,11320-55,동아,노해로70길 12,A13290003,노해로70길 12,원문 일치
11320,11320-56,동아그린,노해로63다길 34,A13204506,노해로63다길 34,원문 일치
11320,11320-57,동아청솔,노해로69길 103,A13204409,노해로69길 103,원문 일치
11320,11320-58,삼성래미안,노해로66길 21,A13204103,노해로66길 21,원문 일치
11320,11320-59,상아1차아파트,해등로 118,A13204507,해등로 118,원문 일치
11320,11320-6,대우파크빌,시루봉로2길 80,,,
11320,11320-60,서울가든,해등로 32,A10026109,해등로 32,원문 일치
11320,11320-62,신창,덕릉로62길 13,A13204302,덕릉로62길 13,원문 일치
11320,11320-63,쌍용,마들로 551,A13204406,마들로 551,원문 일치
11320,11320-64,창동주공18단지,노해로70길 119,,,
11320,11320-65,중흥에스클래스,노해로62길 77,,,
11320,11320-66,창동2차현대,도봉로136길 111,A13204404,도봉로136길 111,원문 일치
11320,11320-67,창동3차현대,도봉로136길 111,A13204404,도봉로136길 111,원문 일치
11320,11320-68,성원상떼빌,마들로16길 56,A13292701,마들로16길 56,원문 일치
11320,11320-69,한신APT,덕릉로60바길 21,,,
11320,11320-7,대웅,도당로 18,,,
11320,11320-70,현대조합,해등로16길 12,A13204503,해등로16길 12,원문 일치
11320,11320-71,창동현대타운,도봉로114길 22-8,A13292501,도봉로114길 22-8,원문 일치
11320,11320-72,세인트라디움,덕릉로 285,,,
11320,11320-73,창동한신휴플러스(621-69),도봉로110다길 5,A13292002,도봉로110다길 5,원문 일치
11320,11320-74,LIG건영캐스빌,우이천로20길 7,A13204203,우이천로20길 7,원문 일치
11320,11320-75,원산아파트33차,도봉로110나길 71,,,
11320,11320-76,금성파크B동,노해로62길 65,,,
11320,11320-77,극동,도봉로180길 77,A13201203,도봉로180길 77,원문 일치
11320,11320-79,럭키,도봉로169길 31,A13281802,도봉로169길 31,원문 일치
11320,11320-8,동익미라벨,우이천로32길 67,,,
11320,11320-80,삼환도봉,도봉로180길 6-83,,,
11320,11320-81,서광,마들로 770,A13201001,마들로 770,원문 일치
11320,11320-82,서울가든,도봉산길 35,A13281201,도봉산길 35,원문 일치
11320,11320-827,성원하이츠(B동),도봉로133길 8-5,,,
11320,11320-83,서원,마들로 684-19,,,
11320,11320-84,신도봉,도봉로171길 30-5,,,
11320,11320-85,유원도봉,도봉로180길 50,A13280104,도봉로180길 50,원문 일치
11320,11320-86,한신,마들로 859-19,A13201209,마들로 859-19,원문 일치
11320,11320-87,현대성우,마들로 735-8,A13201201,마들로 735-8,원문 일치
11320,11320-88,동아에코빌,도봉로180길 6-23,A13201206,도봉로180길 6-23,원문 일치
11320,11320-89,삼안리치,도봉로187길 17,,,
11320,11320-9,미라보,시루봉로2길 62,,,
11320,11320-90,금호1,해등로26길 20,,,
11320,11320-91,신동아아파트2,방학로15길 40,A13283611,방학로15길 40,원문 일치
11320,11320-92,신동아아파트3,방학로15길 26-7,A13276414,방학로15길 26-7,원문 일치
11320,11320-93,신동아아파트4,방학로 200,A13285507,방학로 200,원문 일치
11320,11320-94,신동아아파트5,방학로12길 53,,,
11320,11320-95,벽산아파트2,시루봉로5길 48,A13283405,시루봉로5길 48,원문 일치
11320,11320-96,창동주공1단지,해등로 113,A13290809,해등로 113,원문 일치
11320,11320-97,창동주공2단지,해등로12길 44,A13204508,해등로12길 44,원문 일치
11320,11320-98,창동주공3단지(해등마을),해등로 50,A13204105,해등로 50,원문 일치
11320,11320-99,창동주공4단지,덕릉로 349,A13204104,덕릉로 349,원문 일치
11350,11350-1,극동늘푸른,동일로246길 39,A13920106,동일로246길 39,원문 일치
11350,11350-10,벽산,한글비석로 396,A13920506,한글비석로 396,원문 일치
11350,11350-100,성원1,덕릉로71길 5,A13986606,덕릉로71길 5,원문 일치
11350,11350-101,성원2,덕릉로89길 8,A13986701,덕릉로89길 8,원문 일치
11350,11350-102,중계무지개,동일로208길 20,A13986504,동일로208길 20,원문 일치
11350,11350-103,신동아(366),중계로 184,A13986111,중계로 184,원문 일치
11350,11350-104,신안,덕릉로 595,A13922102,덕릉로 595,원문 일치
11350,11350-105,동진신안,중계로 195,A13922907,중계로 195,원문 일치
11350,11350-106,신일,한글비석로 366,,,
11350,11350-107,양지마을(대림)1,덕릉로71길 30,A13922108,덕릉로71길 30,원문 일치
11350,11350-108,양지마을(대림)2,덕릉로73길 28,A13922110,덕릉로73길 28,원문 일치
11350,11350-109,염광,덕릉로79길 23,A13985907,덕릉로79길 23,원문 일치
11350,11350-11,보람2단지,한글비석로 480,A13982604,한글비석로 480,원문 일치
11350,11350-110,롯데우성,노원로22길 34,A13986009,노원로22길 34,원문 일치
11350,11350-111,주공10,노원로22길 53,A13986004,노원로22길 53,원문 일치
11350,11350-112,주공2,한글비석로14길 8,A13985909,한글비석로14길 8,원문 일치
11350,11350-113,주공4,덕릉로76길 29,A13922406,덕릉로76길 29,원문 일치
11350,11350-114,주공5,중계로 230,A13922114,중계로 230,원문 일치
11350,11350-115,주공6,한글비석로8길 41,A13922909,한글비석로8길 41,원문 일치
11350,11350-116,주공7,한글비석로8길 42,A13922910,한글비석로8길 42,원문 일치
11350,11350-117,주공8,한글비석로5길 62,A13922111,한글비석로5길 62,원문 일치
11350,11350-118,중계3벽산,덕릉로77길 5,A13922103,덕릉로77길 5,원문 일치
11350,11350-119,중계3우성,덕릉로 613,A13986201,덕릉로 613,원문 일치
11350,11350-120,중계그린1단지,섬밭로 285,,,
11350,11350-121,중계현대2,한글비석로15길 51,A13985904,한글비석로15길 51,원문 일치
11350,11350-122,중앙하이츠,한글비석로14길 37,,,
11350,11350-123,진로유통조합대림,중계로14가길 5,A13922002,중계로14가길 5,원문 일치
11350,11350-124,청구(366),중계로 184,A13986111,중계로 184,원문 일치
11350,11350-125,청구3,중계로 233,A13986012,중계로 233,원문 일치
11350,11350-126,현대(3차),중계로 172-13,A13993001,중계로 172-13,원문 일치
11350,11350-127,현대(6차),중계로8길 20,A13985406,중계로8길 20,원문 일치
11350,11350-128,현대1(4차),중계로8길 106,A13922901,중계로8길 106,원문 일치
11350,11350-129,현대2(4차),중계로8길 103,A13993002,중계로8길 103,원문 일치
11350,11350-13,북부현대,동일로237바길 17,,,
11350,11350-130,현대그린,중계로8길 39,A13985402,중계로8길 39,원문 일치
11350,11350-131,화인상가,중계로 160,,,
11350,11350-132,경남아너스빌,덕릉로94길 6,,,
11350,11350-133,한진한화그랑빌,마들로 31,A13984004,마들로 31,원문 일치
11350,11350-134,극동,덕릉로60길 268,,,
11350,11350-135,대동,광운로 46,A13905102,광운로 46,원문 일치
11350,11350-136,대우,초안산로5길 22,A13985103,초안산로5길 22,원문 일치
11350,11350-137,동신,광운로2나길 30,A13984604,광운로2나길 30,원문 일치
11350,11350-139,미륭,마들로 111,A13984005,마들로 111,원문 일치
11350,11350-14,불암현대,덕릉로118길 29,A13981208,덕릉로118길 29,원문 일치
11350,11350-140,미성,마들로 59,,,
11350,11350-141,사슴3,월계로55길 15,A13984411,월계로55길 15,원문 일치
11350,11350-142,삼창,광운로2나길 50,A13984603,광운로2나길 50,원문 일치
11350,11350-143,삼호4,마들로 127,A13984003,마들로 127,원문 일치
11350,11350-144,서광,마들로1길 44,A13905301,마들로1길 44,원문 일치
11350,11350-145,성북맨션,석계로 107,,,
11350,11350-146,성원(사슴4),마들로3길 37,A13905302,마들로3길 37,원문 일치
11350,11350-148,유원,덕릉로60길 252,A13991015,덕릉로60길 252,원문 일치
11350,11350-149,주공2,초안산로1길 18,A13984814,초안산로1길 18,원문 일치
11350,11350-15,상계1차중앙하이츠,노원로28길 15,A13920207,노원로28길 15,원문 일치
11350,11350-150,청백3,월계로45가길 89,A13985105,월계로45가길 89,원문 일치
11350,11350-151,청백4,월계로45가길 94,A13985107,월계로45가길 94,원문 일치
11350,11350-152,초안2,우이천로 102,A13905208,우이천로 102,원문 일치
11350,11350-153,초안1,덕릉로60길 185,A13905204,덕릉로60길 185,원문 일치
11350,11350-154,한일1,석계로15길 25,A13905101,석계로15길 25,원문 일치
11350,11350-155,한일2,석계로13길 6-10,A13987503,석계로13길 6-10,원문 일치
11350,11350-156,현대,석계로 49,A13905105,석계로 49,원문 일치
11350,11350-157,우남그랜드,화랑로 355,A10024812,화랑로 355,원문 일치
11350,11350-158,건영아파트,동일로173가길 145,,,
11350,11350-159,건영장미아파트,공릉로51길 14-17,,,
11350,11350-16,상계2차중앙하이츠,노원로 428,A13920209,노원로 428,원문 일치
11350,11350-160,시영2단지(라이프)아파트,동일로198가길 149,A13980510,동일로198가길 149,원문 일치
11350,11350-161,대동아파트,동일로175길 38,A13980801,동일로175길 38,원문 일치
11350,11350-162,대동아파트2,동일로195길 39,A13980105,동일로195길 39,원문 일치
11350,11350-164,대아2차아파트,동일로183길 34,A13980604,동일로183길 34,원문 일치
11350,11350-165,대아아파트1차,공릉로 157,,,
11350,11350-166,동부아파트,공릉로 206,A13924205,공릉로 206,원문 일치
11350,11350-1662,성북역신도브래뉴,광운로19길 38,A13987501,광운로19길 38,원문 일치
11350,11350-1663,월계역신도브래뉴,광운로 132,A13987502,광운로 132,원문 일치
11350,11350-1664,세양청마루,석계로13길 35,A10024636,석계로13길 35,원문 일치
11350,11350-1665,풍림아이원,화랑로47길 38,A13905003,화랑로47길 38,원문 일치
11350,11350-1668,서일이츠뷰,동일로192가길 26,,,
11350,11350-167,동신아파트,공릉로 213,A13980411,공릉로 213,원문 일치
11350,11350-1674,센트럴타워,상계로1길 54-4,,,
11350,11350-1677,비콘드림힐3,상계로1길 82-14,,,
11350,11350-168,두산힐스빌아파트,공릉로 126,A13980415,공릉로 126,원문 일치
11350,11350-1681,센트럴,덕릉로 845,,,
11350,11350-1683,동도센트리움(601),한글비석로19길 15,,,
11350,11350-1684,비콘드림힐(602),덕릉로82길 13,,,
11350,11350-169,비선아파트,화랑로51길 78,A13980018,화랑로51길 78,원문 일치
11350,11350-17,상계불암대림,덕릉로94길 21,A13981006,덕릉로94길 21,원문 일치
11350,11350-170,삼익아파트,섬밭로 17,A13980803,섬밭로 17,원문 일치
11350,11350-171,삼익4단지아파트,동일로198가길 13,A13980509,동일로198가길 13,원문 일치
11350,11350-1717,우성2차아파트101동,동일로179길 12-11,,,
11350,11350-1718,우성2차아파트102동,동일로179길 12-7,,,
11350,11350-1719,초안산쌍용스윗닷홈,덕릉로60길 222,A13991017,덕릉로60길 222,원문 일치
11350,11350-172,삼익포레스트아파트,공릉로46길 32,A13924004,공릉로46길 32,원문 일치
11350,11350-1720,동일씨티빌,동일로231나길 14,,,
11350,11350-1722,탑스빌아파트(101동),섬밭로 5,,,
11350,11350-1723,탑스빌아파트(102동),섬밭로 5,,,
11350,11350-1724,우국리더스빌,동일로197길 85,,,
11350,11350-1726,세영아파트,동일로177길 12-18,,,
11350,11350-1727,충효파크타운,상계로23길 64,,,
11350,11350-1728,삼능스페이스향,석계로18길 23,,,
11350,11350-1729,우남푸르미아,초안산로2길 91,,,
11350,11350-173,시영3차(라이프)아파트,섬밭로 123,A13980511,섬밭로 123,원문 일치
11350,11350-1732,씨엠아파트,동일로179길 12-32,,,
11350,11350-1733,보람노블레스아파트,동일로178길 43,,,
11350,11350-1734,롯데캐슬루나,월계로45길 21,A13991018,월계로45길 21,원문 일치
11350,11350-1735,하늘공원(101동),공릉로 170,,,
11350,11350-1736,코지한주,덕릉로123길 53,,,
11350,11350-1739,한진아파트,공릉로41가길 19,,,
11350,11350-174,신도1차아파트,동일로191가길 59,A13980107,동일로191가길 59,원문 일치
11350,11350-175,신명아파트,동일로191길 36,,,
11350,11350-1750,하늘공원아파트(102동),공릉로 168-5,,,
11350,11350-1751,하늘공원아파트(103동),공릉로 168-6,,,
11350,11350-1757,코지아뜨리에101,한글비석로20길 67,,,
11350,11350-1759,정진아트리움,덕릉로 721,,,
11350,11350-176,신원아파트,동일로192나길 26,A13980102,동일로192나길 26,원문 일치
11350,11350-1767,중앙하이츠아쿠아,공릉로 430,A13972602,공릉로 430,원문 일치
11350,11350-177,우방아파트,노원로 58,A13980012,노원로 58,원문 일치
11350,11350-178,태릉우성아파트,노원로 29,A13980009,노원로 29,원문 일치
11350,11350-179,임성아파트,동일로192나길 16-14,,,
11350,11350-18,상계우방유쉘,동일로230가길 15,A13920001,동일로230가길 15,원문 일치
11350,11350-180,청솔아파트8,노원로1가길 10,A13980004,노원로1가길 10,원문 일치
11350,11350-181,청솔아파트9,노원로1길 21,A13980006,노원로1길 21,원문 일치
11350,11350-1817,수락산늘푸른,동일로242나길 20,,,
11350,11350-182,태강아파트(아이파크),공릉로34길 62,A13980019,공릉로34길 62,원문 일치
11350,11350-1825,수락리버시티3단지,누원로 28,A13974102,누원로 28,원문 일치
11350,11350-1826,수락리버시티4단지,누원로 18,A13974101,누원로 18,원문 일치
11350,11350-1828,태승훼미리아파트,공릉로51길 14-8,,,
11350,11350-183,풍림아파트A,섬밭로 139,A13980513,섬밭로 139,원문 일치
11350,11350-1831,노원IPARK,상계로23다길 13-8,,,
11350,11350-184,공릉동한보에센시티아파트,공릉로46길 19,A13924003,공릉로46길 19,원문 일치
11350,11350-186,현대성우아파트,공릉로27길 110,A13994501,공릉로27길 110,원문 일치
11350,11350-187,화랑타운아파트,화랑로51길 17,A13980010,화랑로51길 17,원문 일치
11350,11350-188,효성아파트,화랑로 556,A13980407,화랑로 556,원문 일치
11350,11350-189,화랑해링턴플레이스아파트,공릉로34길 45,A13980413,공릉로34길 45,원문 일치
11350,11350-19,은빛1단지,동일로245길 162,A13983816,동일로245길 162,원문 일치
11350,11350-190,공릉해링턴플레이스,노원로 62,A13980014,노원로 62,원문 일치
11350,11350-1902,참다움아파트,동일로190길 11,,,
11350,11350-191,남청파인힐,동일로191가길 26,,,
11350,11350-1914,진명비베레,동일로190길 7,,,
11350,11350-193,동아하이빌아파트101동,섬밭로 22,,,
11350,11350-194,공릉2신도브래뉴아파트,동일로193길 7,A10026289,동일로193길 7,원문 일치
11350,11350-195,녹주아파트,동일로177길 29,,,
11350,11350-196,대주파크빌아파트,섬밭로 52,A13980706,섬밭로 52,원문 일치
11350,11350-197,삼호3,마들로 111,A13984005,마들로 111,원문 일치
11350,11350-198,공릉우성아파트,동일로198길 24,A13980108,동일로198길 24,원문 일치
11350,11350-199,현대(고려)아파트,동일로176길 39-12,A13974401,동일로176길 39-12,원문 일치
11350,11350-2,금호타운,한글비석로46나길 10,A13920501,한글비석로46나길 10,원문 일치
11350,11350-20,은빛2단지,동일로245가길 41,A13983815,동일로245가길 41,원문 일치
11350,11350-200,동아하이빌아파트102동,섬밭로 22,,,
11350,11350-201,대림,동일로221길 22,A13982702,동일로221길 22,원문 일치
11350,11350-2019,한일휴니스빌,화랑로 421,A10023478,화랑로 421,원문 일치
11350,11350-202,보람아파트,한글비석로 479,,,
11350,11350-203,상계주공1(저층),동일로213길 21,A13983105,동일로213길 21,원문 일치
11350,11350-204,상계주공14(저층),동일로228길 23,A13981903,동일로228길 23,원문 일치
11350,11350-205,상계주공10(저층),노원로 564,A13920804,노원로 564,원문 일치
11350,11350-2053,소담빌,노해로85길 10-55,,,
11350,11350-206,상계주공2(저층),동일로215길 23,A13983004,동일로215길 23,원문 일치
11350,11350-207,상계주공3(저층),동일로215길 48,,,
11350,11350-2072,한화꿈에그린TheFIRST,덕릉로83길 9-7,A13922003,덕릉로83길 9-7,원문 일치
11350,11350-209,풍림아파트B,섬밭로 134,,,
11350,11350-21,성원상떼빌,노원로34길 34,A13982101,노원로34길 34,원문 일치
11350,11350-211,광덕파크빌아파트,동일로180길 48-9,,,
11350,11350-212,길성그랑프리텔아파트,동일로191가길 66,,,
11350,11350-213,대망드림힐1,동일로242라길 27,A13983801,동일로242라길 27,원문 일치
11350,11350-2139,노원프레미어스엠코,동일로 986,A10027622,동일로 986,원문 일치
11350,11350-214,동양엔파트,상계로5길 12,A13981608,상계로5길 12,원문 일치
11350,11350-2140,꿈의숲SKVIEW,월계로42길 97,A10027716,월계로42길 97,원문 일치
11350,11350-2141,67디벨리움,화랑로 443,,,
11350,11350-215,문수해오름,노원로26나길 20,,,
11350,11350-2151,중계센트럴파크,덕릉로70가길 21,A10027601,덕릉로70가길 21,원문 일치
11350,11350-216,건양노블레스빌,화랑로45길 42-18,,,
11350,11350-217,청암3단지(582),덕릉로86길 70,A13922001,덕릉로86길 70,원문 일치
11350,11350-2194,녹천역두산위브아파트,마들로5길 25,A10027121,마들로5길 25,원문 일치
11350,11350-22,수락한신,동일로242길 80,A13920105,동일로242길 80,원문 일치
11350,11350-220,건영,덕릉로115다길 40,,,
11350,11350-221,삼성,동일로236길 42,,,
11350,11350-222,송암,광운로3길 20-5,,,
11350,11350-223,장은하이빌,석계로13길 6-9,,,
11350,11350-2231,미라쉘,화랑로 441,,,
11350,11350-224,월계흥화브라운빌,우이천로2나길 14,A13905202,우이천로2나길 14,원문 일치
11350,11350-227,주완위즈빌,공릉로39길 11,,,
11350,11350-2275,노원센트럴푸르지오,수락산로 12,A10025133,수락산로 12,원문 일치
11350,11350-228,엘림타운,동일로193가길 27,,,
11350,11350-2280,월계센트럴아이파크,초안산로2라길 26,A10025097,초안산로2라길 26,원문 일치
11350,11350-23,수락현대,동일로242길 95,A13920102,동일로242길 95,원문 일치
11350,11350-2301,화랑대디오베이션,노원로1길 95,,,
11350,11350-2302,포레나노원,노원로38길 76,A10024547,노원로38길 76,원문 일치
11350,11350-231,서진프라자아파트,동일로173가길 115,,,
11350,11350-2313,태릉해링턴플레이스,공릉로34길 86,A10023991,공릉로34길 86,원문 일치
11350,11350-232,청우씨티아파트,동일로173가길 90,,,
11350,11350-2328,테라파크뷰,동일로192다길 51,,,
11350,11350-233,라메즈아파트,동일로177길 12-25,,,
11350,11350-234,하나플러스,동일로178길 53,,,
11350,11350-235,삼익2차아파트,공릉로34길 118,A13980403,공릉로34길 118,원문 일치
11350,11350-236,비콘아파트,공릉로 130,,,
11350,11350-237,신성미소지움아파트,공릉로42길 13-14,A13980401,공릉로42길 13-14,원문 일치
11350,11350-238,현대하이츠,덕릉로109길 27,,,
11350,11350-24,상계신동아,한글비석로52길 54,,,
11350,11350-240,대동황토빌라트,동일로230길 26,,,
11350,11350-241,청솔,동일로237나길 9,,,
11350,11350-242,송이월드A동,동일로237마길 56,,,
11350,11350-244,우림루미아트1,동일로230가길 71,A13920104,동일로230가길 71,원문 일치
11350,11350-245,우림루미아트201동,동일로238길 33,,,
11350,11350-246,비콘드림힐2,동일로242라길 21-11,,,
11350,11350-247,이연아마빌레,중계로12길 39,,,
11350,11350-249,한일유앤아이,노원로28길 62,A13920205,노원로28길 62,원문 일치
11350,11350-25,노원우성,상계로7길 18,,,
11350,11350-251,청구빌아파트,노원로1바길 27,,,
11350,11350-2515,노원롯데캐슬시그니처,덕릉로 753,,,
11350,11350-2524,태릉입구역이니티움,화랑로 419-3,,,
11350,11350-254,백영아파트,동일로176길 19-15,,,
11350,11350-255,탑스빌아파트,동일로186길 75,,,
11350,11350-256,새울센스빌아파트,동일로176길 47-14,,,
11350,11350-27,임광,노원로 569,A13982701,노원로 569,원문 일치
11350,11350-277,남광아파트,화랑로 415-5,,,
11350,11350-278,남광미르빌,화랑로 415-9,,,
11350,11350-28,두산,동일로241길 53,A13983713,동일로241길 53,원문 일치
11350,11350-29,상계주공1(고층),동일로213길 21,A13983105,동일로213길 21,원문 일치
11350,11350-3,노원현대,상계로3길 50,A13981604,상계로3길 50,원문 일치
11350,11350-30,상계주공10(고층),노원로 564,A13920804,노원로 564,원문 일치
11350,11350-3090,광운대역현대프라힐스,석계로15길 14,A10020305,석계로15길 14,원문 일치
11350,11350-3093,해링턴플레이스노원센트럴,노원로 495,,,
11350,11350-31,상계주공11(고층),동일로227길 85,,,
11350,11350-32,상계주공12(고층),한글비석로 530,A13982202,한글비석로 530,원문 일치
11350,11350-33,상계주공13(고층),한글비석로54길 92,A13981901,한글비석로54길 92,원문 일치
11350,11350-34,상계주공14(고층),수락산로 174,,,
11350,11350-35,상계주공16(고층),동일로227길 86,A13920803,동일로227길 86,원문 일치
11350,11350-36,상계주공2(고층),동일로215길 23,A13983004,동일로215길 23,원문 일치
11350,11350-37,상계주공3(고층),동일로215길 48,,,
11350,11350-38,상계주공4(고층),동일로 1356,,,
11350,11350-39,상계주공5(저층),동일로216길 47,A13920703,동일로216길 47,원문 일치
11350,11350-4,대동황토방,상계로26길 20,A13981606,상계로26길 20,원문 일치
11350,11350-40,상계주공6(고층),노해로 508,A13920707,노해로 508,원문 일치
11350,11350-41,상계주공7(고층),상계로1길 92,A13982704,상계로1길 92,원문 일치
11350,11350-423,동원베네스트,월계로53길 21,A13991016,월계로53길 21,원문 일치
11350,11350-424,서경하누리아파트,동일로183길 12-9,,,
11350,11350-425,주완위즈빌2,동일로186길 67-8,,,
11350,11350-427,한신월드,중계로8길 120,,,
11350,11350-428,극동의푸른별1차,중계로 107,,,
11350,11350-429,한화꿈에그린,중계로8길 29,A13922905,중계로8길 29,원문 일치
11350,11350-43,상계주공9(고층),노원로 532,A13921005,노원로 532,원문 일치
11350,11350-430,중계스타클래스,한글비석로14길 36,,,
11350,11350-431,신한양아파트,동일로173가길 140,,,
11350,11350-44,중앙하이츠(5지역),동일로231길 72,A10024778,동일로231길 72,원문 일치
11350,11350-45,코오롱,노원로26가길 7,,,
11350,11350-46,한신1차,한글비석로46가길 16,A13981304,한글비석로46가길 16,원문 일치
11350,11350-47,한신2차,한글비석로48길 6,A13982005,한글비석로48길 6,원문 일치
11350,11350-48,한신3차,한글비석로46가길 34,A13982002,한글비석로46가길 34,원문 일치
11350,11350-49,한신4차,동일로230길 63,A13983608,동일로230길 63,원문 일치
11350,11350-5,상계대림,상계로 193-14,A13981407,상계로 193-14,원문 일치
11350,11350-50,한양,동일로216길 92,A13994302,동일로216길 92,원문 일치
11350,11350-51,상계1차현대아파트,동일로237길 41,A13983707,동일로237길 41,원문 일치
11350,11350-52,현대2차,동일로231길 86,A13983709,동일로231길 86,원문 일치
11350,11350-53,상계현대3차,수락산로 234,A13983712,수락산로 234,원문 일치
11350,11350-54,현대4차,동일로231다길 23,,,
11350,11350-55,희락,수락산로 190,,,
11350,11350-56,대창센시티,수락산로 246,A10024770,수락산로 246,원문 일치
11350,11350-58,수락파크,동일로237길 74,,,
11350,11350-59,양우,노원로30길 74,,,
11350,11350-6,동아불암,덕릉로 780,A13989701,덕릉로 780,원문 일치
11350,11350-60,수락파크빌,동일로248길 16,A13983810,동일로248길 16,원문 일치
11350,11350-61,청암1단지,덕릉로112길 24,A13981402,덕릉로112길 24,원문 일치
11350,11350-62,청암2단지,덕릉로94가길 20,A13981405,덕릉로94가길 20,원문 일치
11350,11350-63,상록수1단지,동일로239나길 31,,,
11350,11350-66,상계대림e편한세상,동일로239길 68,A13983803,동일로239길 68,원문 일치
11350,11350-67,건영,섬밭로 229,A13987306,섬밭로 229,원문 일치
11350,11350-68,극동,섬밭로 229,A13987306,섬밭로 229,원문 일치
11350,11350-69,미성,공릉로59길 28,A13923104,공릉로59길 28,원문 일치
11350,11350-7,미도,덕릉로 459-18,A13971501,덕릉로 459-18,원문 일치
11350,11350-70,벽산,섬밭로 229,A13987306,섬밭로 229,원문 일치
11350,11350-71,삼익선경,노원로 214,A13993501,노원로 214,원문 일치
11350,11350-72,장미(시영6),섬밭로 196,A13987304,섬밭로 196,원문 일치
11350,11350-73,청솔(시영7),공릉로59길 25,A13923108,공릉로59길 25,원문 일치
11350,11350-74,우방,공릉로58길 176,A13923102,공릉로58길 176,원문 일치
11350,11350-75,우성,섬밭로 232,A13987303,섬밭로 232,원문 일치
11350,11350-76,청구,공릉로 351,,,
11350,11350-77,청구3,노원로11길 23,,,
11350,11350-78,하계1청구,한글비석로 91,A13987205,한글비석로 91,원문 일치
11350,11350-79,하계2현대,노원로18길 19,A13923106,노원로18길 19,원문 일치
11350,11350-8,미라보(성림),덕릉로127길 25,A13980903,덕릉로127길 25,원문 일치
11350,11350-80,학여울청구,동일로207길 186,,,
11350,11350-81,한신1,공릉로 351,,,
11350,11350-82,한신2,공릉로 351,,,
11350,11350-83,한신동성,한글비석로 151,A13993502,한글비석로 151,원문 일치
11350,11350-85,현대,섬밭로 232,A13987303,섬밭로 232,원문 일치
11350,11350-86,아주,공릉로58길 111,,,
11350,11350-87,건영2,덕릉로 517,A13972601,덕릉로 517,원문 일치
11350,11350-88,건영3,노원로22길 71,A13986013,노원로22길 71,원문 일치
11350,11350-89,LIG건영,덕릉로 718,,,
11350,11350-9,수락산벨리체,동일로250길 18,A13983811,동일로250길 18,원문 일치
11350,11350-90,경남,섬밭로 265,A13986302,섬밭로 265,원문 일치
11350,11350-91,금호타운(583),중계로12길 24,,,
11350,11350-92,대림벽산(363),한글비석로8길 20,A13922903,한글비석로8길 20,원문 일치
11350,11350-93,대호,한글비석로 384,,,
11350,11350-94,동진,중계로16나길 11,,,
11350,11350-95,라이프,중계로 184,A13986111,중계로 184,원문 일치
11350,11350-96,롯데(505),섬밭로 265,A13986302,섬밭로 265,원문 일치
11350,11350-97,삼성,중계로14나길 25,A13922908,중계로14나길 25,원문 일치
11350,11350-98,삼창타워주상프라자,한글비석로 383,A13986702,한글비석로 383,원문 일치
11350,11350-99,상아,섬밭로 265,A13986302,섬밭로 265,원문 일치
11380,11380-1,녹번2현대,서오릉로4길 7-8,,,
11380,11380-10,대호프라자아파트,불광로 90,A12284701,불광로 90,원문 일치
11380,11380-100,e편한세상 수색 에코포레,은평터널로 65,A12287204,은평터널로 65,원문 일치
11380,11380-10020,북한산푸르지오,통일로 660,A10027816,통일로 660,원문 일치
11380,11380-10081,모아아파트(103동),불광로1길 6,,,
11380,11380-101,"수정가,나동",은평터널로2길 21,,,
11380,11380-10114,정익제이원(4차),통일로82가길 1,,,
11380,11380-10123,모아아파트(104동),불광로1길 4,,,
11380,11380-102,청구,증산로1길 26,A12209001,증산로1길 26,원문 일치
11380,11380-10229,유일아트리움,응암로 351,,,
11380,11380-10284,세영아파트,서오릉로 267,,,
11380,11380-10357,모아아파트,응암로 282,,,
11380,11380-10359,유성아이비아파트,응암로13길 12,,,
11380,11380-10431,삼흥리치,응암로 279,,,
11380,11380-105,현대2,가좌로 344,A12208105,가좌로 344,원문 일치
11380,11380-10502,베로니스,연서로17길 9,,,
11380,11380-10515,미소세상,응암로 271,,,
11380,11380-10517,힐데스하임,진관3로 11,,,
11380,11380-10527,은평뉴타운엘크루,진관3로 21,,,
11380,11380-10570,정익제이원6차,통일로 833-5,,,
11380,11380-106,인우,증산로5길 2,,,
11380,11380-10656,더위일,은평로 194,,,
11380,11380-10698,서경아파트,연서로28길 17-1,,,
11380,11380-10714,은평뉴타운솔하임,통일로 1080,A10026414,통일로 1080,원문 일치
11380,11380-10719,백련산힐스테이트4차,백련산로 37,A10026834,백련산로 37,원문 일치
11380,11380-10744,부호(103동),역말로4길 18,,,
11380,11380-10762,세민하이파크,가좌로 319,,,
11380,11380-10765,유호루하스,갈현로 300,,,
11380,11380-10798,은평뉴타운꿈에그린,진관3로 33,,,
11380,11380-10851,호림리슈리안,서오릉로 102,,,
11380,11380-10878,효민아크로뷰,불광로 9-1,,,
11380,11380-109,대주피오레,백련산로 6,A12201001,백련산로 6,원문 일치
11380,11380-10900,위산엘리시움,진흥로9길 2,,,
11380,11380-10903,불광롯데캐슬,불광로 64,A12204006,불광로 64,원문 일치
11380,11380-10906,명남더블레스(19-162),가좌로 330,,,
11380,11380-10925,베로니스,증산로 315,,,
11380,11380-10927,플라잉캐슬,서오릉로 156-1,,,
11380,11380-10928,거장메카,가좌로10길 2,,,
11380,11380-10932,디우아르떼,응암로13길 14,,,
11380,11380-10938,은평스카이뷰자이,통일로 1034,A10025765,통일로 1034,원문 일치
11380,11380-10944,응암역효성해링턴플레이스,가좌로 334,A10025659,가좌로 334,원문 일치
11380,11380-10961,백련산파크자이,백련산로 67,A10025683,백련산로 67,원문 일치
11380,11380-10967,힐스테이트녹번,통일로 610,A10025836,통일로 610,원문 일치
11380,11380-10994,승윤노블리안,은평로 11-1,,,
11380,11380-10996,벨로스아파트,가좌로11가길 10,,,
11380,11380-10998,베로니스,통일로80길 1-1,,,
11380,11380-11,라이프미성,통일로 780,A12285703,통일로 780,원문 일치
11380,11380-11008,백련산에스케이뷰아이파크,응암로30길 16,A10025310,응암로30길 16,원문 일치
11380,11380-11015,래미안베라힐즈,통일로 630,A10025846,통일로 630,원문 일치
11380,11380-11027,유진아이디움,연서로28길 8,,,
11380,11380-11029,거장메카,서오릉로2길 12,,,
11380,11380-11035,영화노블레스아파트,통일로65길 3,,,
11380,11380-11061,백련산해모로,응암로30길 15,A10024947,응암로30길 15,원문 일치
11380,11380-11072,메트하임,연서로28길 12,,,
11380,11380-11078,녹번역e편한세상캐슬,은평로 220,A10024831,은평로 220,원문 일치
11380,11380-11083,SM벨리체,서오릉로 107,,,
11380,11380-11085,모아아파트(102동),불광로1길 8,,,
11380,11380-11086,DMC롯데캐슬더퍼스트,수색로 300,A10024828,수색로 300,원문 일치
11380,11380-11087,서경아파트(15-58),통일로65길 12-6,,,
11380,11380-111,서강스카이빌2,응암로 295,,,
11380,11380-11101,위산일리온시티,은평로 116,,,
11380,11380-11103,DH팰리스타워,서오릉로 12,,,
11380,11380-11109,거장카운티,서오릉로 6,,,
11380,11380-11110,경인에버빌,연서로26길 3-8,,,
11380,11380-11157,벨뷰아파트,서오릉로 237-14,,,
11380,11380-11169,힐스테이트녹번역,은평로 240,A10024313,은평로 240,원문 일치
11380,11380-11177,북한산포레스트,서오릉로 80,,,
11380,11380-11181,은평서해그랑블,서오릉로 253,,,
11380,11380-11186,효민아크로뷰,통일로 868,,,
11380,11380-11199,고도아파트,서오릉로 119,,,
11380,11380-11202,보성리엔빌,통일로65길 1,,,
11380,11380-11209,연신내역트리플라101동,통일로82길 6-3,,,
11380,11380-11215,연신내역트리플라102동,통일로82길 6-5,,,
11380,11380-11221,DMCSKVIEW,수색로 216,A10024086,수색로 216,원문 일치
11380,11380-11230,대경아르체아파트,진흥로 153,,,
11380,11380-11238,거장메카(116-22),응암로 293,,,
11380,11380-11247,e편한세상백련산,백련산로 112,A10023994,백련산로 112,원문 일치
11380,11380-11265,DMC센트럴자이(3단지),수색로 200,A10023875,수색로 200,원문 일치
11380,11380-11266,DMC센트럴자이(2단지),수색로 200,A10023875,수색로 200,원문 일치
11380,11380-11267,DMC센트럴자이(1단지),수색로 200,A10023875,수색로 200,원문 일치
11380,11380-11268,DMC센트럴자이(4단지),수색로 200,A10023875,수색로 200,원문 일치
11380,11380-11289,디앤제이하우징(281-89),불광로 40-1,,,
11380,11380-113,프라임팰리스,은평로 96,,,
11380,11380-11333,펠리시티,응암로 277,,,
11380,11380-11364,제니더클래식,통일로 655,,,
11380,11380-11377,거성리젠시,은평로 42,,,
11380,11380-115,한국리치빌,연서로3가길 13-11,,,
11380,11380-11598,DMC아트포레자이,은평터널로 27,A10023126,은평터널로 27,원문 일치
11380,11380-11599,DMC파인시티자이,은평터널로 15,A10023079,은평터널로 15,원문 일치
11380,11380-116,에버그린,진흥로1다길 12-1,,,
11380,11380-11600,DMCSK뷰아이파크포레,수색로 322,A10023076,수색로 322,원문 일치
11380,11380-11608,명남스카이뷰,응암로13길 6,,,
11380,11380-11609,루체하임,통일로65길 4,,,
11380,11380-11612,대경아르체,통일로 897,,,
11380,11380-11613,효민아크로뷰,통일로 871,,,
11380,11380-11614,거장메카,은평로 95,,,
11380,11380-11618,아르지움주상복합,응암로 217,,,
11380,11380-11628,더-위일이노펠리체,연서로 17,,,
11380,11380-11631,LUMINO816,통일로 816,A10020749,통일로 816,원문 일치
11380,11380-11633,센트레빌아스테리움시그니처,갈현로7길 25,A10021056,갈현로7길 25,원문 일치
11380,11380-11639,녹번타워,응암로 356,,,
11380,11380-117,명남더블레스(39-19),가좌로 297,,,
11380,11380-12,극동메트로타워,통일로 856,,,
11380,11380-120,신사동한신휴플러스,갈현로1길 31,A12208103,갈현로1길 31,원문 일치
11380,11380-121,뉴서울(277-2),갈현로1길 28-1,,,
11380,11380-122,뉴서울(277-19),갈현로1길 28,,,
11380,11380-123,코오롱하늘채,갈현로29길 62,A12281701,갈현로29길 62,원문 일치
11380,11380-124,대림e-편한세상2,서오릉로21길 48,,,
11380,11380-125,명남뉴(32-3),진흥로1길 41,,,
11380,11380-126,한아름,갈현로29길 37-2,,,
11380,11380-127,해오름,서오릉로20길 17,,,
11380,11380-13,삼익(217-9),불광로 153,,,
11380,11380-132,선구,갈현로 232,,,
11380,11380-133,갈현삼성,서오릉로 228,,,
11380,11380-136,세화샤이닝2,연서로 103,,,
11380,11380-138,명남뉴타운,불광로14길 20,,,
11380,11380-14,서강아파트,불광로20길 12-9,,,
11380,11380-140,신세계드림빌2,통일로77길 14,,,
11380,11380-142,월드그린,불광로6길 11-2,,,
11380,11380-143,역촌월드,역말로 84-8,,,
11380,11380-145,서안,연서로6길 8-9,,,
11380,11380-146,월드,역말로2길 11-5,,,
11380,11380-147,두일,서오릉로27길 6,,,
11380,11380-149,디케이,역말로 37-6,,,
11380,11380-150,뉴캐슬,연서로3가길 8,,,
11380,11380-151,신현,증산로 389,,,
11380,11380-152,에코벨리,증산로 431,,,
11380,11380-153,명진(348-7),증산로17길 26,,,
11380,11380-154,청운,증산로 449,,,
11380,11380-156,응암하이포롬,은평로8길 39,,,
11380,11380-16,신우아파트,불광로6길 4,,,
11380,11380-163,네르비,증산서길 146,,,
11380,11380-164,자선메르시안(102),증산로5길 5,,,
11380,11380-165,자선메르시안(103),증산로 273,,,
11380,11380-166,럭스빌(102동),증산로 271,,,
11380,11380-167,럭스빌(101동),증산로 269,,,
11380,11380-169,두성,증산서길 74,,,
11380,11380-170,자선메르시안(193),증산로11길 29,,,
11380,11380-171,자선메르시안(101),증산로5길 5-11,,,
11380,11380-173,DMC 진흥,은평터널로 60,A12287202,은평터널로 60,원문 일치
11380,11380-174,대호아파트,불광로 98-8,,,
11380,11380-179,산수(86-20),은평로21가길 10,,,
11380,11380-18,현대아파트,불광로20길 9,,,
11380,11380-180,예원(86-126),은평로21가길 6,,,
11380,11380-181,청록MS(91-9),은평로21길 40-18,,,
11380,11380-184,태양아파트,불광로 156,,,
11380,11380-185,역촌맨션,연서로19길 9,,,
11380,11380-186,갈현1단지e-편한세상,서오릉로21길 47,A12205003,서오릉로21길 47,원문 일치
11380,11380-188,조이팰리스(90-23),은평로 103,,,
11380,11380-189,경향렉스빌,은평로 160,,,
11380,11380-19,선우아파트,불광로10길 20,,,
11380,11380-191,자선메르시안(119-15),응암로21가길 22,,,
11380,11380-194,월드빌(120-9),응암로21가길 23-1,,,
11380,11380-196,명남래희안(122-4),불광천길 514,,,
11380,11380-197,명남(122-10),불광천길 506,,,
11380,11380-198,예청B,불광천길 502-1,,,
11380,11380-199,예청A,불광천길 502,,,
11380,11380-2,대림아파트(276),통일로 590,A12283603,통일로 590,원문 일치
11380,11380-200,재연,응암로25길 22,,,
11380,11380-203,자선메르시안102동(123-25),불광천길 482,,,
11380,11380-208,명진,응암로16길 8-13,,,
11380,11380-209,세종레디안,가좌로10길 25,,,
11380,11380-21,엘지아파트,연서로37길 37,,,
11380,11380-211,역촌,연서로16길 9-3,,,
11380,11380-212,프라우드아파트,연서로 78,,,
11380,11380-213,아이언,진흥로9길 12,,,
11380,11380-214,두성,진흥로1라길 12,,,
11380,11380-217,엔에스,연서로9길 17,,,
11380,11380-219,디딤빌아파트,갈현로 100,,,
11380,11380-22,삼흥아파트,통일로82가길 2,,,
11380,11380-220,부호(101동),역말로4길 12-5,,,
11380,11380-221,만민라이프(A동),역말로 30,,,
11380,11380-223,소망,연서로 47-2,,,
11380,11380-225,명남뉴아파트,갈현로9길 9-9,,,
11380,11380-226,두성아파트,갈현로11길 43,,,
11380,11380-227,임탑(12-1)100동,갈현로5길 26,,,
11380,11380-229,다원그린,가좌로 291,,,
11380,11380-23,갈현건영,갈현로45길 57,,,
11380,11380-231,명남(200-16),은평터널로 169-23,,,
11380,11380-232,명진(200-115),은평터널로 182,,,
11380,11380-235,구암,증산로17길 6-46,,,
11380,11380-236,자선메르시안(162-18),증산서길 130,,,
11380,11380-237,자선메르시안(162-20),증산서길 132,,,
11380,11380-238,자선메르시안(164-17),증산로9길 6-24,,,
11380,11380-239,자산메르시안(164-31),증산로9길 6-22,,,
11380,11380-24,갈현현대,서오릉로21길 36,A12205004,서오릉로21길 36,원문 일치
11380,11380-240,청록,증산로 299,,,
11380,11380-241,청운,증산로3길 5-15,,,
11380,11380-243,월드메르시안(179-9),증산로 237-1,,,
11380,11380-247,경남아너스빌,갈현로11길 46,A12282203,갈현로11길 46,원문 일치
11380,11380-248,새천년구산2차,갈현로 164,,,
11380,11380-249,에덴드림,갈현로 143-2,,,
11380,11380-253,건우샹그리라,연서로6길 12,,,
11380,11380-254,DMC문영퀸즈파크아파트,증산로13길 44-5,A10024581,증산로13길 44-5,원문 일치
11380,11380-255,센타폴리스,연서로 9,,,
11380,11380-256,대운,갈현로2길 7,,,
11380,11380-257,북한산대창센시티,불광로 208,A12204002,불광로 208,원문 일치
11380,11380-259,웰빙,서오릉로18길 33-20,,,
11380,11380-26,동익파크1동(355-95),서오릉로21길 20,,,
11380,11380-260,웰빙존,서오릉로18길 33-14,,,
11380,11380-261,신사코아,갈현로 29,,,
11380,11380-263,북한산현대홈타운,불광로2길 16,A12204102,불광로2길 16,원문 일치
11380,11380-265,이랜드타운아파트,은평터널로 121-6,A12208002,은평터널로 121-6,원문 일치
11380,11380-266,청운제일(362-0),증산로 417,,,
11380,11380-267,대주파크빌,증산로15길 50,,,
11380,11380-269,정명네스트,가좌로 294,,,
11380,11380-27,라이프시티,갈현로29길 61,A10021288,갈현로29길 61,원문 일치
11380,11380-270,우공101동,갈현로3길 33-7,,,
11380,11380-273,동광갈현베르빌,연서로 149,A12271402,연서로 149,원문 일치
11380,11380-274,예청,연서로 22,,,
11380,11380-275,솔빛,갈현로12길 23,,,
11380,11380-276,신아굿모닝(64-15),연서로5길 19,,,
11380,11380-28,메카,갈현로29길 52,,,
11380,11380-29,명성,서오릉로18길 20,,,
11380,11380-3,해주드림빌,응암로 366,A10024774,응암로 366,원문 일치
11380,11380-30,미미,갈현로29길 11,A12205001,갈현로29길 11,원문 일치
11380,11380-31,우남,서오릉로 258,,,
11380,11380-32,인우(281-215),갈현로37길 59,,,
11380,11380-33,인우(281-236),갈현로37길 63,,,
11380,11380-336,디안(89-258),역말로 116,,,
11380,11380-338,청송아파트,은평로20길 6-12,,,
11380,11380-35,한솔,갈현로23길 41,A12281801,갈현로23길 41,원문 일치
11380,11380-36,갈현동현대,갈현로33길 24,A12281702,갈현로33길 24,원문 일치
11380,11380-37,현재트윈빌,서오릉로20길 5-10,,,
11380,11380-376,그린라이프,불광로13가길 7,,,
11380,11380-379,은혜스카이빌아파트,불광로13가길 7-3,,,
11380,11380-381,금강포란재(101),서오릉로21길 34-20,,,
11380,11380-382,그린,갈현로16길 11,,,
11380,11380-383,온세,갈현로16길 10,,,
11380,11380-384,구산,서오릉로 179,,,
11380,11380-385,역산아이지아,진흥로 50-8,,,
11380,11380-386,서안에이스,백련산로 173,,,
11380,11380-387,연리지,연서로 28,,,
11380,11380-392,신현대,응암로 345,,,
11380,11380-393,장미아파트,진흥로13가길 10,,,
11380,11380-394,에버그린,응암로29길 12,,,
11380,11380-399,수정럭스(428-6),갈현로 274,,,
11380,11380-4,녹번현대아파트,녹번로 40,,,
11380,11380-40,행운,연서로19길 16-7,,,
11380,11380-400,송학,연서로11길 29-4,,,
11380,11380-402,엔에스아파트,갈현로15길 4,,,
11380,11380-403,신진뉴캐슬,은평로8길 18-1,,,
11380,11380-404,청우참조은,연서로2길 18-1,,,
11380,11380-405,궁전,연서로3길 34,,,
11380,11380-406,태경맨션,갈현로4길 23-1,,,
11380,11380-408,부흥아파트(33-10),증산로19길 14,,,
11380,11380-41,수정럭스,연서로21길 18,,,
11380,11380-42,경향파크,갈현로15길 53,,,
11380,11380-44,예승빌라트,갈현로17나길 14,,,
11380,11380-46,한성산장,갈현로15길 43,,,
11380,11380-47,우공아트빌,갈현로17나길 31,,,
11380,11380-51,삼성타운,서오릉로 94,A12284501,서오릉로 94,원문 일치
11380,11380-53,경남,가좌로7나길 35,A12201301,가좌로7나길 35,원문 일치
11380,11380-54,남청파인힐,응암로 142-32,,,
11380,11380-55,상아,불광천길 526,,,
11380,11380-56,서강스카이빌,응암로 319,,,
11380,11380-57,신동아,백련산로 127,A12201101,백련산로 127,원문 일치
11380,11380-58,우성,가좌로7나길 30,A12293002,가좌로7나길 30,원문 일치
11380,11380-59,청록,백련산로4길 14,,,
11380,11380-6,녹번JR아파트,통일로 586-19,A12283602,통일로 586-19,원문 일치
11380,11380-60,해태드림타운,은평로 82,,,
11380,11380-61,유로카운티,은평로14길 14-6,,,
11380,11380-62,자선메르시안(115),은평로8길 20,,,
11380,11380-6293,거성리젠시2차,연서로 14,,,
11380,11380-63,자선메르시안101동(123-26),불광천길 478,,,
11380,11380-65,뉴신사신성,은평터널로 163,A12289401,은평터널로 163,원문 일치
11380,11380-66,미성,증산로15길 35-10,A12208205,증산로15길 35-10,원문 일치
11380,11380-67,라이프씨티,갈현로3다길 15,A12208104,갈현로3다길 15,원문 일치
11380,11380-68,삼부,증산로21길 11,,,
11380,11380-6833,정은노블스A,증산로 463-3,,,
11380,11380-69,신성수정,은평터널로7길 2,A12289402,은평터널로7길 2,원문 일치
11380,11380-70,신사성원,갈현로4길 26-5,A12208101,갈현로4길 26-5,원문 일치
11380,11380-71,신성,증산로15길 67-7,A12208203,증산로15길 67-7,원문 일치
11380,11380-72,신사씨티,가좌로 391,A12208102,가좌로 391,원문 일치
11380,11380-73,현대1,은평터널로 164,A12208204,은평터널로 164,원문 일치
11380,11380-74,형진,가좌로12길 12,,,
11380,11380-75,홍익,가좌로 342,,,
11380,11380-7599,아름(526-2),서오릉로18길 10,,,
11380,11380-76,유한베스트빌,갈현로5길 29-23,,,
11380,11380-7607,자선메르시안(400),응암로18길 18-9,,,
11380,11380-7609,뉴월드(402-120),응암로20길 22-21,,,
11380,11380-7611,뉴월드(403-32),응암로20길 22-23,,,
11380,11380-7630,명남뉴,연서로 25,,,
11380,11380-7649,두산위브,증산서길 79,,,
11380,11380-7650,응암동금호,응암로 318,A12201102,응암로 318,원문 일치
11380,11380-7654,남양구르미아파트,통일로94길 31,,,
11380,11380-7659,천지로얄,서오릉로15길 5-3,,,
11380,11380-7661,뉴월드(240-63),응암로20길 30-6,,,
11380,11380-7664,뉴월드(402-42),응암로20길 20,,,
11380,11380-7675,굿모닝기룡(369-0),은평터널로 167,,,
11380,11380-7708,모아(365-35),응암로16길 12,,,
11380,11380-7732,브라운스톤구산,갈현로17길 17,A12282102,갈현로17길 17,원문 일치
11380,11380-7735,서강스카이빌3(116-24),은평로8길 29,,,
11380,11380-7744,선정(35-2),증산로19길 3,,,
11380,11380-7749,신아굿모닝(40-55),진흥로 59-4,,,
11380,11380-7756,새천년3차드림,서오릉로13길 3-6,,,
11380,11380-7762,리더스파크,연서로 1,,,
11380,11380-7777,애필리움,불광천길 536,,,
11380,11380-7799,미랜드,진흥로1길 11,,,
11380,11380-7804,캐슬아파트(18-10),연서로13길 29-32,,,
11380,11380-7808,북한산한양수자인아파트,불광로 170,A12204001,불광로 170,원문 일치
11380,11380-7818,벧엘블레스빌,응암로 263,,,
11380,11380-7822,은평신사두산위브,갈현로1길 36,A12208001,갈현로1길 36,원문 일치
11380,11380-7823,다원,불광천길 510,,,
11380,11380-7824,동익파크2동(355-98),서오릉로23길 9-8,,,
11380,11380-7851,반도하우드,갈현로29길 30-14,,,
11380,11380-7854,하늘애,진흥로 27,,,
11380,11380-7855,응암푸르지오,백련산로 146,A12201103,백련산로 146,원문 일치
11380,11380-7858,호림리슈리안,갈현로36길 15,,,
11380,11380-79,유성,증산로23길 8-4,,,
11380,11380-7928,린든빌(29-26),증산로21길 38-3,,,
11380,11380-7939,송학파크팰리스,녹번로 6-29,,,
11380,11380-7962,무지개아파트(308-86),서오릉로27길 26-2,,,
11380,11380-7975,신호(199-24),서오릉로 181,,,
11380,11380-7983,메트로럭스,은평로 108,,,
11380,11380-8,남해그린힐,불광로6길 20,,,
11380,11380-80,명남(23-45),증산로23길 8,,,
11380,11380-8018,상림마을6단지푸르지오(615~621동)BL1-6,진관4로 107,A41279904,진관4로 107,원문 일치
11380,11380-8019,상림마을6단지푸르지오(606~614동)BL1-7,진관4로 100,A41279903,진관4로 100,원문 일치
11380,11380-8020,상림마을6단지푸르지오(601~605동)BL1-8,진관4로 78-7,A12220001,진관4로 78-7,원문 일치
11380,11380-8021,상림마을6단지푸르지오(622~629동)BL1-5,진관4로 87,A41279902,진관4로 87,원문 일치
11380,11380-8022,상림마을7단지아이파크(702~705동)BL1-4,진관4로 77,A41279905,진관4로 77,원문 일치
11380,11380-8024,상림마을7단지아이파크(709~712동)BL1-10,진관4로 48-17,A41279906,진관4로 48-17,원문 일치
11380,11380-8025,상림마을7단지아이파크(706~708동)BL1-3,진관4로 47,A41279908,진관4로 47,원문 일치
11380,11380-8026,상림마을8단지롯데캐슬(801~809동)BL1-2,진관4로 37,A12220003,진관4로 37,원문 일치
11380,11380-8027,상림마을7단지아이파크(713~718동)BL1-11,진관4로 48-8,A41279907,진관4로 48-8,원문 일치
11380,11380-8028,상림마을8단지롯데캐슬(810~820동)BL1-1,진관4로 17,A12220005,진관4로 17,원문 일치
11380,11380-8029,상림마을8단지롯데캐슬(821~830동)BL1-12,진관3로 70,A12220004,진관3로 70,원문 일치
11380,11380-8037,만민하늘愛,진흥로11길 5,,,
11380,11380-8055,푸른솔,역말로 84-6,,,
11380,11380-8058,거성,녹번로 6-28,,,
11380,11380-8078,신아,갈현로2가길 1-1,,,
11380,11380-8104,북한산힐스테이트1차아파트,불광로2길 33,A12204003,불광로2길 33,원문 일치
11380,11380-8171,상림마을7단지아이파크(730~742동)BL1-14,진관4로 48-51,A41279901,진관4로 48-51,원문 일치
11380,11380-8172,상림마을7단지아이파크(719~729동)BL1-13,진관4로 48-50,A12220002,진관4로 48-50,원문 일치
11380,11380-8175,세민HIPARK,녹번로 8,,,
11380,11380-82,DMC덕원,증산로 221,,,
11380,11380-8211,벽산스카이파크,서오릉로21가길 16,,,
11380,11380-8225,정은노블스,연서로26길 7-7,,,
11380,11380-8243,삼성베스트빌,증산로 261-6,,,
11380,11380-8296,이안,서오릉로25길 22,,,
11380,11380-83,목화,증산로 319,,,
11380,11380-8346,구산그린빌,갈현로7길 56,A12276901,갈현로7길 56,원문 일치
11380,11380-8391,박석고개1단지힐스테이트(101~111동)BL2-12,진관1로 21-9,A41279911,진관1로 21-9,원문 일치
11380,11380-8392,박석고개1단지힐스테이트(116~131동)BL2-1,진관1로 21-10,A41279910,진관1로 21-10,원문 일치
11380,11380-8393,박석고개1단지힐스테이트(112~115동)BL2-13,진관1로 22,A41279909,진관1로 22,원문 일치
11380,11380-84,DMC우방,증산로3길 26-1,A12294102,증산로3길 26-1,원문 일치
11380,11380-8437,동호스카이,진흥로 144,,,
11380,11380-8440,경원파발리안,백련산로14길 1,,,
11380,11380-8443,DMC자이1단지,수색로 217,A12275501,수색로 217,원문 일치
11380,11380-8458,명남더블레스,은평로 182-8,,,
11380,11380-8464,아그네스풍림아이원,진흥로1길 28,A10023728,진흥로1길 28,원문 일치
11380,11380-8471,DMC자이2단지,수색로 217-1,,,
11380,11380-8489,마고정3단지센트레빌(310~322동)BL2-3,진관2로 90,A41279912,진관2로 90,원문 일치
11380,11380-8503,우물골2단지두산위브(245~255동)BL2-6,진관2로 57-7,A41279917,진관2로 57-7,원문 일치
11380,11380-8504,우물골2단지두산위브(201~203동)BL2-4,진관2로 67,,,
11380,11380-8505,우물골2단지두산위브(204~208동)BL2-5,진관2로 77,A41279916,진관2로 77,원문 일치
11380,11380-8506,우물골2단지두산위브(209~222동)BL2-8,진관2로 111-7,A41279915,진관2로 111-7,원문 일치
11380,11380-8507,마고정3단지센트레빌(323~335동)BL2-2,진관2로 60,A41279914,진관2로 60,원문 일치
11380,11380-8508,마고정3단지센트레빌(301~309동)BL2-11,진관1로 55,A41279913,진관1로 55,원문 일치
11380,11380-8515,우물골2단지두산위브(223~244동)BL2-7,진관2로 57-37,A41279918,진관2로 57-37,원문 일치
11380,11380-8516,개성하이뷰,갈현로4길 6-26,,,
11380,11380-8597,폭포동4단지힐스테이트(423~425동)BL3-10,연서로44길 30,A41279926,연서로44길 30,원문 일치
11380,11380-8598,폭포동4단지힐스테이트(426~428동)BL3-11,연서로44길 55,,,
11380,11380-8599,폭포동4단지힐스테이트(408~422동)BL3-9,연서로44길 7,A41279924,연서로44길 7,원문 일치
11380,11380-86,증산중앙하이츠,증산로 285,,,
11380,11380-8619,구파발9단지래미안(916~928동)BL3-2,진관3로 77,A41279920,진관3로 77,원문 일치
11380,11380-8656,삼영노블레스,은평로 200-1,,,
11380,11380-8666,은평뉴타운 제각말 푸르지오(5-4단지),연서로 455,A41279929,연서로 455,원문 일치
11380,11380-8667,은평뉴타운 제각말 푸르지오(5-2단지),연서로48길 11,A41279922,연서로48길 11,원문 일치
11380,11380-8668,은평뉴타운 제각말 푸르지오(5-1단지),연서로48길 12,A41279923,연서로48길 12,원문 일치
11380,11380-8670,은평뉴타운 제각말 푸르지오(5-3단지),연서로 487,A41279925,연서로 487,원문 일치
11380,11380-8692,대조동아트캐슬주상복합,연서로 216,,,
11380,11380-8696,북한산래미안아파트(2단지),진흥로 265,,,
11380,11380-8697,북한산현대힐스테이트3차아파트,불광로 122-10,A12204004,불광로 122-10,원문 일치
11380,11380-8699,북한산래미안아파트(1단지),진흥로 267,,,
11380,11380-87,자선메르시안(162-21),증산서길 134,,,
11380,11380-8700,동호스카이,불광로 149,,,
11380,11380-8723,구파발10단지어울림(1011~1019동)BL3-1,진관3로 15-45,A41279927,진관3로 15-45,원문 일치
11380,11380-8798,경원파발리안,서오릉로2길 9,,,
11380,11380-88,DMC월드,증산로 333,,,
11380,11380-8811,역촌센트레빌,갈현로3나길 23,A12289501,갈현로3나길 23,원문 일치
11380,11380-8827,푸른숲,백련산로 91-5,,,
11380,11380-8868,유성아이비,은평로 182-3,,,
11380,11380-8870,드림캐시아2,응암로 305,,,
11380,11380-8907,드림캐시아1,응암로 291,,,
11380,11380-8922,북한산힐스테이트7차,통일로 796,A12275202,통일로 796,원문 일치
11380,11380-9,대암아파트,불광로13가길 7-1,,,
11380,11380-90,선정(178),증산로3길 5-21,,,
11380,11380-9005,연서노벨(463-16),연서로19길 4,,,
11380,11380-9047,디오반,증산로 291,,,
11380,11380-9057,다원(107-4),응암로 290,,,
11380,11380-9151,은평신사두산위브2차,가좌로12길 15,,,
11380,11380-9188,백련산힐스테이트3차,백련산로 36,A12290901,백련산로 36,원문 일치
11380,11380-9189,백련산힐스테이트2차,백련산로 38,A12201002,백련산로 38,원문 일치
11380,11380-9190,백련산힐스테이트1차,백련산로2길 19,,,
11380,11380-9198,개성팰리스,갈현로11길 37,,,
11380,11380-92,무궁화,역말로6길 11,,,
11380,11380-9201,청안파인,응암로14길 1-15,,,
11380,11380-9203,해오름시티,통일로67길 11,,,
11380,11380-9207,나이스홈,통일로67길 8-8,,,
11380,11380-9233,벽산메트로시티,통일로 749-7,,,
11380,11380-9284,명남더블레스,응암로 215,,,
11380,11380-9292,예가크레시아,통일로67길 8,,,
11380,11380-93,청운퀸즈,연서로 27,,,
11380,11380-9301,제이타워1,통일로 749-9,,,
11380,11380-9311,아이안빌,통일로 749-11,,,
11380,11380-9318,미래하임,통일로67길 8-6,,,
11380,11380-9344,제이타워3,통일로 745-10,,,
11380,11380-9373,뉴캐슬,불광로1길 2-6,,,
11380,11380-9375,YS홈타운,통일로77길 6,,,
11380,11380-9377,제이타워4,통일로67길 15,,,
11380,11380-9385,모아아파트(101동),불광로1길 10,,,
11380,11380-9388,대덕타워,통일로 833-6,,,
11380,11380-9394,예성그린,가좌로 345,,,
11380,11380-94,현대타운,갈현로11길 7,,,
11380,11380-9400,갤럭시타운,불광로 40-9,,,
11380,11380-9403,월든힐스,통일로57길 14-1,,,
11380,11380-9413,제이타워,통일로82가길 4-4,,,
11380,11380-9431,북한산동호스카이,연서로34길 42,,,
11380,11380-9487,미래하임(9-46),불광로1길 12,,,
11380,11380-9491,대일아이안(9-25),불광로1길 9,,,
11380,11380-9529,DasHaus,통일로 741-1,,,
11380,11380-9567,녹번역센트레빌,백련산로 160,A12201005,백련산로 160,원문 일치
11380,11380-9604,정익제이원,통일로 745-4,,,
11380,11380-9606,대경홈타운,통일로67길 17-1,,,
11380,11380-9641,주주베에이,통일로67길 9,,,
11380,11380-9660,주주베B,불광로1길 2-4,,,
11380,11380-9676,뉴캐슬,통일로65길 13-2,,,
11380,11380-9708,정익제이원,통일로67길 12-6,,,
11380,11380-9710,밝은문,응암로 254,,,
11380,11380-9721,미래하임(6-19),통일로67길 8-10,,,
11380,11380-9772,유성아이비아파트,불광로 16-15,,,
11380,11380-9791,응암아네스트,은평로 123,,,
11380,11380-98,만민라이프,갈현로 97,,,
11380,11380-9811,대조리치빌III,통일로 745-6,,,
11380,11380-9854,삼영N-CITY,은평로 164,,,
11380,11380-9862,은평뉴타운기자촌11단지,연서로46길 7,A41279932,연서로46길 7,원문 일치
11380,11380-9884,진흥펠리체,응암로 298,,,
11380,11380-9933,정익제이원아파트(15-114),통일로65길 13-10,,,
11380,11380-9946,미래하임(아파트),가좌로 341,,,
11380,11380-9996,위산엘리시움,진흥로9길 6,,,
11410,11410-1,현대,충정로7길 30,,,
11410,11410-10,독립문극동(200-0),독립문공원길 17,,,
11410,11410-100,백련미라보,가재울로6길 53-87,,,
11410,11410-102,DMC래미안클라시스,증가로 191,,,
11410,11410-103,창덕에버빌,모래내로 143,,,
11410,11410-104,남가좌동현대,가재울로 45,,,
11410,11410-105,요진,수색로 102,,,
11410,11410-106,북가좌삼호,거북골로 154,,,
11410,11410-107,월드컵현대,수색로 154,A12081602,수색로 154,원문 일치
11410,11410-108,DMC한양,응암로 28,A12081703,응암로 28,원문 일치
11410,11410-109,DMC현대아파트,응암로 33,A12013101,응암로 33,원문 일치
11410,11410-11,독립문파크빌,통일로 279-75,A12008001,통일로 279-75,원문 일치
11410,11410-110,대성,증가로24바길 23,,,
11410,11410-111,세라,증가로24바길 13,,,
11410,11410-112,한솔,증가로24길 21,,,
11410,11410-115,서강2차(2동),연희로41길 152,,,
11410,11410-116,홍연(723-9),홍연6길 40,,,
11410,11410-117,파크카운티,모래내로20길 24-17,,,
11410,11410-118,동호,경기대로9길 60,,,
11410,11410-12,경남(2차),북아현로6길 19-19,,,
11410,11410-121,유림그랑블,통일로48나길 2,,,
11410,11410-123,송도그린빌A동,모래내로24길 54,,,
11410,11410-124,송도그린빌B동,모래내로24길 52,,,
11410,11410-125,힐탑,송죽길 57-4,,,
11410,11410-126,경일,모래내로24다길 35-17,,,
11410,11410-127,동도하이츠에이동,응암로 134,,,
11410,11410-128,한울뉴타운,응암로 42,,,
11410,11410-129,늘푸른,북아현로6길 65-21,,,
11410,11410-13,두산,이화여대8길 62,A12079501,이화여대8길 62,원문 일치
11410,11410-133,파크빌,홍연길 60,,,
11410,11410-134,대성,북아현로22길 45,,,
11410,11410-136,그랜드(B동),연희로39길 26-7,,,
11410,11410-14,북아현경남,북아현로 40,,,
11410,11410-140,새롬,경기대로7길 19,,,
11410,11410-141,충정리시온,서소문로 27,A12070201,서소문로 27,원문 일치
11410,11410-142,사랑채,서소문로 43-30,,,
11410,11410-143,건일팰리스,북아현로22길 81,,,
11410,11410-145,화신,북아현로22길 56,,,
11410,11410-146,그린빌,북아현로 72-4,,,
11410,11410-147,조은1차,북아현로 68-22,,,
11410,11410-148,조은2차,북아현로 68-20,,,
11410,11410-149,북아현2차,북아현로23길 15,,,
11410,11410-15,북아현맨션,북아현로6길 78,,,
11410,11410-150,북아현1차,북아현로 87,,,
11410,11410-152,홍제원그린뷰아파트,모래내로 460,,,
11410,11410-153,아름채,통일로35길 40,,,
11410,11410-154,홍일,세무서길 39,,,
11410,11410-155,원일,통일로 476,,,
11410,11410-158,초원드림빌,홍제내2길 60,,,
11410,11410-160,노블레스,연희로2길 46,,,
11410,11410-161,씨밀레,연희로2안길 7-18,,,
11410,11410-162,하이펠리스,연희로2안길 7-22,,,
11410,11410-163,엘르빌,신촌로1길 18,,,
11410,11410-17,우민A,북아현로22길 82,,,
11410,11410-170,연우,연희로11자길 14-23,,,
11410,11410-171,시민,증가로 61,,,
11410,11410-172,연희궁,증가로2길 40-16,,,
11410,11410-173,한인트윈빌,홍연길 77,,,
11410,11410-174,강림스위트빌(A동),연희로41가길 75-6,,,
11410,11410-177,Elleville,모래내로17길 79-14,,,
11410,11410-178,부림,명지길 33,,,
11410,11410-179,성우,가좌로 83,,,
11410,11410-18,우민B,북아현로22길 86,,,
11410,11410-181,충우팰리스2,증가로29길 30-14,,,
11410,11410-182,명진,증가로32안길 76,,,
11410,11410-185,성원쌍떼빌팰리스,연희로28길 35-28,,,
11410,11410-186,파크힐,통일로37나길 65,,,
11410,11410-187,인왕드림빌,통일로31길 6,,,
11410,11410-190,동도하이츠비동,응암로 132,,,
11410,11410-2,글로리,경기대로 21,,,
11410,11410-20,문영센스빌,북아현로20길 68,,,
11410,11410-22,신촌럭키,이화여대길 50-12,A12017001,이화여대길 50-12,원문 일치
11410,11410-24,혜우,신촌역로 10,,,
11410,11410-27,대림,연희로32길 20,A12071103,연희로32길 20,원문 일치
11410,11410-28,대우푸르지오,연희로 38-20,A12011002,연희로 38-20,원문 일치
11410,11410-286,로얄패밀리아파트B동,경기대로9길 11,,,
11410,11410-287,충정솔레디움(102동),경기대로3길 19-5,,,
11410,11410-289,충정솔레디움(101동),경기대로3길 7,,,
11410,11410-29,동도아카데미하우스2차,연희로26가길 33,,,
11410,11410-292,건우그린,신촌로1길 69,,,
11410,11410-293,광남캐스빌1(512-4),연희로2안길 24,,,
11410,11410-297,충우,연희로15길 131,,,
11410,11410-298,우민,연희로11자길 14-31,,,
11410,11410-299,선명(102동),증가로 74,,,
11410,11410-3,미동,충정로7길 9,,,
11410,11410-30,성원,연희로32길 48,A12071101,연희로32길 48,원문 일치
11410,11410-300,선명(101동),증가로 76,,,
11410,11410-301,나영힐빌리지,연희로37안길 19-26,,,
11410,11410-302,세윤외인빌리지,연희로37안길 19-36,,,
11410,11410-303,현대하이츠,증가로6길 34,,,
11410,11410-304,주은스카이빌,증가로 193,,,
11410,11410-311,성암,증가로20가길 79,,,
11410,11410-312,동림아파트,증가로20나길 21,,,
11410,11410-32,연화,연희로25길 101,,,
11410,11410-33,연희아트빌,연희로24길 19-13,,,
11410,11410-34,은하,연희로15길 127,,,
11410,11410-3460,성우아파트,북아현로22길 24,,,
11410,11410-3469,그레이스(B동),홍제원길 26,,,
11410,11410-3481,싸이,증가로2길 53,,,
11410,11410-3485,일진아이윌,동교로 290,,,
11410,11410-35,임광,동교로 291,A12071102,동교로 291,원문 일치
11410,11410-3517,신일해피트리,수색로 147-1,A10024428,수색로 147-1,원문 일치
11410,11410-3524,래미안남가좌2차,수색로6길 43,A12012101,수색로6길 43,원문 일치
11410,11410-3525,쌍용스윗닷홈,거북골로 91-6,,,
11410,11410-3530,센타폴리스,연희로2길 49,,,
11410,11410-3532,우국한마음,홍제천로 194,,,
11410,11410-3535,신원지벤스타1,명지길 86,,,
11410,11410-3537,신원지벤스타6,명지길 42,,,
11410,11410-3549,동평늘푸른,연희로37길 77-23,,,
11410,11410-3550,제이씨라디앙,모래내로17안길 18,,,
11410,11410-3569,천연뜨란채,독립문로8길 54,A12004001,독립문로8길 54,원문 일치
11410,11410-3582,행복한,경기대로5길 23,,,
11410,11410-3588,미든푸르지,연희로41라길 23,,,
11410,11410-3590,교수(B),모래내로17길 65-16,,,
11410,11410-3599,홍제비콘드림힐,세무서8길 49,,,
11410,11410-3607,우리유앤미,경기대로 26-7,,,
11410,11410-3608,DMC휴먼빌아파트,거북골로18가길 23,A12013001,거북골로18가길 23,원문 일치
11410,11410-3609,드리밍아파트,홍제천로 204,,,
11410,11410-3610,장성미모아,모래내로 344-11,,,
11410,11410-3619,인왕산어울림,통일로26길 17,,,
11410,11410-3655,연희베벌리힐즈,명지길 104,,,
11410,11410-3656,베벌리힐즈,명지길 104,,,
11410,11410-3677,DMC두산위브,증가로 200-8,A12013201,증가로 200-8,원문 일치
11410,11410-37,홍연,홍연6길 19,,,
11410,11410-3702,우공팰리스,수색로8길 40,,,
11410,11410-3712,DMC이랜드해가든,수색로 157,,,
11410,11410-3713,예스에이피엠,이화여대1길 10,,,
11410,11410-3743,DMC서부인터빌,증가로30길 8,,,
11410,11410-3751,홍은드림아파트,연희로37길 25-14,,,
11410,11410-3755,세한숲속마을,통일로 555,A10024692,통일로 555,원문 일치
11410,11410-38,리베르떼-빌(LibertVille),연희로10길 43-16,,,
11410,11410-3838,에스케이뷰,서소문로 43-8,A12003001,서소문로 43-8,원문 일치
11410,11410-3841,마체스터,세검정로 106-8,,,
11410,11410-3856,DMC아이파크,거북골로14길 32,A12013002,거북골로14길 32,원문 일치
11410,11410-3865,명가,가좌로 100-21,,,
11410,11410-3869,삼우장미,증가로 51,,,
11410,11410-3874,에코빌리지,홍제천로 202,,,
11410,11410-3893,인왕산한신휴플러스,통일로 397,,,
11410,11410-3898,홍은센트레빌,통일로 553,A12071002,통일로 553,원문 일치
11410,11410-39,충우하이빌,연희로18안길 13,,,
11410,11410-3900,DMC센트레빌,거북골로 120,A12072801,거북골로 120,원문 일치
11410,11410-3902,경남102동,북아현로6길 15,,,
11410,11410-3906,돈의문센트레빌,독립문로14길 33,A12070101,독립문로14길 33,원문 일치
11410,11410-3912,로하스,모래내로17길 21,,,
11410,11410-3939,충림예하임,충정로5길 27,,,
11410,11410-3960,반석블레스,통일로48가길 15,,,
11410,11410-3961,연희에스엠,홍연2길 21,,,
11410,11410-40,제이아델리아,연희로25길 23,,,
11410,11410-4034,연대JK,성산로 394,,,
11410,11410-4044,동원베네스트,홍은중앙로1길 65,A12010001,홍은중앙로1길 65,원문 일치
11410,11410-4085,DMC래미안e편한세상,수색로 100,A12013003,수색로 100,원문 일치
11410,11410-41,신원,연희로 239-5,,,
11410,11410-4202,3RU-City,신촌로 1,,,
11410,11410-4254,연희자이엘라,연희로5길 14,A12071104,연희로5길 14,원문 일치
11410,11410-4269,연희웨스트팰리스,연희로5길 54-11,,,
11410,11410-43,고은,모래내로 453,,,
11410,11410-4373,신촌자이엘라,신촌로 149,,,
11410,11410-4377,홍은동아더프라임,통일로 530,,,
11410,11410-4457,에이원,홍제원길 45,,,
11410,11410-4465,제일아파트,통일로37나길 12-6,,,
11410,11410-4476,신촌푸르지오,북아현로1길 50,A10027851,북아현로1길 50,원문 일치
11410,11410-4479,DMC파크뷰자이1단지,가재울미래로 2,A10027817,가재울미래로 2,원문 일치
11410,11410-4480,DMC파크뷰자이2단지,가재울미래로 2,A10027817,가재울미래로 2,원문 일치
11410,11410-4481,DMC파크뷰자이3단지,가재울미래로 2,A10027817,가재울미래로 2,원문 일치
11410,11410-4482,DMC파크뷰자이4단지,가재울미래로 2,A10027817,가재울미래로 2,원문 일치
11410,11410-4483,DMC파크뷰자이5단지,가재울미래로 2,A10027817,가재울미래로 2,원문 일치
11410,11410-45,광산,모래내로 455,,,
11410,11410-4504,제니스APT,모래내로 376,,,
11410,11410-4537,금호어울림,모래내로 411,A10027681,모래내로 411,원문 일치
11410,11410-46,남양,홍제내길 168,A12009101,홍제내길 168,원문 일치
11410,11410-4617,e편한세상신촌3단지,북아현로 29,,,
11410,11410-4618,e편한세상신촌2단지,북아현로1길 17,A10026370,북아현로1길 17,원문 일치
11410,11410-4619,e편한세상신촌1단지,북아현로1가길 20,,,
11410,11410-4634,디엠씨엘가,모래내로 151,A10027019,모래내로 151,원문 일치
11410,11410-4641,제니스,홍제원길 25-1,,,
11410,11410-4645,e편한세상신촌4단지,신촌로35길 10,,,
11410,11410-4702,북한산더샵,통일로 510,A10026604,통일로 510,원문 일치
11410,11410-4714,서대문노블루체,연희로 265,,,
11410,11410-4730,이대경우타운,이화여대1안길 22,,,
11410,11410-4738,아르팰리스,연희로 261-60,,,
11410,11410-4746,홍제헤렌,통일로36가길 9,,,
11410,11410-4755,HDX휴팰리스,통일로 536,,,
11410,11410-4762,DMC센트럴아이파크,증가로 150,A10025976,증가로 150,원문 일치
11410,11410-4767,연희파크푸르지오,홍제천로 136,A10025822,홍제천로 136,원문 일치
11410,11410-4768,대경아르체,응암로 133,,,
11410,11410-4769,홍제센트럴IPARK,통일로 395,A10025767,통일로 395,원문 일치
11410,11410-48,무악재한화,통일로 357,,,
11410,11410-4813,북한산두산위브,홍은중앙로3길 9,A10025166,홍은중앙로3길 9,원문 일치
11410,11410-4818,DMC에코자이,거북골로 84,A10025130,거북골로 84,원문 일치
11410,11410-4824,래미안루센티아,거북골로 100,A10024938,거북골로 100,원문 일치
11410,11410-4846,힐스테이트신촌,이화여대8길 123,A10024719,이화여대8길 123,원문 일치
11410,11410-4847,파라타워,신촌로 163,,,
11410,11410-4856,북한산두산위브2차,홍은중앙로1길 100,A10024532,홍은중앙로1길 100,원문 일치
11410,11410-4894,홍제역해링턴플레이스,세무서8길 30,A10023959,세무서8길 30,원문 일치
11410,11410-49,문화촌현대,문화촌길 6-24,A12009305,문화촌길 6-24,원문 일치
11410,11410-4902,제니스뷰아파트,홍제원길 51,,,
11410,11410-4920,DMC금호리첸시아,수색로2길 39,A10023709,수색로2길 39,원문 일치
11410,11410-4932,서대문푸르지오센트럴파크,통일로 339,A10023560,통일로 339,원문 일치
11410,11410-4942,신촌헤리센트,신촌로37길 22,,,
11410,11410-4947,힐스테이트홍은포레스트,가좌로4길 21,A10023482,가좌로4길 21,원문 일치
11410,11410-4982,e편한세상서대문,통일로 505,A10023449,통일로 505,원문 일치
11410,11410-5,피어리스,충정로 50,,,
11410,11410-5006,(72-31),신촌로 59,,,
11410,11410-5010,홍제에스피엘,모래내로 424,,,
11410,11410-5018,반석블레스포레,독립문로8길 27,,,
11410,11410-5029,북한산삼부르네상스101동,포방터8길 30,,,
11410,11410-5030,북한산삼부르네상스201동,포방터8길 25,,,
11410,11410-5031,북한산삼부르네상스301동302동303동,포방터8길 1,,,
11410,11410-5032,북한산삼부르네상스304동305동,포방터8길 1,,,
11410,11410-5034,북한산삼부르네상스102동103동104동,포방터8길 30,,,
11410,11410-5035,북한산삼부르네상스202동203동204동,포방터8길 25,,,
11410,11410-5036,북한산삼부르네상스205동206동207동,포방터8길 25,,,
11410,11410-52,서울맨션,통일로37길 30,,,
11410,11410-53,성원,모래내로 430,A12009201,모래내로 430,원문 일치
11410,11410-54,안산맨숀,통일로32길 6,,,
11410,11410-55,유원하나,세검정로 134,,,
11410,11410-56,태영으뜸(데시앙),세검정로3길 63,A12086001,세검정로3길 63,원문 일치
11410,11410-57,인왕,통일로32길 3,,,
11410,11410-58,인왕궁맨숀,통일로32길 14,,,
11410,11410-59,인왕산벽산,세무서길 106-12,A12009302,세무서길 106-12,원문 일치
11410,11410-5978,서대문센트럴아이파크,,,,
11410,11410-5996,흥연,홍연8길 7,,,
11410,11410-60,인왕산현대,통일로34길 46,,,
11410,11410-61,조한,홍제내길 174,,,
11410,11410-62,중앙하이츠,홍제내2길 67,,,
11410,11410-63,청구1차,통일로 348,A12009203,통일로 348,원문 일치
11410,11410-64,청구2차,통일로 344,,,
11410,11410-65,청구3차,통일로 332,A12078706,통일로 332,원문 일치
11410,11410-67,홍제한양,통일로25길 30,A12085303,통일로25길 30,원문 일치
11410,11410-68,홍제현대,통일로39가길 57,A12009102,통일로39가길 57,원문 일치
11410,11410-69,현대그린,세무서2길 64,A12009303,세무서2길 64,원문 일치
11410,11410-7,동부센트레빌,독립문로14길 74,A12005001,독립문로14길 74,원문 일치
11410,11410-71,홍제삼성래미안,통일로 319,A12009202,통일로 319,원문 일치
11410,11410-711,동양드림,통일로26길 12-2,,,
11410,11410-73,홍제원현대(459-0),통일로34길 43,,,
11410,11410-75,동일3차,통일로37나길 43,,,
11410,11410-77,극동,포방터10길 33,A12010203,포방터10길 33,원문 일치
11410,11410-80,동아빌라(188-72),연희로41길 162,,,
11410,11410-81,동일,홍은중앙로 81,,,
11410,11410-82,두산,모래내로 309,A12071001,모래내로 309,원문 일치
11410,11410-84,홍은미성,연희로41길 114,,,
11410,11410-85,홍은동벽산,세검정로1길 95,A12010104,세검정로1길 95,원문 일치
11410,11410-86,부림베스트빌,증가로8길 88,,,
11410,11410-87,서강1차(1동),연희로41길 142,,,
11410,11410-88,서강주상복합,가좌로 65,,,
11410,11410-89,유원,홍은중앙로1길 33,A12084302,홍은중앙로1길 33,원문 일치
11410,11410-9,독립문삼호,독립문로 10,A12007001,독립문로 10,원문 일치
11410,11410-91,초원,홍은중앙로 156,,,
11410,11410-92,풍림1차,통일로48가길 37,A12010101,통일로48가길 37,원문 일치
11410,11410-93,풍림2,세검정로1길 35,A12010103,세검정로1길 35,원문 일치
11410,11410-95,"현대(1,2차)",연희로 377,A12084504,연희로 377,원문 일치
11410,11410-96,홍은동풍림아이원,홍은중앙로 149,A12010202,홍은중앙로 149,원문 일치
11410,11410-97,진흥,모래내로 319,,,
11410,11410-99,넥서스빌,모래내로17안길 30,,,
11440,11440-1,서서울삼성,마포대로 262,A12101001,마포대로 262,원문 일치
11440,11440-10,신공덕래미안3차,만리재로 60,A12103002,만리재로 60,원문 일치
11440,11440-100,노블레스빌3,성미산로27길 15,,,
11440,11440-101,노블레스빌2,성미산로27길 15-1,,,
11440,11440-103,대원,성산로4길 75,,,
11440,11440-105,삼호빌라트,성미산로 72,,,
11440,11440-107,성산동성,모래내로3길 4,,,
11440,11440-108,세원,월드컵북로 194,,,
11440,11440-109,성산시영(유원),월드컵북로 235,,,
11440,11440-11,고려,큰우물로 76,,,
11440,11440-110,월드,월드컵북로12안길 74-10,,,
11440,11440-112,성사1차풍림아파트101동,성암로1길 8,A12185001,성암로1길 8,원문 일치
11440,11440-114,해피존,월드컵로26길 43,,,
11440,11440-115,그레이스,월드컵로26길 21,,,
11440,11440-1150,강변그린,대흥로2길 8,,,
11440,11440-117,유안,성미산로3가길 6-8,,,
11440,11440-118,성산월드타운대림,월드컵북로30길 9-22,A12125202,월드컵북로30길 9-22,원문 일치
11440,11440-119,상인파크빌,성미산로1길 92,,,
11440,11440-12,도화동현대,새창로 52,A12181406,새창로 52,원문 일치
11440,11440-120,강림월드타운,성암로7길 14,,,
11440,11440-121,중동계룡아파트,월드컵북로38가길 20,A12187901,월드컵북로38가길 20,원문 일치
11440,11440-122,마포중동현대,성암로 91,A12187905,성암로 91,원문 일치
11440,11440-123,DMC마포청구아파트,성암로11길 60,A12187904,성암로11길 60,원문 일치
11440,11440-124,현대,성암로7길 3,A12187703,성암로7길 3,원문 일치
11440,11440-125,건영월드컵,성암로 41,A12187902,성암로 41,원문 일치
11440,11440-126,공덕현대,마포대로11길 73,A12180401,마포대로11길 73,원문 일치
11440,11440-127,미원2,월드컵로29길 68,,,
11440,11440-128,성원1,월드컵로25길 125,,,
11440,11440-129,대원칸타빌,창전로2길 10,A12185605,창전로2길 10,원문 일치
11440,11440-13,도화현대,새창로 52,A12181406,새창로 52,원문 일치
11440,11440-130,청화,월드컵로25길 75,,,
11440,11440-131,현진에버빌2,동교로3길 125,,,
11440,11440-132,함성월드빌,망원로11길 73,,,
11440,11440-133,밤섬리버베르빌,와우산로 1,,,
11440,11440-135,상암월드컵파크3단지,월드컵로 338,A12127003,월드컵로 338,원문 일치
11440,11440-136,상암월드컵파크2단지,월드컵북로47길 46,A12127004,월드컵북로47길 46,원문 일치
11440,11440-137,신세계드림빌,월드컵로16길 47,,,
11440,11440-138,골든빌(210-10),성미산로11길 8,,,
11440,11440-139,엘지(214-15),월드컵로30다길 23-15,,,
11440,11440-140,엘지(214-70),월드컵로30다길 23-13,,,
11440,11440-142,세양청마루,독막로 209,A12185602,독막로 209,원문 일치
11440,11440-143,삼환나띠르빌,마포대로 183-16,,,
11440,11440-145,광남벨라스(VALLACE),성미산로15길 32,,,
11440,11440-146,코오롱,연남로 30,,,
11440,11440-147,마포자이,독막로42길 2,A12109001,독막로42길 2,원문 일치
11440,11440-148,예원,성암로 133,,,
11440,11440-149,신촌태영데시앙,서강로9길 45,A12188205,서강로9길 45,원문 일치
11440,11440-15,삼성,도화길 28,A12104005,도화길 28,원문 일치
11440,11440-150,펠리스아트빌,토정로 34,,,
11440,11440-151,강변힐스테이트,신수로 15,A12112002,신수로 15,원문 일치
11440,11440-152,신구강변연가,토정로 136-11,,,
11440,11440-153,두영,대흥로 20,,,
11440,11440-156,삼우하이뷰,월드컵로11길 50,,,
11440,11440-157,신부3차파스카,방울내로9안길 98,,,
11440,11440-158,목화,망원로 89,,,
11440,11440-159,태청,포은로6길 34,,,
11440,11440-16,성지,큰우물로 75,,,
11440,11440-161,노블레스(249-12),성미산로23길 4,,,
11440,11440-162,휴먼,연남로9길 20,,,
11440,11440-163,동원월드타운,성암로5길 12,,,
11440,11440-164,그레이스,양화진길 11,,,
11440,11440-166,리버아인,희우정로 16,,,
11440,11440-167,한강동원아파트,토정로2길 6-12,,,
11440,11440-168,성산시영(선경),월드컵북로 235,,,
11440,11440-169,성산시영(대우),월드컵북로 260,A12185004,월드컵북로 260,원문 일치
11440,11440-17,우성,삼개로 38,A12104007,삼개로 38,원문 일치
11440,11440-170,라인성서,성미산로7안길 26,,,
11440,11440-171,성산2차e-편한세상,월드컵북로 216,A12125001,월드컵북로 216,원문 일치
11440,11440-173,로즈빌A,임정로25길 21,,,
11440,11440-174,로즈빌B,임정로25길 19,,,
11440,11440-175,공덕3삼성래미안,마포대로7길 22,A12180506,마포대로7길 22,원문 일치
11440,11440-176,한화꿈에그린,마포대로10길 22,A12102002,마포대로10길 22,원문 일치
11440,11440-177,한화오벨리스크,마포대로 33,A12170402,마포대로 33,원문 일치
11440,11440-178,대림2차,토정로32길 6,,,
11440,11440-179,우공,백범로25길 92,,,
11440,11440-18,정우상가맨션,토정로37길 46,,,
11440,11440-180,신촌포스빌,신촌로 150,A12172201,신촌로 150,원문 일치
11440,11440-181,하나테크노빌,백범로 76,,,
11440,11440-183,기정MAY(247-28),월드컵북로7길 26-6,,,
11440,11440-185,현대하이츠,양화로3길 59,,,
11440,11440-187,삼우월드,월드컵로11길 37,,,
11440,11440-189,길명1차아파트,희우정로 105,,,
11440,11440-19,현대홈타운,새창로8길 72,,,
11440,11440-190,태경크레앙스(102동),희우정로17길 11,,,
11440,11440-191,태경크레앙스(101동),희우정로17길 9,,,
11440,11440-192,현대리버빌,동교로1길 48,,,
11440,11440-193,현대그린,방울내로3길 51,,,
11440,11440-197,노아아크빌,방울내로11길 27,,,
11440,11440-198,송주보르미타운,망원로7길 57,,,
11440,11440-199,시티,포은로6길 33,,,
11440,11440-200,함성드림빌,월드컵로31길 89,,,
11440,11440-201,탑건진선미,방울내로5길 49,,,
11440,11440-202,신부파스카4차,방울내로 43,,,
11440,11440-203,강림스위트빌,방울내로11길 147,,,
11440,11440-204,휴먼빌,방울내로 31,A12123001,방울내로 31,원문 일치
11440,11440-205,두영이지안,방울내로 36,,,
11440,11440-206,함성월드빌2차,월드컵로11길 35,,,
11440,11440-207,예지안파크뷰,방울내로1길 41-14,,,
11440,11440-208,서암,성미산로27길 6,,,
11440,11440-209,홍익하이빌,연남로5길 44,,,
11440,11440-212,한림101동,새터산5길 17,,,
11440,11440-213,상수두산위브,독막로18길 5,A12182901,독막로18길 5,원문 일치
11440,11440-214,함성참좋은,월드컵로20길 46,,,
11440,11440-215,광남벨라스(1차),동교로 126,,,
11440,11440-216,기정MAY(247-112),월드컵북로7길 26-10,,,
11440,11440-217,동보프리미아,방울내로11길 181,,,
11440,11440-218,대운행복,양화로1길 38,,,
11440,11440-219,백명TRENDYAPT,성암로7길 22,,,
11440,11440-220,대원파크빌,와우산로30길 44,,,
11440,11440-221,서교푸르지오,홍익로 10,,,
11440,11440-222,두영이지안,희우정로1길 48,,,
11440,11440-23,마포용강삼성래미안,큰우물로 28,A12187602,큰우물로 28,원문 일치
11440,11440-24,마포대림1,마포대로1길 21,,,
11440,11440-26,한강삼성,토정로32길 11,A12106001,토정로32길 11,원문 일치
11440,11440-27,강변한신코아,마포대로4다길 18,,,
11440,11440-29,보성,마포대로4길 90,A10025672,마포대로4길 90,원문 일치
11440,11440-30,마포쌍용황금아파트,마포대로4라길 30,A12105001,마포대로4라길 30,원문 일치
11440,11440-31,대흥동세양,독막로 288,,,
11440,11440-32,대흥동태영아파트,독막로 266,,,
11440,11440-33,상록,숭문길 106,A12187403,숭문길 106,원문 일치
11440,11440-34,염리삼성래미안,백범로25길 63,,,
11440,11440-35,중앙하이츠,독막로 289,,,
11440,11440-37,현대벤처빌,백범로 10,,,
11440,11440-3890,창전동현대홈타운,서강로 83,A12188202,서강로 83,원문 일치
11440,11440-3897,염리동세양청마루아파트101동,독막로42길 5,,,
11440,11440-3898,창전쌍용스윗닷홈,창전로 63,,,
11440,11440-39,신수동성원,독막로28길 7,A12185504,독막로28길 7,원문 일치
11440,11440-3901,대우미래사랑,월드컵북로5나길 18,A12184201,월드컵북로5나길 18,원문 일치
11440,11440-3902,그레이스3차,양화진길 37,,,
11440,11440-3903,한국프라우드,희우정로 15,,,
11440,11440-3904,한강로얄스위트,망원로 36,,,
11440,11440-3905,참존2차(101동),망원로 16,,,
11440,11440-3906,참존2차(102동),망원로 14,,,
11440,11440-3908,일신건영휴먼빌아파트,토정로5길 9,,,
11440,11440-3910,삼화아크빌(470-2),방울내로9안길 11,,,
11440,11440-3911,삼화아크빌(470-39),방울내로9안길 7,,,
11440,11440-3912,함성월드빌3차301동,망원로11길 35,,,
11440,11440-3915,마포공덕파크팰리스Ⅱ,마포대로 143,,,
11440,11440-3920,경남아너스빌,창전로2길 42,,,
11440,11440-3924,광남벨라스2차,월드컵북로5길 68,,,
11440,11440-3927,상암월드컵파크7단지,상암산로1길 92,A12127005,상암산로1길 92,원문 일치
11440,11440-3928,상암월드컵파크6단지,상암산로1길 57,A12127002,상암산로1길 57,원문 일치
11440,11440-3929,상암월드컵파크5단지,상암산로1길 52,A12127001,상암산로1길 52,원문 일치
11440,11440-3931,성신,대흥로21길 14,,,
11440,11440-3932,공덕스카이아파트,만리재로 119,,,
11440,11440-3934,래미안공덕4차,마포대로11길 50,A12170601,마포대로11길 50,원문 일치
11440,11440-3936,참존1차(419-3),망원로 19,,,
11440,11440-3941,광남벨라스1동,동교로27길 7,,,
11440,11440-3993,마포트라팰리스,마포대로 53,,,
11440,11440-3994,성일빌딩,월드컵북로 98,,,
11440,11440-3996,울트라월드컵(참누리),월드컵북로38길 54,A12187906,월드컵북로38길 54,원문 일치
11440,11440-4,공덕1삼성래미안,마포대로 115-8,,,
11440,11440-40,신촌삼익,신수로 107,,,
11440,11440-4006,한강월드컵,방울내로9안길 64,,,
11440,11440-4015,벨로스,월드컵로26길 23,,,
11440,11440-4027,KCC엠파이어리버,양화로 26,,,
11440,11440-4034,예림아너스,성미산로11길 32-7,,,
11440,11440-4037,성산동자담이움아파트,월드컵로26길 57,,,
11440,11440-4038,상암월드컵파크4단지,상암산로1길 24,A12127006,상암산로1길 24,원문 일치
11440,11440-4045,에덴지우,어울마당로3길 19,,,
11440,11440-4046,중앙하이츠102동,와우산로30길 135,,,
11440,11440-4061,중앙하이츠101동,와우산로30길 135,,,
11440,11440-4062,중앙하이츠103동,와우산로30길 135,,,
11440,11440-4063,중앙하이츠104동,와우산로30길 135,,,
11440,11440-4071,대우메트로디오빌,백범로 199,A12103006,백범로 199,원문 일치
11440,11440-4072,신공덕e편한세상,백범로 239,A12179006,백범로 239,원문 일치
11440,11440-4074,동양엔파트,백범로 82,A12181101,백범로 82,원문 일치
11440,11440-4078,마포경남아너스빌,신수로 81,A12111001,신수로 81,원문 일치
11440,11440-4083,서강오벨리스크스위트,창전로 45,A12177801,창전로 45,원문 일치
11440,11440-4086,해오름2차,월드컵로17길 67,,,
11440,11440-41,현대,토정로 242,A12185603,토정로 242,원문 일치
11440,11440-4108,마포아크로타워,마포대로 68,,,
11440,11440-4142,해오름,월드컵로13길 79,,,
11440,11440-4155,벽산솔렌스힐,광성로 28,,,
11440,11440-4156,서강예가,독막로 145,A12119006,독막로 145,원문 일치
11440,11440-4165,해모로,토정로 167,A12119004,토정로 167,원문 일치
11440,11440-4187,삼익플라주서교1,월드컵북로 39,,,
11440,11440-42,밤섬힐스테이트,신수로3길 23,,,
11440,11440-4213,뉴마인,마포대로14길 32,,,
11440,11440-4281,반도유보라아일랜드,신수로2길 6,,,
11440,11440-43,밤섬예가클래식,신수로2길 26,,,
11440,11440-4340,두영이지안101동,토정로 67,,,
11440,11440-4341,두영이지안102동,토정로 67,,,
11440,11440-44,영풍,토정로 198,,,
11440,11440-4462,두영이지안,만리재로14길 27,,,
11440,11440-4492,마포트라팰리스2차,마포대로 201,,,
11440,11440-4503,망원동동원데쟈뷰,방울내로9안길 57,,,
11440,11440-452,길명2차(455-4),희우정로 115-1,,,
11440,11440-453,상암마젤란21,방울내로11길 43,,,
11440,11440-454,한림201동,새터산5길 11,,,
11440,11440-4551,브라운스톤공덕아파트,백범로 230,A12179001,백범로 230,원문 일치
11440,11440-4564,월드컵아이파크(666-0),모래내로9길 3,,,
11440,11440-4583,롯데캐슬프레지던트,마포대로 109,,,
11440,11440-4586,월드컵아이파크(667),모래내로9길 6,A12171101,모래내로9길 6,원문 일치
11440,11440-46,신촌금호,서강로9길 19,A12188201,서강로9길 19,원문 일치
11440,11440-4609,수풍,월드컵북로38가길 22-5,,,
11440,11440-4611,마포동원베네스트,도화4길 41,A12170401,도화4길 41,원문 일치
11440,11440-4659,DMC상암센트럴파크2단지,월드컵북로42가길 11,A12179501,월드컵북로42가길 11,원문 일치
11440,11440-4660,DMC상암센트럴파크1단지,월드컵북로43길 11,A12179502,월드컵북로43길 11,원문 일치
11440,11440-4686,영화블렌하임,월드컵로25길 26,,,
11440,11440-47,창전래미안,서강로 95,,,
11440,11440-4706,밤섬경남아너스빌,독막로28길 10,A12171201,독막로28길 10,원문 일치
11440,11440-4715,한강밤섬자이,토정로 158,A12115001,토정로 158,원문 일치
11440,11440-4755,상암월드컵파크11단지,월드컵북로 502-37,A12179503,월드컵북로 502-37,원문 일치
11440,11440-4772,상암월드컵파크10단지,월드컵북로 502-36,A12179508,월드컵북로 502-36,원문 일치
11440,11440-4800,상암월드컵파크9단지,월드컵북로 501,A12179504,월드컵북로 501,원문 일치
11440,11440-4801,상암월드컵파크12단지,월드컵북로 502-7,A12179505,월드컵북로 502-7,원문 일치
11440,11440-4802,대호강변,대흥로4길 54,,,
11440,11440-4849,성산힐아파트,성산로6길 37-10,,,
11440,11440-4855,래미안공덕5차,마포대로 173-15,,,
11440,11440-4872,에덴지우,동교로17길 45,,,
11440,11440-4876,kcc웰츠,백범로 202,,,
11440,11440-4887,펜트라우스,백범로 205,A12179004,백범로 205,원문 일치
11440,11440-49,상수동월드메르디앙,와우산로 4,,,
11440,11440-4939,한강그린1차아파트,동교로1길 22,,,
11440,11440-5002,(91-511),신수로 89,,,
11440,11440-5003,대우월드마크마포,백범로 212,,,
11440,11440-5032,리츠,연남로1길 84,,,
11440,11440-5097,메세나폴리스,양화로 45,A12174601,양화로 45,원문 일치
11440,11440-51,서강GS,창전로 26,A12114001,창전로 26,원문 일치
11440,11440-5134,예인하우스,월드컵북로43길 38,,,
11440,11440-5145,비체힐리버뷰,마포대로4나길 71,,,
11440,11440-5218,공덕아이파크,만리재로 36,A12179005,만리재로 36,원문 일치
11440,11440-5233,예미원,마포대로 236,,,
11440,11440-5249,리츠,월드컵로25길 17,,,
11440,11440-5286,신부파스카5차,방울내로11길 73,,,
11440,11440-53,대아,와우산로33길 26-7,,,
11440,11440-5348,마포자이2차,서강대길 40,A12172401,서강대길 40,원문 일치
11440,11440-5381,서희스타힐스,신촌로 160,A12172402,신촌로 160,원문 일치
11440,11440-5406,마포래미안푸르지오2단지,마포대로 195,A12175203,마포대로 195,원문 일치
11440,11440-5407,마포래미안푸르지오1단지,마포대로 195,A12175203,마포대로 195,원문 일치
11440,11440-5408,마포래미안푸르지오3단지,마포대로 195,A12175203,마포대로 195,원문 일치
11440,11440-5410,마포래미안푸르지오4단지,마포대로 195,A12175203,마포대로 195,원문 일치
11440,11440-5427,래미안밤섬리베뉴Ⅱ,독막로20나길 21,A12170702,독막로20나길 21,원문 일치
11440,11440-5428,래미안밤섬리베뉴Ⅰ,독막로20나길 22,A10028177,독막로20나길 22,원문 일치
11440,11440-5440,공덕프로포즈Ⅱ,만리재로 35,,,
11440,11440-5449,이편한세상마포리버파크,토정로31길 24,A10028006,토정로31길 24,원문 일치
11440,11440-5455,래미안마포리버웰,토정로31길 23,A12187501,토정로31길 23,원문 일치
11440,11440-5458,공덕자이,마포대로24길 16,A10027906,마포대로24길 16,원문 일치
11440,11440-5495,마포한강푸르지오,월드컵로1길 14,A10027902,월드컵로1길 14,원문 일치
11440,11440-5530,공덕파크자이,백범로 152,A10027748,백범로 152,원문 일치
11440,11440-5559,래미안웰스트림,토정로18길 11,,,
11440,11440-56,광남푸른마을,양화로7안길 35,,,
11440,11440-5606,마포한강2차푸르지오,월드컵로3길 14,A10027301,월드컵로3길 14,원문 일치
11440,11440-5634,애오개아이파크,굴레방로1길 25,,,
11440,11440-5657,신촌다올노블리움,백범로1길 83,,,
11440,11440-5661,마포센트럴 아이파크,마포대로 246,A10027090,마포대로 246,원문 일치
11440,11440-5673,합정한강아파트,포은로 34,,,
11440,11440-57,대운,양화로7안길 30,,,
11440,11440-5725,강변그린,대흥로2길 16,,,
11440,11440-5727,공덕더샵,백범로 170,,,
11440,11440-5754,엠제이더퍼스트홍대,양화로 114,,,
11440,11440-5759,마포한강아이파크,희우정로 77,A10026053,희우정로 77,원문 일치
11440,11440-5772,마포자이더센트리지(102동~112동),숭문길 98,A10026036,숭문길 98,원문 일치
11440,11440-5776,솔리스타,만리재로 113,,,
11440,11440-5777,블레스하임,만리재로 45-1,,,
11440,11440-5803,스카이캐슬,월드컵로29길 14,,,
11440,11440-5818,마포웨스트리버태영데시앙,서강로3길 32,A10025633,서강로3길 32,원문 일치
11440,11440-5822,마포한강제이스카이,방울내로 37,,,
11440,11440-5823,신촌숲아이파크,광성로 17,A10024974,광성로 17,원문 일치
11440,11440-5861,마포그랑자이,대흥로 175,A10025003,대흥로 175,원문 일치
11440,11440-5862,마포그랑자이(2단지),대흥로 175,A10025003,대흥로 175,원문 일치
11440,11440-59,엘림,월드컵북로7길 40,,,
11440,11440-5909,공덕SK리더스뷰,백범로31길 7,A10024408,백범로31길 7,원문 일치
11440,11440-5910,공덕SK리더스뷰,백범로31길 8,A10024626,백범로31길 8,원문 일치
11440,11440-5919,마포월드컵제이스카이,방울내로11길 38,,,
11440,11440-5944,솔루체,방울내로1길 24,,,
11440,11440-5972,뉴성신아파트,포은로 143,,,
11440,11440-5977,마포프레스티지자이,대흥로24길 24,A10024347,대흥로24길 24,원문 일치
11440,11440-6,마포현대,마포대로11길 84,A12102005,마포대로11길 84,원문 일치
11440,11440-60,센트레,월드컵북로7길 42,,,
11440,11440-6046,우리파크아파트,대흥로24길 27,,,
11440,11440-6074,솔루체2차아파트,월드컵로31길 116,,,
11440,11440-6132,더클래시,신촌로28길 50,A10023508,신촌로28길 50,원문 일치
11440,11440-62,삼성강변,희우정로1길 21,,,
11440,11440-6229,신수동르끌레브아파트,토정로17길 6,,,
11440,11440-6234,만민하늘애,월드컵북로 127,,,
11440,11440-6250,마포푸르지오더센트럴,마포대로 231,A10022941,마포대로 231,원문 일치
11440,11440-63,장미(466-0),어울마당로 11,,,
11440,11440-67,강변타운,동교로3길 79,,,
11440,11440-68,광남캐스빌,월드컵로31길 33,,,
11440,11440-69,대상3,월드컵로31길 103,,,
11440,11440-7,공덕2삼성래미안,마포대로20길 26,,,
11440,11440-70,대상4,포은로8길 8,,,
11440,11440-74,미원1,망원로11길 38,,,
11440,11440-7481,빌리브디에이블,백범로 24,A10020279,백범로 24,원문 일치
11440,11440-75,성신,포은로 147,,,
11440,11440-7551,힐스테이트마포더퍼스트,신수로6길 12,,,
11440,11440-76,성원2,망원로4길 8,,,
11440,11440-77,신부,월드컵로29길 84,,,
11440,11440-78,예향,망원로2길 14,,,
11440,11440-8,신공덕래미안2차,만리재로 74,,,
11440,11440-80,함성백합,월드컵로29길 113,,,
11440,11440-81,뉴서울,월드컵로23길 46,,,
11440,11440-83,천우,방울내로5길 8,,,
11440,11440-84,광남캐스빌B,방울내로5길 41,,,
11440,11440-85,광남캐스빌D,방울내로5길 39,,,
11440,11440-87,광남캐스빌A,방울내로5길 41-1,,,
11440,11440-88,대림1,망원로2길 103,A12182101,망원로2길 103,원문 일치
11440,11440-89,우림루미아트,월드컵로31길 77,A10023665,월드컵로31길 77,원문 일치
11440,11440-9,신공덕1차삼성래미안1아파트,백범로37길 12,A12185303,백범로37길 12,원문 일치
11440,11440-90,한강1차대주피오레,동교로3길 67,,,
11440,11440-91,한강2차대주피오레,동교로3길 115,,,
11440,11440-92,삼성화원,망원로10길 6,,,
11440,11440-93,대림2,망원로1길 27,A12182401,망원로1길 27,원문 일치
11440,11440-94,대명,동교로39길 11,,,
11440,11440-96,새마을,성미산로23길 54,,,
11440,11440-97,엘르빌,성미산로29길 9,,,
11440,11440-98,청기와,연남로 27,,,
11470,11470-1,강산빌라트,목동중앙로 85,,,
11470,11470-10,대원칸타빌,목동로 224,A15805101,목동로 224,원문 일치
11470,11470-100,해주,곰달래로2길 32,,,
11470,11470-101,해태,월정로 21,,,
11470,11470-102,호성파크1,화곡로3가길 11,,,
11470,11470-103,근상아트프리즘,남부순환로 328,,,
11470,11470-104,흥양훼미리,월정로 214,,,
11470,11470-105,은성,곰달래로5길 30,,,
11470,11470-106,탑건위너스빌,곰달래로1길 63,,,
11470,11470-108,대신,오목로13길 16-1,,,
11470,11470-11,동도(729-5),목동중앙남로9길 25,,,
11470,11470-112,수명산태승훼미리,월정로 262,,,
11470,11470-113,제일캐슬,오목로19길 1,,,
11470,11470-114,방주아크빌,오목로7길 35,,,
11470,11470-115,건영,목동로25길 9,,,
11470,11470-116,뉴타운,오목로 172,,,
11470,11470-117,대림,신목로5길 9,A15885303,신목로5길 9,원문 일치
11470,11470-118,마이홈,중앙로29길 120-13,,,
11470,11470-119,목동신시가지10,목동서로 400,A15873701,목동서로 400,원문 일치
11470,11470-12,동도빌라트,국회대로 271,,,
11470,11470-120,목동신시가지11,목동동로 10,A15807705,목동동로 10,원문 일치
11470,11470-121,목동신시가지12,목동동로 50,A15807706,목동동로 50,원문 일치
11470,11470-122,목동신시가지13,목동동로 100,A15807605,목동동로 100,원문 일치
11470,11470-123,목동신시가지14,목동동로 130,A15807606,목동동로 130,원문 일치
11470,11470-124,목동신시가지8,목동서로 280,A15807604,목동서로 280,원문 일치
11470,11470-125,목동신시가지9,목동서로 340,A15807101,목동서로 340,원문 일치
11470,11470-126,목동우성2,목동남로4길 6-23,A15807703,목동남로4길 6-23,원문 일치
11470,11470-127,목동우성3,목동남로4길 20,,,
11470,11470-128,목동현대3차,목동동로12길 60,A15807211,목동동로12길 60,원문 일치
11470,11470-13,목4현대,목동중앙본로1길 11,,,
11470,11470-130,보성주상복합,오목로 232,,,
11470,11470-131,블레스빌,신목로12길 5,,,
11470,11470-132,목동삼성,신목로 7,A15807208,신목로 7,원문 일치
11470,11470-133,삼천리,목동로15길 8,,,
11470,11470-134,목동캐슬아파트,목동동로10길 22,,,
11470,11470-135,수정,신정로13길 35,,,
11470,11470-136,신정6현대,신정로 170,A15885514,신정로 170,원문 일치
11470,11470-137,신정현대5,신정로 300,A15886504,신정로 300,원문 일치
11470,11470-138,신트리1,신정로 293,A15807002,신정로 293,원문 일치
11470,11470-139,신트리3,신정로 290,A15807311,신정로 290,원문 일치
11470,11470-14,목동가든스위트,목동서로 65,,,
11470,11470-140,신트리4,신정로 260,A15807316,신정로 260,원문 일치
11470,11470-141,신호,오목로 160,,,
11470,11470-142,쌍용,신목로 9,A15885306,신목로 9,원문 일치
11470,11470-143,심미에셈빌,목동로23길 34,,,
11470,11470-144,유원목동,신목로 77,A15884901,신목로 77,원문 일치
11470,11470-145,은행,은행정로7길 8,,,
11470,11470-146,제이월드,은행정로4길 6,,,
11470,11470-147,청구,신목로2길 11,A15885307,신목로2길 11,원문 일치
11470,11470-149,파인빌,신목로12길 17,,,
11470,11470-15,목동성원,목동중앙로 67,A15881702,목동중앙로 67,원문 일치
11470,11470-150,푸른마을2,신정로7길 76,A15886508,신정로7길 76,원문 일치
11470,11470-151,푸른마을3,신정로11길 63,A15886507,신정로11길 63,원문 일치
11470,11470-152,푸른힐,오목로 166,,,
11470,11470-153,학마을1단지,신정로14길 6,A15886512,신정로14길 6,원문 일치
11470,11470-154,현대,신목로 23,A15807204,신목로 23,원문 일치
11470,11470-155,흥영,신정중앙로 58,,,
11470,11470-156,길훈로즈빌,목동동로 190,,,
11470,11470-157,아이파크,목동동로 180,A15807210,목동동로 180,원문 일치
11470,11470-16,목동성원초원,목동중앙본로 20,,,
11470,11470-161,삼백훼미리,오목로35길 22,,,
11470,11470-162,보람쉬움,오목로35길 5,A10023593,오목로35길 5,원문 일치
11470,11470-163,태경아파트,은행정로11길 12,,,
11470,11470-164,청원,은행정로 75,,,
11470,11470-165,심미,오목로 171,,,
11470,11470-166,대림아크로빌,목동서로 401,,,
11470,11470-167,정은SKY빌,중앙로29길 120-11,,,
11470,11470-168,팰리스필,신정중앙로15길 5-15,,,
11470,11470-169,동원데쟈뷰,오목로23길 31,,,
11470,11470-17,목동신시가지1,목동서로 38,A15875101,목동서로 38,원문 일치
11470,11470-170,푸른마을4,신정로7길 60-7,A15886505,신정로7길 60-7,원문 일치
11470,11470-171,태영데시앙,신정로 225-12,A15886501,신정로 225-12,원문 일치
11470,11470-172,목동2삼성래미안,목동남로4길 81,A15807702,목동남로4길 81,원문 일치
11470,11470-173,진도1103동,목동서로 254,,,
11470,11470-174,상진지오벨리,목동중앙남로3가길 127,,,
11470,11470-175,세종그랑시아,목동중앙남로3가길 59,,,
11470,11470-176,동구햇살아파트,목동중앙남로 51-18,,,
11470,11470-177,목동휘버스I,목동중앙남로7길 36,,,
11470,11470-178,지오트레벨,목동중앙남로9길 31,,,
11470,11470-18,목동신시가지2,목동서로 70,A15875102,목동서로 70,원문 일치
11470,11470-180,로데오휘버스빌,목동로29길 16,,,
11470,11470-182,대림e-편한세상,신정로13길 38,A15807306,신정로13길 38,원문 일치
11470,11470-183,동문굿모닝탑,목동동로 53,,,
11470,11470-184,명지해드는터,신목로 43,A15807202,신목로 43,원문 일치
11470,11470-185,신일해피트리,중앙로29길 64,,,
11470,11470-186,로마아트빌,중앙로23길 22,,,
11470,11470-187,현대하이페리온,목동동로 257,A15805114,목동동로 257,원문 일치
11470,11470-188,대영월드(B동),남부순환로31길 33,,,
11470,11470-19,목동신시가지3,목동서로 100,A15805003,목동서로 100,원문 일치
11470,11470-190,현대I-PARK,목동로 230,A15805102,목동로 230,원문 일치
11470,11470-191,오진참사랑,오목로 100-6,,,
11470,11470-192,대원칸타빌3,목동중앙로 9,,,
11470,11470-193,월드메르디앙3,목동동로 270,,,
11470,11470-194,보람쉬움1,남부순환로67길 15,,,
11470,11470-195,월드메르디앙2,목동중앙본로1길 5,,,
11470,11470-196,훼미리주상복합,가로공원로64길 13,,,
11470,11470-198,은일로즈힐,신월로 116,,,
11470,11470-199,원능한빛,남부순환로73길 16,,,
11470,11470-2,건영,목동중앙본로22길 63,A15805203,목동중앙본로22길 63,원문 일치
11470,11470-20,목동신시가지4,목동서로 130,A15805503,목동서로 130,원문 일치
11470,11470-200,벽산블루밍1단지,신정로13길 50,A15809603,신정로13길 50,원문 일치
11470,11470-201,대방샤인힐,신월로9길 37,A15809001,신월로9길 37,원문 일치
11470,11470-202,신성미소지움,오목로 76-1,,,
11470,11470-203,삼성쉐르빌,목동동로 189,A15807603,목동동로 189,원문 일치
11470,11470-204,대원칸타빌2,목동중앙로 11,A15805404,목동중앙로 11,원문 일치
11470,11470-206,롯데캐슬위너,목동중앙북로 38,A15805303,목동중앙북로 38,원문 일치
11470,11470-207,웨스트빌(102동),목동중앙본로 48,,,
11470,11470-21,목동신시가지5,목동동로 350,A15805504,목동동로 350,원문 일치
11470,11470-210,목동삼성쉐르빌Ⅱ,목동동로 177,A15807601,목동동로 177,원문 일치
11470,11470-212,상진,은행정로 87,,,
11470,11470-214,재훈,목동로23길 33,,,
11470,11470-215,춘당아네시스,신정중앙로19길 7,,,
11470,11470-217,삼성,국회대로8길 8,,,
11470,11470-219,보성제이드,은행정로 72,,,
11470,11470-22,목동신시가지6,목동동로 430,A15875103,목동동로 430,원문 일치
11470,11470-220,동일아파트,은행정로17길 2,,,
11470,11470-223,예지보금자리(102동),오목로29길 25-1,,,
11470,11470-225,이지라이프,오목로 137,,,
11470,11470-227,주안펌니스아파트,오목로 174,,,
11470,11470-228,현대힐타운,중앙로48길 34,,,
11470,11470-229,신이모닝빌,은행정로 30,,,
11470,11470-23,목동신시가지7,목동로 212,A15805115,목동로 212,원문 일치
11470,11470-231,제일에비앙101동,목동로21길 7,,,
11470,11470-232,목동동보,목동로19길 10,,,
11470,11470-233,이스타팰리스,목동로 163,,,
11470,11470-234,동림,은행정로6길 6,,,
11470,11470-235,태화상가빌라트,중앙로32길 67,,,
11470,11470-236,뉴목동,중앙로 218,,,
11470,11470-238,정은스카이빌3차,중앙로45길 28-12,,,
11470,11470-24,목동트윈빌,목동동로 339,A15805502,목동동로 339,원문 일치
11470,11470-240,대성유니드2차,중앙로29길 108,A15886402,중앙로29길 108,원문 일치
11470,11470-241,대성유니드1차,중앙로29길 102,,,
11470,11470-242,자성,중앙로39길 24-14,,,
11470,11470-244,주건드림빌,은행정로13길 3,,,
11470,11470-245,정은스카이빌2차,중앙로45길 42,,,
11470,11470-246,힐탑이루미,은행정로17길 80,,,
11470,11470-247,경남아너스빌,목동동로10길 16-6,A15807001,목동동로10길 16-6,원문 일치
11470,11470-248,롯데캐슬,신목로12길 22,A15807205,신목로12길 22,원문 일치
11470,11470-25,목화,목동중앙남로4길 11-17,,,
11470,11470-250,효원빌라트,목동중앙로13길 2,,,
11470,11470-251,힐타운,목동중앙본로19길 20,,,
11470,11470-252,목동성삼하이츠,목동서로 238,,,
11470,11470-254,래디앙아파트,오목로 276-5,,,
11470,11470-255,신화타워,목동중앙북로 60,,,
11470,11470-256,애드웰(534),목동중앙본로30길 54,,,
11470,11470-257,목동진흥,목동중앙북로16가길 47,,,
11470,11470-258,상진지오벨리(548),목동중앙북로10길 59,,,
11470,11470-259,태청,목동중앙북로4길 43,,,
11470,11470-26,미성,목동중앙본로5길 51,,,
11470,11470-260,행복자,목동중앙북로8가길 23,,,
11470,11470-261,목동다솔,목동중앙남로3가길 131,,,
11470,11470-262,두란,목동중앙남로3가길 116,,,
11470,11470-263,보경,목동중앙남로9길 29,,,
11470,11470-264,왕자상가아파트,목동중앙남로 38,,,
11470,11470-266,목동2차아이파크,목동중앙로 79,,,
11470,11470-267,목동글로리파크,목동중앙로 43,,,
11470,11470-268,애드웰(774-10),목동중앙서로 45,,,
11470,11470-269,상록,국회대로 269,,,
11470,11470-27,벽산,목동서로 236,,,
11470,11470-270,웨스트빌,목동중앙본로 50-12,,,
11470,11470-271,금호어울림,목동중앙서로 37,A15805403,목동중앙서로 37,원문 일치
11470,11470-272,근상프리즘,목동중앙본로2길 45,,,
11470,11470-273,수명산타워빌,월정로 293,,,
11470,11470-274,샤인팰리스,화곡로3길 20-19,,,
11470,11470-275,행복한세상,남부순환로 297,,,
11470,11470-276,NEWSK아파트,가로공원로61길 20,,,
11470,11470-277,미리내아파트,화곡로4길 3,,,
11470,11470-278,청남,남부순환로31길 24,,,
11470,11470-28,벽산미라지타워,목동동로 385,,,
11470,11470-280,우진,곰달래로13길 71,,,
11470,11470-281,삼동,월정로31길 27,,,
11470,11470-283,은하아파트,곰달래로1길 50,,,
11470,11470-284,동도하이츠,곰달래로2길 41,,,
11470,11470-286,탑건위너빌,오목로1길 27,,,
11470,11470-287,보아스청와,오목로3길 32,,,
11470,11470-288,타워빌,오목로3길 24,,,
11470,11470-289,상신,오목로3길 3,,,
11470,11470-29,부영2,목동동로 401,A15805501,목동동로 401,원문 일치
11470,11470-290,삼백,오목로3길 5-16,,,
11470,11470-291,두원빌드피아(444-7),오목로7길 6,,,
11470,11470-294,두원B동,오목로11길 17-8,,,
11470,11470-295,성림,오목로9길 20,,,
11470,11470-297,동양브로미(101동)A,오목로13길 14,,,
11470,11470-298,동양브로미(102동)B,오목로15길 11,,,
11470,11470-299,동양브로미(102동)A,오목로15길 9,,,
11470,11470-3,건진,목동중앙로3길 42,,,
11470,11470-30,부영3,목동동로 411,A15805301,목동동로 411,원문 일치
11470,11470-301,홍익아파트,오목로17길 12,,,
11470,11470-302,예건미예뜰1동,오목로19길 5,,,
11470,11470-305,이형원앙,오목로 46-6,,,
11470,11470-306,세진아파트,오목로 30,,,
11470,11470-307,삼종레이빌101동,오목로4길 5,,,
11470,11470-308,삼종레이빌102동,오목로4길 7,,,
11470,11470-31,부영그린타운1,목동동로 393,,,
11470,11470-311,연흥,신월로15길 9,,,
11470,11470-312,오투힐,신월로9길 20,,,
11470,11470-313,세아쎄닛빌,남부순환로 569,,,
11470,11470-314,영남타운,남부순환로 571,,,
11470,11470-315,당곡,남부순환로 575,,,
11470,11470-317,조광,남부순환로 589,,,
11470,11470-318,삼도(101),남부순환로 591,,,
11470,11470-320,대림타운,신월로10길 8,,,
11470,11470-322,청정,신월로20길 5-11,,,
11470,11470-323,청송그린힐,신월로 119,,,
11470,11470-324,용민홈타워빌,지양로 25,,,
11470,11470-325,보금자리,남부순환로 586,,,
11470,11470-33,삼익,목동동로12길 45,A15882010,목동동로12길 45,원문 일치
11470,11470-330,탑건진선미,화곡로4길 11,,,
11470,11470-331,대주파크빌,남부순환로85길 16,A15809601,남부순환로85길 16,원문 일치
11470,11470-332,신도신월1차,신월로20길 33,A15809201,신월로20길 33,원문 일치
11470,11470-333,방주기픈샘,월정로8길 8,,,
11470,11470-334,신도브래뉴2차,화곡로3길 34,,,
11470,11470-335,신월동방원,곰달래로2길 31,,,
11470,11470-336,대성유니드,신월로15길 21,,,
11470,11470-337,청성넥스빌,신월로9길 16,,,
11470,11470-338,거산,월정로 249,,,
11470,11470-339,목동동화옥시죤-7,목동중앙본로3길 7,,,
11470,11470-34,목동성원(926-8),목동서로 234,A15805105,목동서로 234,원문 일치
11470,11470-340,신정동로마,오목로38길 16,,,
11470,11470-341,장미,오목로35길 2,,,
11470,11470-342,수산팰리스,목동중앙북로16길 71,,,
11470,11470-343,목동태진드림피아,목동중앙로5가길 31,,,
11470,11470-345,신월2차보람쉬움,오목로1길 46,A15809401,오목로1길 46,원문 일치
11470,11470-346,동국화이트빌B동,은행정로19길 3,,,
11470,11470-347,동국화이트빌A동,은행정로19길 1,,,
11470,11470-35,성원2,목동중앙남로 100,A15805302,목동중앙남로 100,원문 일치
11470,11470-354,에이원,월정로11길 9,,,
11470,11470-359,서울,오목로 36,,,
11470,11470-36,스카이빌아파트,목동중앙로 47-10,,,
11470,11470-361,벽산블루밍2단지,신정로13길 51,,,
11470,11470-38,목동현대1,목동동로 240,A15882008,목동동로 240,원문 일치
11470,11470-39,에이스,목동중앙남로 21-15,,,
11470,11470-3924,보람,중앙로55길 16,,,
11470,11470-3925,신정동경남아너스빌2차,신목로5길 21,,,
11470,11470-3926,목동해오름101동,목동로9길 25,,,
11470,11470-3927,동일하이빌1단지,신정로11길 20,A15807315,신정로11길 20,원문 일치
11470,11470-3928,동일하이빌2단지,신정로11길 20,A15807315,신정로11길 20,원문 일치
11470,11470-3935,미래드림캐슬,목동중앙남로 99,,,
11470,11470-3936,목동두산위브,목동중앙본로 85,,,
11470,11470-3937,명지해드는터,목동중앙서로11길 49-5,,,
11470,11470-3940,빛여울,가로공원로 78,,,
11470,11470-3941,상아아름,월정로 62,,,
11470,11470-3942,한우리아파트,중앙로55길 31,,,
11470,11470-3943,한우리(101동),중앙로55길 29,,,
11470,11470-3944,신월2차미소지움,오목로10길 7-8,,,
11470,11470-3945,삼정그린뷰,오목로3길 17,A15809402,오목로3길 17,원문 일치
11470,11470-3946,길훈엔트런스빌,곰달래로11길 21,,,
11470,11470-3954,목동미소래,목동중앙남로 46,,,
11470,11470-3957,목동휘버스,오목로50길 17,,,
11470,11470-3959,삼익플라주,신월로 181,,,
11470,11470-3960,신월6차보람,곰달래로7길 7,,,
11470,11470-3968,강국,월정로 245,,,
11470,11470-3993,동원로데오,목동로29길 7,,,
11470,11470-3997,정은스카이빌(959),목동중앙북로24길 83,,,
11470,11470-3998,신한이모르젠,목동중앙북로 7,,,
11470,11470-3999,삼익플라주(81-10),가로공원로 129,,,
11470,11470-4,극동늘푸른,목동중앙본로 10,A15881601,목동중앙본로 10,원문 일치
11470,11470-40,우당,국회대로 276,,,
11470,11470-4002,정은스카이빌(1044),신월로11길 36,,,
11470,11470-4003,상진지오밸리가동,목동중앙본로5길 26,,,
11470,11470-4004,온누리,남부순환로27길 6,,,
11470,11470-4009,올림푸스(150-1),가로공원로 82,,,
11470,11470-4010,그린아파트빌,남부순환로71길 6,,,
11470,11470-4014,목동이-편한세상,목동중앙로7길 32,A15805202,목동중앙로7길 32,원문 일치
11470,11470-4015,세양청마루,목동남로2길 60-30,A15807701,목동남로2길 60-30,원문 일치
11470,11470-4021,주함헤븐103동,남부순환로58길 24-16,,,
11470,11470-4023,주함헤븐101동,남부순환로58길 24-8,,,
11470,11470-4024,양천벽산블루밍1단지,월정로9길 17,A15883201,월정로9길 17,원문 일치
11470,11470-4025,양천벽산블루밍2단지,월정로9길 20,,,
11470,11470-4026,양천벽산블루밍3단지,월정로7길 24,,,
11470,11470-4028,삼익2차플라주,신월로13길 13,,,
11470,11470-4043,아름다운세상,화곡로3길 31,,,
11470,11470-4045,하이페리온2,오목로 300,A15805111,오목로 300,원문 일치
11470,11470-4046,목동보미리즌빌,목동중앙본로7길 45,,,
11470,11470-4052,동원,목동중앙남로16마길 27-5,,,
11470,11470-4063,이연에버리치,신정중앙로21길 10,,,
11470,11470-4065,디아이빌102동,지양로17길 9,,,
11470,11470-4071,정은스카이빌2차,신월로9길 36,,,
11470,11470-41,우성,목동중앙로 143,A15880204,목동중앙로 143,원문 일치
11470,11470-4115,주함헤븐106동,남부순환로62길 15,,,
11470,11470-4123,주함헤븐105동,남부순환로62길 17,,,
11470,11470-4124,주남헤븐107동,남부순환로62길 13,,,
11470,11470-4125,동도센트리움,오목로17길 7,,,
11470,11470-4129,지오프레저101동,은행정로11나길 10,,,
11470,11470-4145,엘림(986-13),지양로3길 8,,,
11470,11470-4151,신성미소지움3차아파트,오목로 39-22,,,
11470,11470-4164,목동노블레스,목동중앙남로 12-3,,,
11470,11470-4186,장수마을2단지동원데쟈뷰,오목로 76-2,,,
11470,11470-42,월드메르디앙,목동중앙본로 34,,,
11470,11470-4206,방주기픈샘2,중앙로55길 59,,,
11470,11470-4210,세진,월정로46길 11,,,
11470,11470-4234,삼익4차플라주,신월로 203,,,
11470,11470-4241,세양청마루2차주상복합,목동남로4길 2,,,
11470,11470-4256,SM엘루이아파트,은행정로4길 25,,,
11470,11470-4299,우영아파트,남부순환로59길 3,,,
11470,11470-43,일신파스텔,등촌로 110,,,
11470,11470-4303,ParkPalaceII,목동중앙북로16길 85,,,
11470,11470-4305,수명산롯데캐슬,월정로 303,A15809502,월정로 303,원문 일치
11470,11470-4315,장수마을,오목로10길 11,,,
11470,11470-4322,금하뜨라네,가로공원로56길 10,A15878601,가로공원로56길 10,원문 일치
11470,11470-4324,예지팰리스50차,목동로27길 15,,,
11470,11470-4342,동양부로미(926-4),신정중앙로 24,,,
11470,11470-4349,트라팰리스웨스턴에비뉴,오목로 299,A15870101,오목로 299,원문 일치
11470,11470-4350,트라팰리스이스턴에비뉴,오목로 299,A15870101,오목로 299,원문 일치
11470,11470-4378,수명산SKVIEW,월정로 306,A15882201,월정로 306,원문 일치
11470,11470-4382,코아루1단지,남부순환로56길 9,,,
11470,11470-4388,상진지오벨리,화곡로 85,,,
11470,11470-44,진도1,목동서로 264,A15882104,목동서로 264,원문 일치
11470,11470-4405,엘리시아,목동중앙북로 108,,,
11470,11470-4409,청우,국회대로 224,,,
11470,11470-4414,코아루2단지,남부순환로56길 15,,,
11470,11470-4437,누리애,오목로1길 45,,,
11470,11470-4443,중앙하이츠,목동남로2길 60-7,A15873902,목동남로2길 60-7,원문 일치
11470,11470-4472,덕수펠리체(45),남부순환로 330,,,
11470,11470-45,진도2,목동동로 250,A15882103,목동동로 250,원문 일치
11470,11470-4500,롯데캐슬(1057-0),오목로5길 19,A15883202,오목로5길 19,원문 일치
11470,11470-4501,롯데캐슬(1057-1),오목로5길 20,,,
11470,11470-4532,성보,목동중앙서로 47,,,
11470,11470-4574,이펜하우스5단지,신정이펜1로 27,A15807003,신정이펜1로 27,원문 일치
11470,11470-4576,이펜하우스2단지,신정이펜2로 55,A15809002,신정이펜2로 55,원문 일치
11470,11470-4594,이펜하우스1단지,신정이펜1로 99,A15870701,신정이펜1로 99,원문 일치
11470,11470-46,목동청구한신아파트,목동서로2길 22,A15805002,목동서로2길 22,원문 일치
11470,11470-4600,이펜하우스3단지,신정이펜1로 50,A15879502,신정이펜1로 50,원문 일치
11470,11470-4601,이펜하우스4단지,신정이펜1로 51,A15807004,신정이펜1로 51,원문 일치
11470,11470-4611,엘리온,목동중앙서로8길 29,,,
11470,11470-4614,흥인아이젠,신월로 155,,,
11470,11470-47,한신빌라트1,목동서로2길 16,,,
11470,11470-4729,동원데자뷰,화곡로3길 43,,,
11470,11470-4743,신정두산위브,신월로20길 7,A15883401,신월로20길 7,원문 일치
11470,11470-48,현대,목동동로 202,A15882006,목동동로 202,원문 일치
11470,11470-4894,동구햇살아파트2차,목동중앙남로 80,,,
11470,11470-49,삼도,목동중앙본로19길 6,,,
11470,11470-4926,덕현해밀(101동),남부순환로35길 12,,,
11470,11470-4936,은성마을승윤노블리안,화곡로5길 15,,,
11470,11470-4948,삼익플라주행복한마을,오목로1길 35,,,
11470,11470-4958,동서,오목로9길 11,,,
11470,11470-4981,예지보금자리74차,오목로15길 20-1,,,
11470,11470-4993,롯데캐슬,중앙로29길 61,A15883402,중앙로29길 61,원문 일치
11470,11470-5,금호아파트(768),목동중앙남로3길 11,A10024823,목동중앙남로3길 11,원문 일치
11470,11470-5010,수명산그린시아,월정로 299,,,
11470,11470-5095,태산,오목로 20,,,
11470,11470-5141,목동센트럴푸르지오,오목로 354,A10027849,오목로 354,원문 일치
11470,11470-5160,리슈리안,중앙로 311,,,
11470,11470-5215,CG아름채목동아파트,목동중앙본로28길 10,,,
11470,11470-5271,목동힐스테이트,중앙로36길 15,A10027375,중앙로36길 15,원문 일치
11470,11470-53,연지프로빌,오목로54길 1,,,
11470,11470-5311,목동신세계아파트,신목로6길 36-7,,,
11470,11470-5318,신정숲속마을,신정로 110,,,
11470,11470-5354,온누리베일리,남부순환로 454,,,
11470,11470-5380,목동경동미르웰,중앙로 286,,,
11470,11470-54,두레,목동중앙북로 126,,,
11470,11470-5416,라온미브아파트,남부순환로 385,,,
11470,11470-55,삼성(528-7),목동중앙본로30가길 55,,,
11470,11470-5515,목동롯데캐슬마에스트로,목동중앙북로8길 71,A10026023,목동중앙북로8길 71,원문 일치
11470,11470-5547,목동파크자이(101동~108동),목동남로4길 80,A10025729,목동남로4길 80,원문 일치
11470,11470-5551,목동벨로스주상복합,등촌로 204,,,
11470,11470-5584,양천홈타운1차,중앙로57길 9,,,
11470,11470-5595,목동에버하임,목동중앙북로 68,,,
11470,11470-56,목동효성,목동중앙북로24길 65,,,
11470,11470-5604,양천홈타운2차아파트,중앙로55길 56,,,
11470,11470-5614,스위트드림아파트,곰달래로11길 56,,,
11470,11470-5618,스카이캐슬아파트(512-8),신월로 201,,,
11470,11470-5627,목동센트럴아이파크위브1단지,남부순환로83길 17,,,
11470,11470-5628,목동센트럴아이파크위브2단지,남부순환로83길 18,A10024872,남부순환로83길 18,원문 일치
11470,11470-5629,목동센트럴아이파크위브3단지,남부순환로83길 48,,,
11470,11470-5630,목동센트럴아이파크위브4단지,남부순환로83길 47,,,
11470,11470-5654,양천홈타운3차,중앙로53길 14,,,
11470,11470-5691,래미안목동아델리체(101동~118동),중앙로43길 14,A10024398,중앙로43길 14,원문 일치
11470,11470-5692,래미안목동아델리체(119동~123동),중앙로43길 14,A10024398,중앙로43길 14,원문 일치
11470,11470-57,목동길성그랑프리텔,목동중앙본로7길 37-20,,,
11470,11470-5733,중앙하이츠목동펠리시티,오목로 212,,,
11470,11470-5757,호반써밋목동,중앙로29길 11,A10023886,중앙로29길 11,원문 일치
11470,11470-58,금강에스쁘아,목동중앙본로 15,A15881701,목동중앙본로 15,원문 일치
11470,11470-5852,신목동파라곤,오목로 55,A10023219,오목로 55,원문 일치
11470,11470-5860,신목동비바힐스,신월로 123,,,
11470,11470-59,인우,목동중앙남로 11-32,,,
11470,11470-6,금호1,목동동로 258,A15882107,목동동로 258,원문 일치
11470,11470-60,신동아파밀리에,목동중앙로 57,,,
11470,11470-61,현대파크빌(907-23),목동동로 391,,,
11470,11470-62,청학,목동동로12길 9,,,
11470,11470-63,궁전,곰달래로5길 11,,,
11470,11470-64,금강,남부순환로64길 23,,,
11470,11470-65,신월동금용,신월로17길 22,,,
11470,11470-66,길성,신월로15길 7,,,
11470,11470-67,길훈,지양로 101,,,
11470,11470-6754,예담파크뷰,국회대로 78,,,
11470,11470-68,나산,남부순환로65길 6,,,
11470,11470-69,나이아가라,오목로 88,,,
11470,11470-7,목동금호베스트빌,목동중앙북로8길 111,A15880905,목동중앙북로8길 111,원문 일치
11470,11470-71,대림(주상복합),오목로 76,,,
11470,11470-72,동방,신월로 220,,,
11470,11470-78,새롬,중앙로57길 35,,,
11470,11470-79,서울가든,중앙로53길 5,A15883702,중앙로53길 5,원문 일치
11470,11470-8,목동대림,목동동로12길 23,A15805109,목동동로12길 23,원문 일치
11470,11470-80,성우,오목로7길 25,,,
11470,11470-81,세제뉴타운,신월로15길 15,,,
11470,11470-82,수명,화곡로3길 15,,,
11470,11470-83,신월시영,신월로 99,A15884703,신월로 99,원문 일치
11470,11470-85,신안약수,중앙로29길 55,A15884202,중앙로29길 55,원문 일치
11470,11470-86,신안파크,지양로15길 20,A15809702,지양로15길 20,원문 일치
11470,11470-87,신월대림,오목로13길 7,A15883803,오목로13길 7,원문 일치
11470,11470-89,신월성원,곰달래로2길 16,A15883101,곰달래로2길 16,원문 일치
11470,11470-9,대원,목동중앙북로10길 12-20,,,
11470,11470-91,우당,오목로 90,,,
11470,11470-92,우정,지양로15길 24,,,
11470,11470-94,중흥,중앙로57길 46,,,
11470,11470-95,청솔,월정로 50,,,
11470,11470-97,태진,중앙로55길 25,,,
11470,11470-98,태헌(신월프라자),곰달래로5길 17,,,
11470,11470-99,태형,곰달래로5길 37,,,
11500,11500-1,관음삼성,양천로 656,A15786321,양천로 656,원문 일치
11500,11500-10,리버펠리스3동,양천로77길 31,,,
11500,11500-101,중앙화곡하이츠,강서로17가길 46,A15788203,강서로17가길 46,원문 일치
11500,11500-10139,센터스퀘어발산,공항대로 302,,,
11500,11500-10140,아르체움등촌,공항대로 553,,,
11500,11500-10188,등촌센트럴르씨엘,공항대로45나길 36,,,
11500,11500-102,진흥,곰달래로53길 66,,,
11500,11500-103,초록,강서로45다길 30-27,A15770801,강서로45다길 30-27,원문 일치
11500,11500-104,타워빌,강서로43길 28,,,
11500,11500-105,태영방송인,등촌로13자길 74,,,
11500,11500-106,해태드림타운,강서로7길 28,,,
11500,11500-107,현대그린,곰달래로26길 15,,,
11500,11500-11,리버펠리스4동,양천로77길 27,,,
11500,11500-111,화곡동복지,강서로17라길 3,,,
11500,11500-113,태성비리치,등촌로13자길 63-28,,,
11500,11500-114,오케이A,까치산로4길 98-25,,,
11500,11500-115,오케이B,까치산로4길 98-23,,,
11500,11500-117,신영,등촌로13길 170-7,,,
11500,11500-118,정원,월정로24길 22,,,
11500,11500-119,서부인터빌아파트,화곡로26가길 10,,,
11500,11500-12,리버펠리스2동,양천로77길 37,,,
11500,11500-120,화곡푸르지오,화곡로13길 107,A15792602,화곡로13길 107,원문 일치
11500,11500-121,우성(343-39),곰달래로23길 8,,,
11500,11500-1216,우성트윈캐슬A동,초록마을로 71,,,
11500,11500-123,호성그린아트빌,화곡로43가길 39,,,
11500,11500-124,지석,곰달래로18길 33-13,,,
11500,11500-125,투원씨B동,까치산로15길 13,,,
11500,11500-126,대종,강서로31길 9,,,
11500,11500-128,태흥그랑뷰,강서로15길 24,,,
11500,11500-129,계명아파트다동,강서로 43-18,,,
11500,11500-13,무학,양천로77길 45,A15786213,양천로77길 45,원문 일치
11500,11500-130,은창,국회대로7길 157,,,
11500,11500-131,투원씨A동,까치산로15길 11,,,
11500,11500-133,대우그린,월정로28길 20,,,
11500,11500-134,살렘,초록마을로 77,,,
11500,11500-135,서림골드,화곡로35길 23-17,,,
11500,11500-137,한백e,곰달래로20길 31-19,,,
11500,11500-138,성재,곰달래로 64,,,
11500,11500-139,희훈리치파크,강서로45다길 30-17,,,
11500,11500-14,벽산늘푸른,양천로63길 52,A15704009,양천로63길 52,원문 일치
11500,11500-140,청솔,강서로41길 20,,,
11500,11500-141,금호,강서로37길 71,,,
11500,11500-143,가양강나루현대,양천로 507,A15780401,양천로 507,원문 일치
11500,11500-144,가양우성,양천로 489,A15780002,양천로 489,원문 일치
11500,11500-145,강나루2현대,양천로 497,,,
11500,11500-146,강변,허준로 139,A15780704,허준로 139,원문 일치
11500,11500-147,대림경동아파트,허준로 121,A15780703,허준로 121,원문 일치
11500,11500-149,가양6단지,허준로 175,A15780905,허준로 175,원문 일치
11500,11500-15,삼성하나로,양천로73길 5,A15786104,양천로73길 5,원문 일치
11500,11500-150,가양도시개발9-2단지,허준로 234,A15781003,허준로 234,원문 일치
11500,11500-151,가양2단지(성지),허준로 47,A15780605,허준로 47,원문 일치
11500,11500-152,동신대아,강서로 532,A15780603,강서로 532,원문 일치
11500,11500-153,빛고을우방,양천로 521,,,
11500,11500-154,중앙하이츠,허준로 55-20,A15780701,허준로 55-20,원문 일치
11500,11500-155,한강타운,허준로 23,A15780604,허준로 23,원문 일치
11500,11500-156,한보구암마을,허준로 76,A15780602,허준로 76,원문 일치
11500,11500-157,벽산,양천로47길 118,A15721005,양천로47길 118,원문 일치
11500,11500-158,신안,양천로30길 123-9,A15721003,양천로30길 123-9,원문 일치
11500,11500-16,삼성한마음,양천로 637,A15786118,양천로 637,원문 일치
11500,11500-160,광성금강,강서로45라길 15,,,
11500,11500-161,낙원연립재건축조합아파트,강서로47나길 39,,,
11500,11500-162,문국,강서로47가길 24,,,
11500,11500-163,보람,강서로47길 80,,,
11500,11500-164,보람하이빌,강서로47라길 48-7,,,
11500,11500-165,삼대,강서로47길 55,,,
11500,11500-166,새신아,우장산로8길 45,,,
11500,11500-17,삼성한아름,양천로 686-5,,,
11500,11500-170,원다벨라빌,우장산로6길 21,,,
11500,11500-173,청솔102동,우장산로8길 29,,,
11500,11500-174,청솔101동,우장산로8길 23,,,
11500,11500-176,계명나동(56-29),초록마을로 75-3,,,
11500,11500-177,타워힐101동,공항대로42길 51-8,,,
11500,11500-178,계명가동,초록마을로 75,,,
11500,11500-179,제이월드에메랄드,우장산로8길 28-7,,,
11500,11500-18,삼정그린코아,공항대로75길 30,A15786408,공항대로75길 30,원문 일치
11500,11500-180,우장산타워빌,우장산로4길 60,,,
11500,11500-181,수산오성,강서로45나길 15,,,
11500,11500-182,롯데1차,우장산로 38,,,
11500,11500-183,스카이,공항대로7길 40,,,
11500,11500-185,해태,방화대로 259,,,
11500,11500-186,개화,금낭화로 167,A15785608,금낭화로 167,원문 일치
11500,11500-189,마곡나루경남아파트,양천로30길 108,,,
11500,11500-19,삼천리,양천로67길 71-16,,,
11500,11500-191,길훈,양천로30길 98,,,
11500,11500-192,마곡중앙하이츠아파트,양천로6길 28,A15777501,양천로6길 28,원문 일치
11500,11500-193,방화그린,방화대로48길 40,,,
11500,11500-194,동성,금낭화로23길 8,A15778101,금낭화로23길 8,원문 일치
11500,11500-195,방화4단지,방화대로47가길 22,A15785710,방화대로47가길 22,원문 일치
11500,11500-196,청솔,방화대로47길 55,A15785709,방화대로47길 55,원문 일치
11500,11500-197,방화5,금낭화로 287-19,A15785613,금낭화로 287-19,원문 일치
11500,11500-198,마곡삼성아파트,방화대로34길 113,A15722001,방화대로34길 113,원문 일치
11500,11500-199,마곡현대아파트,양천로 140,A15784601,양천로 140,원문 일치
11500,11500-2,극동상록수,공항대로71길 31,A15786312,공항대로71길 31,원문 일치
11500,11500-20,성원,양천로69길 65,A15704017,양천로69길 65,원문 일치
11500,11500-200,삼도,양천로27길 95,,,
11500,11500-201,삼미,초원로 30,,,
11500,11500-202,삼성꽃마을,양천로18길 27,A15722007,양천로18길 27,원문 일치
11500,11500-203,성옥,양천로14길 85-17,,,
11500,11500-204,신동아,방화대로37길 15,A15722203,방화대로37길 15,원문 일치
11500,11500-208,원미,개화동로27길 43,,,
11500,11500-209,장미,양천로 125,A15722307,양천로 125,원문 일치
11500,11500-21,신동아,양천로67길 32,A15786420,양천로67길 32,원문 일치
11500,11500-210,방화동진로아파트,금낭화로 258,A15785601,금낭화로 258,원문 일치
11500,11500-211,마곡서광(치현마을),양천로27길 129,A15722306,양천로27길 129,원문 일치
11500,11500-213,마곡청구아파트,양천로26길 103,A15722104,양천로26길 103,원문 일치
11500,11500-214,한미(286-1),양천로23길 8,,,
11500,11500-215,한숲마을대림,방화대로50길 7,A15785703,방화대로50길 7,원문 일치
11500,11500-216,한오,양천로14길 86-5,,,
11500,11500-217,현대,방화대로37길 26,A15785507,방화대로37길 26,원문 일치
11500,11500-218,형제,개화동로25길 39,,,
11500,11500-219,홍익아파트,양천로7길 8,,,
11500,11500-220,동부센트레빌,양천로3길 17,A15722102,양천로3길 17,원문 일치
11500,11500-221,청성,금낭화로 100,,,
11500,11500-222,신안네트빌1단지,양천로14길 37,A15722003,양천로14길 37,원문 일치
11500,11500-223,신안네트빌2단지,양천로14길 61,,,
11500,11500-224,염창3우성,공항대로63길 14,A15704006,공항대로63길 14,원문 일치
11500,11500-225,예스빌,강서로47길 63,,,
11500,11500-226,길성그랑프리텔,강서로46길 79,A15779704,강서로46길 79,원문 일치
11500,11500-227,롯데2,우장산로 47,A15728010,우장산로 47,원문 일치
11500,11500-228,등마루,공항대로58다길 13,,,
11500,11500-229,대동황토방2,공항대로55길 50,A15703005,공항대로55길 50,원문 일치
11500,11500-23,우성2,양천로67길 54,A15786405,양천로67길 54,원문 일치
11500,11500-230,나성,화곡로66길 173,,,
11500,11500-231,등촌동보람쉬움아파트,화곡로66길 80,,,
11500,11500-232,코오롱하늘채,공항대로55길 19,A15703001,공항대로55길 19,원문 일치
11500,11500-233,방화동동부센트레빌(875번지),방화대로45길 32,A15722108,방화대로45길 32,원문 일치
11500,11500-234,청성(877-0),금낭화로 12,,,
11500,11500-235,방신서광,양천로14길 17,A15722201,양천로14길 17,원문 일치
11500,11500-236,마곡드림힐,양천로24길 54-9,,,
11500,11500-237,마곡우림1차아파트,양천로24길 34,,,
11500,11500-238,대림e-편한세상,양천로6길 57,A15722204,양천로6길 57,원문 일치
11500,11500-239,까치산(101동),까치산로2길 58,,,
11500,11500-24,주상복합태진가람,양천로 706,,,
11500,11500-240,까치산(102동),강서로 128,,,
11500,11500-241,화곡1차보람더하임,화곡로14길 19,,,
11500,11500-242,우장산롯데캐슬,공항대로 382,A15701602,공항대로 382,원문 일치
11500,11500-245,태창네스트힐,초록마을로 121,,,
11500,11500-246,근상프리즘(955-9),까치산로24가길 10-3,,,
11500,11500-249,계명(350-33),강서로17가길 16,,,
11500,11500-25,태영,공항대로61길 60,A15786314,공항대로61길 60,원문 일치
11500,11500-250,계명(350-34),강서로17가길 14,,,
11500,11500-251,향교,양천로49길 49-6,,,
11500,11500-252,덕현중앙타워빌,강서로48길 25,,,
11500,11500-254,이너스101동,강서로47길 83,,,
11500,11500-255,한울앤하우스,강서로47다길 28,,,
11500,11500-256,신세계,강서로47길 61-9,,,
11500,11500-257,천우캐슬,우장산로2길 72,,,
11500,11500-258,명진에버그린,강서로45라길 55-29,,,
11500,11500-259,다울아크로빌,강서로45나길 11-17,,,
11500,11500-26,태진한솔,공항대로71길 54,A15786222,공항대로71길 54,원문 일치
11500,11500-260,신세계3차101동,강서로50길 72,,,
11500,11500-262,삼성,화곡로61길 49,,,
11500,11500-263,등촌동아이파크,등촌로 163,A15703204,등촌로 163,원문 일치
11500,11500-265,양용아네스,등촌로13바길 28-11,,,
11500,11500-266,송정제이빌101동,공항대로4길 21,,,
11500,11500-267,양진마니아,방화대로42길 30-3,,,
11500,11500-268,통일(479-3),금낭화로15길 33-5,,,
11500,11500-269,마곡우림필유아파트,양천로28길 29,A15722106,양천로28길 29,원문 일치
11500,11500-27,한강동아,양천로73길 80,A15786510,양천로73길 80,원문 일치
11500,11500-270,태진드림피아,양천로 663,,,
11500,11500-272,태승훼밀리,국회대로7길 175,,,
11500,11500-276,화곡동성재,월정로14길 56,,,
11500,11500-278,강서뉴,강서로7길 52-11,,,
11500,11500-279,태영,곰달래로22길 9,,,
11500,11500-28,현대1,양천로75길 57,A15786426,양천로75길 57,원문 일치
11500,11500-280,크로스캐슬,곰달래로 110,,,
11500,11500-281,한백아파트,곰달래로20길 12,,,
11500,11500-282,덕현타워,화곡로31다길 21,,,
11500,11500-283,윤탁아트리움,화곡로31다길 11,,,
11500,11500-284,우림루미아트아파트,강서로45다길 45,,,
11500,11500-287,청성스카이,공항대로7길 27,,,
11500,11500-288,트윈캐슬B동(56-11),초록마을로15길 5,,,
11500,11500-289,제일에비앙,강서로5가길 42,,,
11500,11500-29,현대2,양천로73길 6,,,
11500,11500-290,굿이모션(1103-3),화곡로55길 22,,,
11500,11500-292,화성파크빌,화곡로42가길 21,,,
11500,11500-293,송정제이빌102동,공항대로4길 17,,,
11500,11500-294,여명,양천로67길 21,,,
11500,11500-296,이너스내안에,양천로75길 22-21,,,
11500,11500-298,월드메르디앙,양천로71길 38,A15704003,양천로71길 38,원문 일치
11500,11500-299,일신건영휴먼빌,양천로71가길 22,A15704002,양천로71가길 22,원문 일치
11500,11500-3,금호타운,양천로 595,A15786116,양천로 595,원문 일치
11500,11500-30,현대3,양천로75길 60,A15776004,양천로75길 60,원문 일치
11500,11500-301,세심,등촌로51라길 21,,,
11500,11500-303,등촌5차보람쉬움,공항대로61길 43,,,
11500,11500-305,신원2차(24-130),화곡로42가길 18,,,
11500,11500-306,동우(24-134),화곡로42가길 24,,,
11500,11500-308,거성훼미리(29-68),까치산로16길 6,,,
11500,11500-310,명주캐슬(61-9),화곡로34길 23,,,
11500,11500-312,일광,강서로 47-9,,,
11500,11500-313,계명아파트나동,강서로 43-22,,,
11500,11500-315,남경리버빌(343-48),강서로 43-10,,,
11500,11500-317,삼호그린(346-19),강서로13길 42,,,
11500,11500-318,태경(347-13),강서로15길 56,,,
11500,11500-319,꿈동산(355-22),곰달래로15가길 34-16,,,
11500,11500-320,진민그린상가(367-30),가로공원로 224,,,
11500,11500-321,태영(379-56),가로공원로77길 21,,,
11500,11500-322,"대성1,2호(379-57,가동)",가로공원로77길 25,,,
11500,11500-323,"대성3,4호(379-58,나동)",가로공원로77길 27,,,
11500,11500-326,동서3호(381-22),강서로29길 42,,,
11500,11500-327,세한(410-150),초록마을로 120,,,
11500,11500-328,가화(424-59)나동,곰달래로17길 29-20,,,
11500,11500-329,그레이스(786-10),곰달래로60가길 27,,,
11500,11500-33,강서,등촌로39다길 20,,,
11500,11500-332,유림노르웨이숲(919-1),곰달래로 96,A15791001,곰달래로 96,원문 일치
11500,11500-333,효성A(923-17),월정로18길 34,,,
11500,11500-336,근상프리즘(957-1),까치산로 152,,,
11500,11500-339,광영다모은정아파트,강서로41길 48,,,
11500,11500-34,대동황토방,공항대로59길 103,A15703002,공항대로59길 103,원문 일치
11500,11500-342,계명(1075-31),화곡로26길 19,,,
11500,11500-343,근상프리즘(1076-2),화곡로 176-8,,,
11500,11500-344,원흥타운,화곡로18길 30-11,,,
11500,11500-346,우영,국회대로7길 21,,,
11500,11500-347,우장산롯데,우장산로 92,A15701601,우장산로 92,원문 일치
11500,11500-348,화곡보람,공항대로48길 12,A15770101,공항대로48길 12,원문 일치
11500,11500-349,화곡3차보람,등촌로13바길 18-11,,,
11500,11500-35,대림,공항대로39길 100,A15703307,공항대로39길 100,원문 일치
11500,11500-350,우장산한화꿈에그린,우장산로 103,A15701004,우장산로 103,원문 일치
11500,11500-351,한림타운,강서로 511,,,
11500,11500-352,보광드림타운,화곡로72길 56,,,
11500,11500-353,일신건영휴먼빌,강서로 490,A15720101,강서로 490,원문 일치
11500,11500-354,마곡동후포아파트(14-21),양천로47나길 13-8,,,
11500,11500-355,신세계4차,강서로50길 38,,,
11500,11500-358,다울,우장산로6길 64-6,,,
11500,11500-359,청솔샤르망1001동,우장산로4길 40,,,
11500,11500-36,동성,강서로68길 108,A15703302,강서로68길 108,원문 일치
11500,11500-360,천우명덕,공항대로36길 126,,,
11500,11500-361,진한연립,공항대로36가길 25,,,
11500,11500-363,태승훼미리2,공항대로36가길 66,,,
11500,11500-365,내츄럴1차,강서로47마길 37-4,,,
11500,11500-366,내츄럴2차,강서로47마길 37-22,,,
11500,11500-367,신세계(697-5),강서로47다길 10-3,,,
11500,11500-369,한서3차,강서로47다길 10-6,,,
11500,11500-37,두보아파트,등촌로51길 128,,,
11500,11500-370,한서2차APT,강서로45라길 43-14,,,
11500,11500-371,그린씨티,강서로47라길 79,,,
11500,11500-372,광남캐스빌,강서로45나길 60,,,
11500,11500-373,태승훼미리,강서로45길 18,,,
11500,11500-374,태승훼미리3차,강서로45길 138,,,
11500,11500-375,삼정코아,방화동로 126,,,
11500,11500-376,마곡 한진해모로,양천로24가길 59,A15722005,양천로24가길 59,원문 일치
11500,11500-378,월드메르디앙101동,양천로1길 117,A15773501,양천로1길 117,원문 일치
11500,11500-379,"월드메르디앙201동,202동",양천로1길 117,A15773501,양천로1길 117,원문 일치
11500,11500-380,보람,방화대로45길 78,,,
11500,11500-381,보람,월정로16길 38,,,
11500,11500-382,호용그린피아,화곡로43가길 44,,,
11500,11500-383,유니드,강서로45길 104,,,
11500,11500-385,치현마을동일스위트리버,금낭화로24가길 28,A15722304,금낭화로24가길 28,원문 일치
11500,11500-3856,우공팰리스102동,화곡로31다길 9,,,
11500,11500-388,통일101동(597-38),금낭화로 32,,,
11500,11500-39,등촌라인(조합),화곡로68길 33,A15783806,화곡로68길 33,원문 일치
11500,11500-4,길훈,양천로65길 45,,,
11500,11500-40,보람,등촌로53길 18,,,
11500,11500-41,부영,강서로56나길 110,A15703004,강서로56나길 110,원문 일치
11500,11500-413,동진빌라(56-100),초록마을로 93,,,
11500,11500-417,신한빌라트(105-362),화곡로 186-28,,,
11500,11500-42,삼성한사랑1,양천로66길 6,A15783905,양천로66길 6,원문 일치
11500,11500-421,대호스카이빌,곰달래로31마길 43,,,
11500,11500-428,우성(410-56),초록마을로28길 27,,,
11500,11500-4288,우장산태승훼미리,우장산로6길 8,,,
11500,11500-43,삼형.그레이스빌,등촌로 91,,,
11500,11500-432,세양(453-5),곰달래로31라길 18-4,,,
11500,11500-44,서광등촌마을아파트,공항대로45길 68-6,A15784008,공항대로45길 68-6,원문 일치
11500,11500-4419,태일,강서로47가길 20-38,,,
11500,11500-45,등촌동성원,강서로56길 80,,,
11500,11500-451,A.G.S.드림,우장산로8길 54,,,
11500,11500-46,신송타워,화곡로63길 93,,,
11500,11500-464,롯데캐슬,공항대로65길 21,A15704015,공항대로65길 21,원문 일치
11500,11500-465,염창1차한화꿈에그린,공항대로75길 17,A15786424,공항대로75길 17,원문 일치
11500,11500-466,강변힐스테이트,양천로75길 19,A15704023,양천로75길 19,원문 일치
11500,11500-47,신원,화곡로66길 50,,,
11500,11500-470,에이원B둥,까치산로14길 26-8,,,
11500,11500-471,은하(400-60),가로공원로 221,,,
11500,11500-472,우성(353-27),강서로17다길 16-9,,,
11500,11500-475,화곡6차보람쉬움,우장산로15길 47,,,
11500,11500-476,원당,강서로52길 76,,,
11500,11500-477,우장산힐스테이트,강서로 348,A15728009,강서로 348,원문 일치
11500,11500-478,청솔해오름,공항대로42길 23-8,,,
11500,11500-4789,태청,방화대로49길 6-21,,,
11500,11500-48,우당,공항대로 461-45,,,
11500,11500-481,이너스102동,강서로47길 79,,,
11500,11500-482,한림리첸빌101동,양천로 128,,,
11500,11500-483,한림리첸빌102동,양천로 132,,,
11500,11500-484,길성그랑프리텔,방화대로 319,,,
11500,11500-485,강동,까치산로 88-15,,,
11500,11500-486,부영,초록마을로3길 28,,,
11500,11500-487,신원센스빌,까치산로12길 7,,,
11500,11500-489,한백e타운(46-219),까치산로12길 7-6,,,
11500,11500-49,우성,화곡로68길 115,A15772901,화곡로68길 115,원문 일치
11500,11500-492,수정,강서로18아길 22,,,
11500,11500-493,로즈힐(1101-3),화곡로59길 37-16,,,
11500,11500-494,광산(1122-4),까치산로 157,,,
11500,11500-495,염창동한강우성,양천로67길 77,A15785919,양천로67길 77,원문 일치
11500,11500-5,대림,공항대로75길 42,,,
11500,11500-51,임광,등촌로 113,A15783701,등촌로 113,원문 일치
11500,11500-5101,염창동예성그린캐슬,양천로65길 46,,,
11500,11500-5102,송촌,공항대로71길 49,,,
11500,11500-5104,현대아이파크,공항대로 637,,,
11500,11500-5105,강변한솔솔파크,양천로63길 38,A15704025,양천로63길 38,원문 일치
11500,11500-5107,삼우지엔씨,공항대로59길 29-8,,,
11500,11500-5108,등촌6차보람,화곡로66길 174,,,
11500,11500-5110,강서타워,까치산로18라길 5-47,,,
11500,11500-5117,블루힐,강서로12길 45,,,
11500,11500-5118,에이원,강서로12길 41,,,
11500,11500-5121,화곡예다움,등촌로13자길 79,,,
11500,11500-5123,명지해드는터,등촌로13아길 44,,,
11500,11500-5131,강서아이파크,화곡로 296,,,
11500,11500-5132,우공팰리스101동,화곡로31다길 5,,,
11500,11500-5136,진성아파트102동,까치산로 160-9,,,
11500,11500-5137,탑건진선미,초록마을로 166,,,
11500,11500-5138,우장산휴먼빌,우현로 18,,,
11500,11500-5139,길성그랑프리텔,우장산로 82,,,
11500,11500-5140,한솔솔파크,양천로30길 77,A15721004,양천로30길 77,원문 일치
11500,11500-5141,마곡금호어울림,양천로47길 94,A15721001,양천로47길 94,원문 일치
11500,11500-5142,청솔샤르망1004동,우장산로4길 25,,,
11500,11500-5144,강성레스트빌아파트,강서로45라길 52,,,
11500,11500-5145,내발산우신웨스트빌,우장산로2길 21-6,,,
11500,11500-5146,우장산월드메르디앙,우장산로 8,,,
11500,11500-5147,청솔샤르망1003동,우장산로2길 21-27,,,
11500,11500-5164,방화3차우림필유,양천로14길 118,A15785002,양천로14길 118,원문 일치
11500,11500-5165,마곡보타닉경남아너스빌,양천로26길 38,,,
11500,11500-5166,마곡태승훼미리아파트,방화대로40길 66,,,
11500,11500-5167,방화동2차태승훼미리,양천로14길 86-13,,,
11500,11500-5172,수산동우,강서로37길 78,,,
11500,11500-5179,청솔파인힐(736-0),강서로47가길 20-35,,,
11500,11500-518,극동,양천로69길 18,A15786111,양천로69길 18,원문 일치
11500,11500-5181,염창2차보람,공항대로59다길 61,,,
11500,11500-5184,염창3차보람,양천로71가길 21,,,
11500,11500-5188,천우네오젠(693),강서로47바길 43,,,
11500,11500-5195,신세계5차,우장산로2길 21-22,,,
11500,11500-52,제일(코오롱),화곡로66길 90,A15784003,화곡로66길 90,원문 일치
11500,11500-5202,지오빌,양천로67길 50-33,,,
11500,11500-5206,염창2차한화꿈에그린,공항대로63길 16,A15704001,공항대로63길 16,원문 일치
11500,11500-5207,한솔,까치산로14길 33-10,,,
11500,11500-5210,탑건화곡동진선미,곰달래로60가길 31,,,
11500,11500-5212,가양1차보람더하임,양천로53길 66,,,
11500,11500-5213,강서월드메르디앙,공항대로42길 54-26,A15782501,공항대로42길 54-26,원문 일치
11500,11500-5214,천우네오젠아파트,우장산로 13,,,
11500,11500-5222,강서한강월드메르디앙,허준로 16-9,,,
11500,11500-5226,염창2차보람,공항대로61길 48-22,,,
11500,11500-5227,서광프리메라,화곡로 292,,,
11500,11500-5228,디아이빌101동,양천로49길 77,,,
11500,11500-5234,엠그린,양천로65길 13,,,
11500,11500-5236,내츄럴아파트3차,강서로47라길 22,,,
11500,11500-5247,이너스내안에201동,양천로67가길 49,,,
11500,11500-5250,한솔(61-116),초록마을로6길 20,,,
11500,11500-5251,우장산에스케이뷰,우현로 26,A15701002,우현로 26,원문 일치
11500,11500-5254,근상프리즘(342-35),강서로12길 8-8,,,
11500,11500-5256,노블레스아파트,공항대로65가길 17,,,
11500,11500-5260,푸른숲,곰달래로35길 116,,,
11500,11500-5262,청솔숲속마을101동,강서로46길 60,,,
11500,11500-5263,정우아파트(570-11),등촌로13마길 29-3,,,
11500,11500-5266,개화산경남아너스빌,양천로14가길 23,,,
11500,11500-5270,마곡경남아너스빌,방화대로34길 62,,,
11500,11500-5271,화곡한강,화곡로31가길 18,,,
11500,11500-5281,천우네오젠102동,화곡로66길 101,,,
11500,11500-5282,쥴리앙,공항대로42길 45,,,
11500,11500-5283,천우네오젠101동,화곡로66길 99,,,
11500,11500-5284,올림푸스,화곡로59길 59,,,
11500,11500-5285,방화3차태승훼미리,초원로 27,,,
11500,11500-5287,푸른숲2차(474-18),등촌로13자길 39-10,,,
11500,11500-5290,천우네오젠5차,우장산로 21-8,,,
11500,11500-5296,화곡대진(1021-2),화곡로21길 83,,,
11500,11500-5297,강변코아루,양천로71길 54,,,
11500,11500-5299,천우네오젠6차,우장산로 12-5,,,
11500,11500-53,주공10,화곡로63가길 71,A15703306,화곡로63가길 71,원문 일치
11500,11500-5306,오복뜨란체,강서로41길 33,,,
11500,11500-5311,노블레스2(267-4),공항대로65가길 49,,,
11500,11500-5326,마곡수명산파크2단지,강서로47길 158,A15728004,강서로47길 158,원문 일치
11500,11500-5329,뉴파인,가로공원로 233,,,
11500,11500-5346,이너스5차동진,양천로71가길 29,,,
11500,11500-5349,마곡수명산파크3단지,수명로1길 110,A15728003,수명로1길 110,원문 일치
11500,11500-5364,마곡수명산파크6단지,수명로2길 63,A15728002,수명로2길 63,원문 일치
11500,11500-5371,마곡수명산파크1단지,강서로47길 108,A15728008,강서로47길 108,원문 일치
11500,11500-5383,청솔숲속마을102동,강서로46길 78,,,
11500,11500-5389,우장산청솔(992-11),화곡로53길 75,,,
11500,11500-5392,천우네오젠(507-11),등촌로53길 10,,,
11500,11500-54,"등촌1,2단지주공아파트",강서로68길 36,,,
11500,11500-5401,천우네오젠,화곡로66길 168,,,
11500,11500-5404,근상프리즘,화곡로 242,,,
11500,11500-5406,염창1차보람더하임,양천로 666,A15704007,양천로 666,원문 일치
11500,11500-5412,청솔수(711-6),강서로47마길 71,,,
11500,11500-5415,보람더하임105동,공항대로65가길 4,,,
11500,11500-5419,"우장산아이파크,이편한세상",강서로 266,A15701003,강서로 266,원문 일치
11500,11500-5437,마곡수명산파크4단지,수명로1길 16,A15728006,수명로1길 16,원문 일치
11500,11500-5441,우공팰리스,강서로7길 82,,,
11500,11500-55,주공3,강서로56나길 37,A15703308,강서로56나길 37,원문 일치
11500,11500-5510,성광,곰달래로23길 16,,,
11500,11500-5547,마곡수명산파크5단지,수명로2길 105,A15728007,수명로2길 105,원문 일치
11500,11500-5552,마곡푸르지오,방화대로34길 88,A15722004,방화대로34길 88,원문 일치
11500,11500-56,주공5,공항대로39길 74,A15703309,공항대로39길 74,원문 일치
11500,11500-5621,삼현팰리채,양천로73가길 28,,,
11500,11500-5625,태승훼미리4차,금낭화로13길 36,,,
11500,11500-5639,프라임팰리스(1024-23),강서로33가길 86,,,
11500,11500-5641,마곡승윤노블리안아파트,방화대로44길 42,,,
11500,11500-57,"등촌7,8단지주공아파트",공항대로43길 104,,,
11500,11500-5728,수명산태송팰리채,강서로47마길 15,,,
11500,11500-5741,마곡수명산파크7단지,수명로2가길 22,A15728005,수명로2가길 22,원문 일치
11500,11500-58,"진로,미주아파트",공항대로 351-21,A15703303,공항대로 351-21,원문 일치
11500,11500-5846,임탑-A,곰달래로20길 31-5,,,
11500,11500-5848,임탑-B,월정로20길 62-11,,,
11500,11500-5851,공항동부센트레빌,남부순환로 11,A15781201,남부순환로 11,원문 일치
11500,11500-5852,강서센트레빌3차,방화대로41길 6,,,
11500,11500-5853,강서센트레빌3차(894-0),방화대로41길 9,,,
11500,11500-5856,이너스양화6차,양천로73가길 38,,,
11500,11500-5883,천우네오젠,우장산로8길 42,,,
11500,11500-5893,동일스위트리버2차,금낭화로24가길 6,,,
11500,11500-5896,해태골든팰리스,등촌로51가길 15,,,
11500,11500-59,태영,양천로 590,A15783902,양천로 590,원문 일치
11500,11500-5908,천우네오젠9차,강서로7길 86,,,
11500,11500-5918,예지펠리스아파트,화곡로66길 93,,,
11500,11500-5933,염창힐스테이트,양천로73길 24,,,
11500,11500-5966,강변월드메르디앙,양천로63길 51,A15776001,양천로63길 51,원문 일치
11500,11500-6,동아,양천로69길 58,A15704028,양천로69길 58,원문 일치
11500,11500-60,태진아름,등촌로53길 39,A15784402,등촌로53길 39,원문 일치
11500,11500-6006,태승훼미리아파트5차,강서로45길 49-4,,,
11500,11500-6007,상진지오벨리,등촌로13다길 29,,,
11500,11500-6029,다담센트빌,곰달래로 119,,,
11500,11500-6048,강서그랜드아이파크주상복합,화곡로 341,,,
11500,11500-6063,그랜드아이파크,화곡로 347,A15770102,화곡로 347,원문 일치
11500,11500-61,한사랑2삼성,공항대로59길 64,A15783907,공항대로59길 64,원문 일치
11500,11500-6124,삼익플로리아,강서로7길 44-4,,,
11500,11500-62,현대,공항대로45길 24,A15784201,공항대로45길 24,원문 일치
11500,11500-6212,이너스내안에,양천로67가길 56,,,
11500,11500-63,등촌동현대2차,화곡로64길 50,,,
11500,11500-6307,청솔펠리체,공항대로55길 9-37,,,
11500,11500-6327,동훈타마르(921-18),곰달래로 70,,,
11500,11500-6338,계명위너스,공항대로59길 35,,,
11500,11500-6350,내츄럴4차아파트,강서로47라길 11,,,
11500,11500-6370,갤러리빌,화곡로42길 19,,,
11500,11500-64,보람(640),화곡로 390,,,
11500,11500-6421,승윤노블리안,곰달래로20길 13,,,
11500,11500-6457,산내들,곰달래로26길 12,,,
11500,11500-6478,로얄홈타운(103동),강서로5나길 130-5,,,
11500,11500-6487,프라임하우스(342-44),강서로12길 8-28,,,
11500,11500-6491,로얄홈타운(928-23)101동,강서로5나길 130-10,,,
11500,11500-65,심미에셈빌,공항대로59다길 1,,,
11500,11500-6501,아녜스타워4,강서로7길 57,,,
11500,11500-6509,풍원팰리스,곰달래로20길 18,,,
11500,11500-6548,팔라이스타워,곰달래로22길 8,,,
11500,11500-6571,유원펠리체(924-17),곰달래로18길 21,,,
11500,11500-6594,마곡일성트루엘아파트,방화대로34길 110,,,
11500,11500-66,다울,양천로62길 38,,,
11500,11500-6622,강서동도센트리움,공항대로46길 28,,,
11500,11500-6624,경동엠파이어스테이트,화곡로 344,,,
11500,11500-6647,은하센트리움,강서로8길 11,,,
11500,11500-6652,강서뉴타워,화곡로18길 24,,,
11500,11500-6654,트리움팰리스,월정로20길 62-7,,,
11500,11500-6657,한신베네스트아파트,강서로7길 79,,,
11500,11500-6675,AirPalace(619-7),개화동로27가길 33,,,
11500,11500-6678,프라임하우스(916-9),월정로20길 82,,,
11500,11500-6679,현대홈타운(923-2),강서로7길 118,,,
11500,11500-6689,황제팰리체(And Pra space),곰달래로20길 31,,,
11500,11500-67,코오롱오투빌2,양천로62길 41,,,
11500,11500-6746,한양아이클래스,강서로7길 107,,,
11500,11500-6753,강서한강자이,양천로55길 55,A15720001,양천로55길 55,원문 일치
11500,11500-6776,요산페어뷰,가로공원로 177-3,,,
11500,11500-68,대림아르빌아파트,양천로62길 46,,,
11500,11500-6801,AndPra레지던스,곰달래로 110-1,,,
11500,11500-6804,세교예지안2차,월정로20길 68-5,,,
11500,11500-6813,남광쉐르빌(923-10),강서로7길 128,,,
11500,11500-6825,프라임하우스(916-5),월정로20길 86-8,,,
11500,11500-6839,경동팰리스힐,양천로14길 44,,,
11500,11500-6867,마곡엠벨리(15단지),마곡중앙로 36,A15728011,마곡중앙로 36,원문 일치
11500,11500-6868,마곡엠벨리(14단지),마곡중앙로 33,A15721010,마곡중앙로 33,원문 일치
11500,11500-6874,스카이(924-10),곰달래로18길 15-3,,,
11500,11500-6884,강서쌍용예가,양천로 613,A10027541,양천로 613,원문 일치
11500,11500-6888,SPACE(920-5),곰달래로 86,,,
11500,11500-6892,마곡엠밸리7단지,마곡서로 133,A15721007,마곡서로 133,원문 일치
11500,11500-6893,마곡엠밸리6단지,마곡서1로 100,A15721006,마곡서1로 100,원문 일치
11500,11500-6898,마곡엠밸리2단지,마곡서1로 146,A15721009,마곡서1로 146,원문 일치
11500,11500-69,월드메르디앙,양천로 420,,,
11500,11500-6900,마곡엠밸리4단지,마곡서로 175,A15721008,마곡서로 175,원문 일치
11500,11500-6901,마곡엠밸리1단지,마곡서1로 131,A15722009,마곡서1로 131,원문 일치
11500,11500-6902,마곡엠밸리3단지,마곡서1로 132,A15721011,마곡서1로 132,원문 일치
11500,11500-6908,마곡엠밸리5단지,마곡서1로 111-11,A15722010,마곡서1로 111-11,원문 일치
11500,11500-6919,강서힐스테이트,우현로 67,A15701007,우현로 67,원문 일치
11500,11500-7,동아3,양천로 731,A15786227,양천로 731,원문 일치
11500,11500-70,보람하이빌,등촌로39길 63-31,,,
11500,11500-7007,팔라이스아파트먼트(915-8),강서로7길 69-5,,,
11500,11500-7012,한경빌(938-26),곰달래로 64-1,,,
11500,11500-7090,삼성다빈치(917-14),강서로7길 70,,,
11500,11500-7098,성재센트리움아파트(343-35),곰달래로23길 20,,,
11500,11500-71,대림e편한세상,등촌로 137,A15783703,등촌로 137,원문 일치
11500,11500-7109,세림,곰달래로24길 4,,,
11500,11500-7167,남광아파트,곰달래로22길 18,,,
11500,11500-7223,벨라팰리스,곰달래로23길 26,,,
11500,11500-7244,마곡힐스테이트,마곡중앙3로 74,A10027687,마곡중앙3로 74,원문 일치
11500,11500-7276,성재센트리움아파트,화곡로 176-19,,,
11500,11500-73,곰달래,국회대로7길 53,,,
11500,11500-7318,세림아파트,월정로20길 96,,,
11500,11500-7370,성재센트리움,곰달래로22길 5,,,
11500,11500-7402,풍성애뜨란아파트,공항대로51길 23,,,
11500,11500-7410,위하우스아파트,월정로20길 86-4,,,
11500,11500-7411,도양라비앙아파트,곰달래로22길 15,,,
11500,11500-7419,마곡엠밸리8단지,마곡서1로 81,A10027433,마곡서1로 81,원문 일치
11500,11500-7435,마곡엠밸리10단지,마곡중앙1로 72,A10027452,마곡중앙1로 72,원문 일치
11500,11500-7449,세교예지안5차,곰달래로22길 27,,,
11500,11500-7467,마곡엠밸리11단지,공항대로 124,A10027371,공항대로 124,원문 일치
11500,11500-7468,마곡엠밸리12단지,공항대로 140,A10027403,공항대로 140,원문 일치
11500,11500-7481,찬누리,월정로20길 78,,,
11500,11500-7495,세교예지안6차,곰달래로18길 25,,,
11500,11500-7595,남광아파트,곰달래로18길 3,,,
11500,11500-7596,마곡13단지힐스테이트마스터,마곡중앙1로 71,A10026879,마곡중앙1로 71,원문 일치
11500,11500-76,대림e편한세상,월정로 160,A15788302,월정로 160,원문 일치
11500,11500-7611,에스타워,강서로7길 38-6,,,
11500,11500-7633,성재센트리움아파트,화곡로 186-22,,,
11500,11500-7666,동양하우징(899-4),곰달래로24길 12,,,
11500,11500-7668,루체비스타,강서로10길 19,,,
11500,11500-7708,드림시드아파트1차,강서로7길 20-10,,,
11500,11500-7716,방화메이빌,금낭화로 162,,,
11500,11500-7721,혜성오피아파트,강서로 43-6,,,
11500,11500-7730,드림시드아파트,곰달래로20길 31-7,,,
11500,11500-7733,GMValley,곰달래로 116,,,
11500,11500-7742,NS파크APT,화곡로 176-22,,,
11500,11500-7782,디아인스,곰달래로 122,,,
11500,11500-7784,신세계아파트,양천로10길 37,,,
11500,11500-78,미성아파트(연립),초록마을로 176,A15788901,초록마을로 176,원문 일치
11500,11500-7821,한울아파트,강서로7길 18,,,
11500,11500-7875,리치아파트,월정로20길 60,,,
11500,11500-7876,양지샤인아파트,강서로7길 20-20,,,
11500,11500-79,미주,등촌로13자길 51,,,
11500,11500-7907,e편한세상염창,공항대로 583,A10025600,공항대로 583,원문 일치
11500,11500-7910,스위트드림아파트,화곡로21길 71,,,
11500,11500-7916,마곡보타닉,양천로47나길 43,,,
11500,11500-7919,지엠벨리,화곡로 374,,,
11500,11500-7954,메종드로제,곰달래로18길 33-21,,,
11500,11500-7975,한울에이치밸리움B동,강서로33길 27,,,
11500,11500-7976,한울에이치밸리움A동,강서로33길 23,,,
11500,11500-7992,강서크라운팰리스,화곡로 305,,,
11500,11500-80,삼도,곰달래로20길 31-10,,,
11500,11500-8014,발쿠치네하우스,송정로 53,,,
11500,11500-8042,에스엠케이아파트,곰달래로 60-1,,,
11500,11500-8049,등촌파밀리에더클래식201동,공항대로53가길 29,,,
11500,11500-8050,등촌파밀리에더클래식101동,공항대로53가길 22,,,
11500,11500-8078,등촌퀸즈포디엄삼익,등촌로51가길 35,,,
11500,11500-81,삼백,곰달래로20길 31-11,,,
11500,11500-8101,한울밸리움,공항대로 531,,,
11500,11500-8132,등촌제이스카이,공항대로 557,,,
11500,11500-8134,신마곡벽산블루밍,양천로10길 38,A10024505,양천로10길 38,원문 일치
11500,11500-8142,마곡엠밸리9단지,공항대로 103,A10024426,공항대로 103,원문 일치
11500,11500-8150,마곡루나플라체,강서로56길 64,,,
11500,11500-82,삼성,국회대로7길 101,,,
11500,11500-8207,센트럴파크아파트,강서로7길 52-12,,,
11500,11500-8214,마곡센트레빌,양천로24길 13,,,
11500,11500-8242,마곡우촌아파트,금낭화로 36-5,,,
11500,11500-8261,가양역두산위브,공항대로45길 15,A10023543,공항대로45길 15,원문 일치
11500,11500-83,성삼하이츠,곰달래로59길 36,,,
11500,11500-8312,DH팰리스,양천로 714-1,,,
11500,11500-8361,우장산숲아이파크,화곡로31다길 20,A10023515,화곡로31다길 20,원문 일치
11500,11500-8362,다우하임더프라임아파트,양천로 77,,,
11500,11500-8366,화곡더리브스카이,가로공원로80길 40,,,
11500,11500-8375,마곡에이치밸리움,공항대로42길 13,,,
11500,11500-8377,우장산신일해피트리,강서로45길 92-5,,,
11500,11500-84,송이,화곡로58길 68,,,
11500,11500-8462,"등촌지와인아파트,비지니스센터",양천로 620,A10023075,양천로 620,원문 일치
11500,11500-8472,루나클래식2,공항대로81길 6,,,
11500,11500-8482,우장산동문디이스트,강서로45길 92-27,,,
11500,11500-85,신도금잔디,국회대로7길 91,,,
11500,11500-8519,더트루엘마곡HQ,공항대로 67,,,
11500,11500-87,신세계2차,강서로45다길 12-9,,,
11500,11500-9,리버펠리스1동,양천로77길 43,,,
11500,11500-92,우성(343-75),곰달래로23길 6,,,
11500,11500-94,웰라이빌,강서로5나길 104,,,
11500,11500-95,은하,강서로37길 75,,,
11500,11500-96,일성스카이빌,강서로5나길 50,,,
11500,11500-98,제이월드,강서로35길 58,,,
11530,11530-1,구일우성,구일로2길 60,A15205108,구일로2길 60,원문 일치
11530,11530-10,럭키,도림로 107,A15284603,도림로 107,원문 일치
11530,11530-100,동보,오리로13가길 30,,,
11530,11530-101,동부(105동~106동),경인로 248-13,A15210103,경인로 248-13,원문 일치
11530,11530-102,동부골든,고척로 49,,,
11530,11530-103,라인,경인로 230-13,A15210104,경인로 230-13,원문 일치
11530,11530-105,삼천리,경인로8길 75,A15210210,경인로8길 75,원문 일치
11530,11530-108,시티월드,경인로 176,,,
11530,11530-11,신도림롯데아파트,새말로 31,A15205511,새말로 31,원문 일치
11530,11530-111,한백힐,고척로 6,,,
11530,11530-113,목화수목원아파트101동,경인로2길 41,,,
11530,11530-114,한신플러스타운,고척로 52,A15210106,고척로 52,원문 일치
11530,11530-115,영풍마드레빌,경인로8길 64,A15210212,경인로8길 64,원문 일치
11530,11530-1193,은진빌라,구로동로18길 53-5,,,
11530,11530-1198,(749-99),구로동로20길 58-12,,,
11530,11530-12,미래타워,디지털로32길 92,,,
11530,11530-123,두양그린B동,부일로1길 136-9,,,
11530,11530-127,대림1,신도림로 16,A15288814,신도림로 16,원문 일치
11530,11530-128,대림2,신도림로 16,A15288814,신도림로 16,원문 일치
11530,11530-129,대림3,신도림로 11,A15288802,신도림로 11,원문 일치
11530,11530-13,보광,가마산로 231,A15285503,가마산로 231,원문 일치
11530,11530-130,동아1,신도림로 87,A15288813,신도림로 87,원문 일치
11530,11530-131,동아2,경인로 643,A15288809,경인로 643,원문 일치
11530,11530-132,동아3,신도림로 78,A15288810,신도림로 78,원문 일치
11530,11530-133,미성,신도림로11가길 36,A15288611,신도림로11가길 36,원문 일치
11530,11530-134,신성은하수,경인로66길 5,,,
11530,11530-135,우성5,신도림로21길 21,A15288801,신도림로21길 21,원문 일치
11530,11530-136,현대홈타운아파트,신도림로19길 16,A15288803,신도림로19길 16,원문 일치
11530,11530-137,주공2,구일로4길 22,,,
11530,11530-138,구로현대,디지털로 319,A15288004,디지털로 319,원문 일치
11530,11530-139,우성1,신도림로 110,A15288806,신도림로 110,원문 일치
11530,11530-140,우성2,신도림로 105,,,
11530,11530-1407,(807-37),구로동로12길 4-14,,,
11530,11530-1408,807-41,구로동로12길 4-8,,,
11530,11530-141,우성3,신도림로21길 25,A15288804,신도림로21길 25,원문 일치
11530,11530-142,동부(101동~103동),경인로 248-14,A15210105,경인로 248-14,원문 일치
11530,11530-143,미래하이츠,남부순환로107길 12,,,
11530,11530-144,동도아르떼빌,가마산로27길 34,,,
11530,11530-145,순영웰라이빌1차,가마산로27길 24,,,
11530,11530-146,신성미소지움,시흥대로161길 50,A15205301,시흥대로161길 50,원문 일치
11530,11530-147,대림아르빌,도림천로12길 6,,,
11530,11530-148,신도림LG자이,새말로18길 64,A15283807,새말로18길 64,원문 일치
11530,11530-149,성삼하이츠,구로중앙로18길 56,,,
11530,11530-15,새솔금호,공원로 35,A15284305,공원로 35,원문 일치
11530,11530-150,대림e-편한세상5,신도림로 32,A15288805,신도림로 32,원문 일치
11530,11530-151,대림e-편한세상6,경인로59길 7,,,
11530,11530-152,경남아너스빌,오류로 65,A15210207,오류로 65,원문 일치
11530,11530-153,금강(343),오리로 1197,A15210211,오리로 1197,원문 일치
11530,11530-155,예인,중앙로15길 84,,,
11530,11530-16,성락,도림로20길 30,,,
11530,11530-160,호수2차B동,오리로22가길 34,,,
11530,11530-161,보람쉬움,디지털로 318,,,
11530,11530-162,아스타빌,가마산로27길 66,,,
11530,11530-163,대림e-편한세상4,경인로65길 16-15,A15288812,경인로65길 16-15,원문 일치
11530,11530-164,한가람,경인로22길 62,,,
11530,11530-165,목화수목원102동,경인로2길 42,,,
11530,11530-166,예주유니츠,중앙로14길 7,,,
11530,11530-167,삼명,경서로1길 14,,,
11530,11530-168,대림e-편한세상7,신도림로 56-13,A15288807,신도림로 56-13,원문 일치
11530,11530-169,예원아파트,새말로16길 56,,,
11530,11530-1694,진성,중앙로15길 88,,,
11530,11530-17,신도림태영타운,새말로 93,A15205513,새말로 93,원문 일치
11530,11530-170,효성,구로중앙로28다길 24,,,
11530,11530-171,삼성래미안,디지털로31길 90,A15284906,디지털로31길 90,원문 일치
11530,11530-172,골드마인(가동),가마산로20다길 41,,,
11530,11530-173,골드마인(나동),가마산로20다길 45,,,
11530,11530-174,한일퍼스트빌(415-37),구로동로35길 30,,,
11530,11530-175,우리유앤미,구로동로43길 10,A15205001,구로동로43길 10,원문 일치
11530,11530-176,우민늘푸른,도림로20길 50,,,
11530,11530-178,해피그린(171-31),고척로60길 26,,,
11530,11530-18,신도림현대,새말로9길 45,A15286210,새말로9길 45,원문 일치
11530,11530-180,삼환로즈빌,경인로 343,A15208003,경인로 343,원문 일치
11530,11530-185,제일아파트,개봉로3길 51,,,
11530,11530-186,태경하이빌,개봉로1길 46,,,
11530,11530-187,화신,고척로27길 76,,,
11530,11530-188,오류그린,고척로3길 112,,,
11530,11530-189,우창굿모닝,오리로13길 105,,,
11530,11530-19,신안타워,구로중앙로 68,,,
11530,11530-190,동선,경인로 158,A15210101,경인로 158,원문 일치
11530,11530-191,오류동푸르지오,오류로8길 11,A15210209,오류로8길 11,원문 일치
11530,11530-192,두양그린A동,부일로1길 136-3,,,
11530,11530-193,현대홈타운스위트,연동로13길 25,A15271601,연동로13길 25,원문 일치
11530,11530-2,극동,구로중앙로7길 28,A15285004,구로중앙로7길 28,원문 일치
11530,11530-21,영화참마음,구일로8길 79,,,
11530,11530-22,우방,구일로 154-17,A15286801,구일로 154-17,원문 일치
11530,11530-223,왕궁,개봉로1길 22,,,
11530,11530-23,우성(1058),구일로8길 31,A15205103,구일로8길 31,원문 일치
11530,11530-231,순영웰라이빌2차,가마산로 280,A15284101,가마산로 280,원문 일치
11530,11530-232,우진체리쉬,구로중앙로18길 53,,,
11530,11530-236,개봉동상우,남부순환로97길 74,,,
11530,11530-239,수정,부일로 985,,,
11530,11530-24,우성(23),공원로6가길 67,A15283809,공원로6가길 67,원문 일치
11530,11530-241,온수동,부일로1다길 16-8,,,
11530,11530-242,한백고은,고척로 19,,,
11530,11530-244,현암B동,도림로 16-8,,,
11530,11530-245,800-19,도림로 14-3,,,
11530,11530-248,(800-29),도림로6길 7,,,
11530,11530-25,우원그린빌,구로중앙로28다길 22,,,
11530,11530-254,(716-22)우진빌라C,구로동로15길 5-9,,,
11530,11530-257,(717-5)미래빌라,구로동로15길 5-8,,,
11530,11530-26,월드,구로중앙로 229,A15286602,구로중앙로 229,원문 일치
11530,11530-263,(717-21)경원주택2동,구로동로15길 13-6,,,
11530,11530-265,(717-23)함양주택,구로동로15길 13-10,,,
11530,11530-27,이화우성,도림로22길 8,A15288002,도림로22길 8,원문 일치
11530,11530-270,(718-10)옥천빌라,구로동로13길 30,,,
11530,11530-272,(718-12)부국주택,구로동로15길 21-8,,,
11530,11530-275,(718-18)삼성빌라트,구로동로15길 27,,,
11530,11530-276,(718-22),구로동로13길 34-8,,,
11530,11530-28,일신건영,새말로9길 22,,,
11530,11530-281,남촌홈타운(730-2),구로동로28길 64-12,,,
11530,11530-283,청우아트빌리지(738-39),구로동로14길 2-9,,,
11530,11530-286,(739-19),구로동로20길 28-3,,,
11530,11530-29,주공1,구일로4길 65,A15286809,구일로4길 65,원문 일치
11530,11530-293,(740-7),구로동로12길 49,,,
11530,11530-294,청우아트빌라3차,구로동로12길 45,,,
11530,11530-299,(740-24),구로동로12길 59-16,,,
11530,11530-3,금호,공원로 26,A15283803,공원로 26,원문 일치
11530,11530-30,중앙하이츠,구일로8길 92,A15286806,구일로8길 92,원문 일치
11530,11530-302,궁전아트빌라,구로동로12길 59-8,,,
11530,11530-31,중앙하이츠(1269),구로동로47길 24,A15285804,구로동로47길 24,원문 일치
11530,11530-311,안정빌라,구로동로12길 59-14,,,
11530,11530-3134,한일유앤아이,중앙로15길 151,A15208204,중앙로15길 151,원문 일치
11530,11530-3137,수영힐(나동),고척로 95-6,,,
11530,11530-314,(742-57),구로동로22길 57,,,
11530,11530-3141,영화아이닉스,개봉로1길 188,A15209304,개봉로1길 188,원문 일치
11530,11530-3146,이좋은집,경인로20나길 30,,,
11530,11530-3148,우림필유,서해안로 2368,,,
11530,11530-3149,은하수수목원,경인로2길 29,,,
11530,11530-3174,SKVIEW,경인로 638,A15288808,경인로 638,원문 일치
11530,11530-3183,서원빌라,디지털로27라길 32-5,,,
11530,11530-3204,대림역대성스카이렉스,공원로 27,A15284302,공원로 27,원문 일치
11530,11530-3208,강남그린,오리로20길 28,,,
11530,11530-3213,개봉동현대아이파크,개봉로2길 133-15,A15209004,개봉로2길 133-15,원문 일치
11530,11530-3214,한일유앤아이,가마산로 87,A15205104,가마산로 87,원문 일치
11530,11530-3215,다청림(104동),오리로20길 47,,,
11530,11530-3224,오류동휘버스,고척로18길 77,,,
11530,11530-3225,오류동금호어울림,고척로 41,A15210102,고척로 41,원문 일치
11530,11530-3229,구로에스케이뷰,새말로 25,,,
11530,11530-3233,신도림팰러티움,경인로 584,,,
11530,11530-3246,쌍용플래티넘노블,공원로 40,A15283801,공원로 40,원문 일치
11530,11530-3249,구로두산위브,디지털로31길 85,A15205305,디지털로31길 85,원문 일치
11530,11530-325,(743-10),구로동로8길 65,,,
11530,11530-3253,다청림(107동),오리로20길 44,,,
11530,11530-3262,우남푸르미아,부일로 927,,,
11530,11530-3263,은하수수목원2차(101동),경인로2길 34,,,
11530,11530-3264,은하수수목원2차(102동),경인로2길 30,,,
11530,11530-3268,초롱타운,구로동로43길 44-6,,,
11530,11530-3269,신구로자이,구로중앙로 134,A15205508,구로중앙로 134,원문 일치
11530,11530-3270,덕영드림,구로중앙로34길 17,,,
11530,11530-3276,뉴파인,오리로21길 90,,,
11530,11530-328,(743-19),구로동로20길 41-4,,,
11530,11530-3282,한신휴플러스(1280-0),디지털로31길 120,A15205303,디지털로31길 120,원문 일치
11530,11530-3283,한신휴플러스(1280-1),디지털로31길 119,,,
11530,11530-3287,동보수목원,연동로13길 18-46,,,
11530,11530-3288,케어빌(98-8),구로중앙로18길 27,,,
11530,11530-3289,근상프리즘,구일로 168,,,
11530,11530-3291,신도림3차푸르지오,경인로 619-3,,,
11530,11530-33,한국현대,구일로8길 107,,,
11530,11530-3308,일동행복세상,가마산로19길 30,,,
11530,11530-331,(743-26),구로동로20길 41-15,,,
11530,11530-3311,유한수목원,경인로2길 51,,,
11530,11530-3319,우성에비뉴,디지털로32가길 26,,,
11530,11530-332,(743-27),구로동로22길 52-2,,,
11530,11530-3323,마젤란,경인로47길 128,A15208005,경인로47길 128,원문 일치
11530,11530-3327,더메디치,오리로13길 76,,,
11530,11530-333,(743-31),구로동로20길 37-15,,,
11530,11530-3343,신도림2차푸르지오,경인로67길 23,,,
11530,11530-3348,늘푸른주상복합,구로중앙로28다길 30,,,
11530,11530-3359,서해그랑블,오리로13길 90-3,,,
11530,11530-3362,리치안풍산,부일로1길 126,,,
11530,11530-337,(743-35),구로동로20길 41-9,,,
11530,11530-3371,대림역경남아너스빌,구로중앙로8길 41-23,,,
11530,11530-3372,동보수목원(16-36),연동로13길 18-38,,,
11530,11530-3373,고척파크푸르지오,중앙로 121,A15279403,중앙로 121,원문 일치
11530,11530-3374,대명하이빌102동,오리로20길 26-10,,,
11530,11530-3375,대명하이빌101동,오리로20길 26-8,,,
11530,11530-3385,고척LIG리가1차,중앙로12길 7,A15279402,중앙로12길 7,원문 일치
11530,11530-3386,고척LIG리가2차,중앙로12길 17-8,,,
11530,11530-3391,온수힐스테이트,부일로9길 127,A15279101,부일로9길 127,원문 일치
11530,11530-3397,SR친오애,가마산로 286,,,
11530,11530-34,한스타워,공원로 34,,,
11530,11530-3402,아이에스빌리브,부일로9길 133,,,
11530,11530-341,(743-39),구로동로20길 41-1,,,
11530,11530-3416,다울숲,가마산로20다길 46,,,
11530,11530-343,(743-52),구로동로20길 37-13,,,
11530,11530-3437,벽산베스트블루밍,고척로60길 30,A15208006,고척로60길 30,원문 일치
11530,11530-3438,하나세인스톤1차,구로중앙로28다길 16,,,
11530,11530-344,(743-55),구로동로22길 48,,,
11530,11530-3459,고척월드메르디앙,중앙로8길 11,A15208007,중앙로8길 11,원문 일치
11530,11530-3469,천왕이펜하우스6단지,천왕로 9,A15213002,천왕로 9,원문 일치
11530,11530-347,(744-3),구로동로8길 51,,,
11530,11530-3470,천왕이펜하우스2단지,천왕로 92,A15213003,천왕로 92,원문 일치
11530,11530-3480,디큐브시티,경인로 662,A15277302,경인로 662,원문 일치
11530,11530-3485,천왕이펜하우스5단지,천왕로 10,A15213001,천왕로 10,원문 일치
11530,11530-3489,천왕이펜하우스4단지,천왕로 29,A15213004,천왕로 29,원문 일치
11530,11530-3499,하나세인스톤3차,공원로6길 16-22,,,
11530,11530-35,한신,구일로8길 63,A15286805,구일로8길 63,원문 일치
11530,11530-3509,구로지웰,구로동로28길 42,,,
11530,11530-3514,천왕이펜하우스1단지,천왕로 91,A15213006,천왕로 91,원문 일치
11530,11530-3515,천왕이펜하우스3단지,천왕로 56,A15213005,천왕로 56,원문 일치
11530,11530-353,(744-15),구로동로18길 35-7,,,
11530,11530-3536,하나세인스톤2차,가마산로 284,,,
11530,11530-355,(744-18),구로동로20길 46-4,,,
11530,11530-356,(744-19),구로동로20길 42-2,,,
11530,11530-3583,종인아네스트,공원로7길 11,,,
11530,11530-359,(744-45),구로동로18길 29-5,,,
11530,11530-36,현대,구로중앙로18길 68,A15283902,구로중앙로18길 68,원문 일치
11530,11530-3600,신도림로제리움,공원로8길 36,,,
11530,11530-3601,비즈트위트레인보우,공원로6길 25,,,
11530,11530-3618,다청림101동(143-1),오리로22나길 16-9,,,
11530,11530-363,번영빌라,구로동로18길 38-8,,,
11530,11530-3641,대림역와이즈플레이스,가마산로 268,,,
11530,11530-365,(745-14),구로동로18길 30-6,,,
11530,11530-3652,비즈트위트그린,구로중앙로18길 23,,,
11530,11530-366,(745-15),구로동로18길 30-5,,,
11530,11530-3660,비즈트위트블루,공원로 15-12,,,
11530,11530-368,보성,구로동로18길 34-7,,,
11530,11530-3689,양지쉐르빌아파트,서해안로 2283,,,
11530,11530-37,현대로얄,가마산로 97,,,
11530,11530-3700,그린플러스구로해담채2,가마산로27길 11-7,,,
11530,11530-372,(745-40),구로동로12길 16-9,,,
11530,11530-3725,다청림,서해안로 2281,,,
11530,11530-373,(745-43),구로동로8길 29,,,
11530,11530-3730,비즈트위트오렌지,공원로6가길 8,,,
11530,11530-3734,다청림(356),서해안로 2275,,,
11530,11530-3740,대명그린(아),부일로13길 66-5,,,
11530,11530-375,(745-57),구로동로12길 16-12,,,
11530,11530-3757,천왕연지타운1단지,오류로 30,A15210001,오류로 30,원문 일치
11530,11530-376,(745-60),구로동로12길 4-3,,,
11530,11530-3762,로제리움2차,가마산로26길 5,,,
11530,11530-3775,천왕연지타운2단지,오리로 1102-10,A15213007,오리로 1102-10,원문 일치
11530,11530-3783,해담채3,가마산로27길 11-15,,,
11530,11530-3798,개봉푸르지오,남부순환로 775,,,
11530,11530-3799,썬앤빌,경인로19가길 40,,,
11530,11530-38,현대상선,구일로10길 53,A15286802,구일로10길 53,원문 일치
11530,11530-380,송림빌라,구로동로12길 4-11,,,
11530,11530-3802,코원,구로중앙로18길 59,,,
11530,11530-3818,포스시티,경인로20길 6,,,
11530,11530-3822,LIPe-푸른아파트,개봉로17아길 41-13,,,
11530,11530-387,(746-14),구로동로8길 22,,,
11530,11530-39,현대연예인,구일로4길 46,A15286807,구일로4길 46,원문 일치
11530,11530-3900,다청림시티,부일로1길 26-12,,,
11530,11530-391,삼호빌라,구로동로18길 44-9,,,
11530,11530-393,(747-26),도림로3길 35-6,,,
11530,11530-394,(747-33),구로동로18길 44-15,,,
11530,11530-395,(747-34),도림로3길 35-5,,,
11530,11530-3957,대림역포스큐,공원로 11,,,
11530,11530-396,(747-35),도림로3길 35-3,,,
11530,11530-397,(747-51),구로동로8길 18-9,,,
11530,11530-3973,비즈트위트레드,가마산로 285,,,
11530,11530-399,(747-53),구로동로18길 44-17,,,
11530,11530-4,다솜금호,새말로16길 70,A15283806,새말로16길 70,원문 일치
11530,11530-40,현대의보아파트,구일로8길 121,,,
11530,11530-4009,오류동역솔리스타,경인로20나길 63,,,
11530,11530-4014,파인마루오피스텔,구로중앙로18길 17,,,
11530,11530-403,(748-20),구로동로18길 56-9,,,
11530,11530-404,은진빌라(748-24),구로동로18길 62-12,,,
11530,11530-406,(748-32),구로동로18길 56-27,,,
11530,11530-41,현대파크빌,공원로 41,,,
11530,11530-410,(749-1),구로동로20길 56,,,
11530,11530-414,(749-8),구로동로20길 58-6,,,
11530,11530-419,(749-29),구로동로20길 58-8,,,
11530,11530-42,희훈타워빌,공원로 63,,,
11530,11530-4223,한양아이클래스구로,개봉로23가길 10,,,
11530,11530-425,(749-46),구로동로20길 64-2,,,
11530,11530-4297,신도림 아르디에,경인로66길 19,,,
11530,11530-43,성호메이플라워멤버스빌,가마산로 283,A15284204,가마산로 283,원문 일치
11530,11530-431,(750-8),구로동로20길 52-12,,,
11530,11530-4316,마인드에코프라움,구로중앙로18길 11,,,
11530,11530-4325,하버라인3단지,항동로 43,A10025614,항동로 43,원문 일치
11530,11530-434,(751-3),구로동로8길 62-12,,,
11530,11530-435,(751-4),구로동로8길 62-14,,,
11530,11530-4350,하버라인4단지,항동로 72,A10025302,항동로 72,원문 일치
11530,11530-4363,하버라인2단지,연동로 234,A10025387,연동로 234,원문 일치
11530,11530-4373,한양수자인에듀힐즈,항동로 42,A10025193,항동로 42,원문 일치
11530,11530-4392,항동중흥에스클래스베르데카운티,연동로 233,A10025115,연동로 233,원문 일치
11530,11530-44,뉴홍현솔레디움,구로동로42길 77,,,
11530,11530-4403,항동제일풍경채포레스트,부광로 96-16,A10024927,부광로 96-16,원문 일치
11530,11530-4404,M센트럴뷰,구로동로42길 9,,,
11530,11530-4408,루체비스타,고척로 5,,,
11530,11530-4422,승윤노블리안,구일로2길 29,,,
11530,11530-4424,우남퍼스트빌더센트럴,항동로 8,A10024849,항동로 8,원문 일치
11530,11530-446,(752-10),구로동로22길 70-9,,,
11530,11530-4466,오류동삼전솔하임,경인로 187,,,
11530,11530-449,(752-15),구로동로22길 76-10,,,
11530,11530-450,(752-17),구로동로22길 76-6,,,
11530,11530-451,(752-19),구로동로22길 76-4,,,
11530,11530-454,(752-37),구로동로8길 70-21,,,
11530,11530-4548,구로오네뜨시티,가마산로 271,A10023471,가마산로 271,원문 일치
11530,11530-459,(768-2),구로동로22길 78-7,,,
11530,11530-46,효성,남부순환로 1299,,,
11530,11530-461,(770-8),구로동로22길 88-14,,,
11530,11530-4660,더헤리츠,경서로 17,,,
11530,11530-4683,신영지웰에스테이트개봉역,개봉로24길 46,,,
11530,11530-4688,호반써밋개봉,고척로22길 36,A10020958,고척로22길 36,원문 일치
11530,11530-47,개봉청구,고척로40길 19,,,
11530,11530-472,(770-54),구로동로22길 78-15,,,
11530,11530-48,경남1,경인로47길 150,A15283701,경인로47길 150,원문 일치
11530,11530-481,구로궁전빌리지(771-42),구로동로18길 57,,,
11530,11530-482,(777-3)두암호은리버빌,디지털로27라길 64,,,
11530,11530-483,(779-2),디지털로27라길 67,,,
11530,11530-484,(779-3),디지털로27라길 65,,,
11530,11530-485,(779-13),도림로14길 7-4,,,
11530,11530-487,(779-26),도림로14길 13,,,
11530,11530-489,경성아파트,도림로 44-9,,,
11530,11530-49,경남2,고척로52길 21,A15283603,고척로52길 21,원문 일치
11530,11530-490,경성B,도림로 44-11,,,
11530,11530-493,미성빌라트,도림로12길 15-11,,,
11530,11530-497,(780-41),디지털로27라길 55,,,
11530,11530-50,그랜드,고척로27바길 47,,,
11530,11530-500,(780-48),도림로12길 5-8,,,
11530,11530-501,(780-50),도림로12길 5-7,,,
11530,11530-503,(780-58),도림로12길 5-6,,,
11530,11530-505,(780-62),도림로12길 15-5,,,
11530,11530-506,(780-67)우정빌라,도림로12길 15-3,,,
11530,11530-507,(780-72)삼익빌라,도림로12길 5-4,,,
11530,11530-509,(780-86),도림로12길 11,,,
11530,11530-51,대우,고척로52길 48,A15279404,고척로52길 48,원문 일치
11530,11530-515,(791-4),디지털로27다길 45-6,,,
11530,11530-517,동산빌라,디지털로27라길 42,,,
11530,11530-52,동아한신,중앙로6길 17,A15283706,중앙로6길 17,원문 일치
11530,11530-520,(791-16),디지털로27라길 36,,,
11530,11530-527,(791-62),디지털로27라길 34-7,,,
11530,11530-528,(792-2),도림로10길 5-38,,,
11530,11530-529,(792-6),도림로12길 10,,,
11530,11530-53,산업인,경인로47다길 43,A15282405,경인로47다길 43,원문 일치
11530,11530-530,(792-9),도림로12길 12,,,
11530,11530-536,동산빌라1동,디지털로27라길 35,,,
11530,11530-539,(792-54),디지털로27라길 39-7,,,
11530,11530-54,삼익(1단지),중앙로15길 132-17,A15208202,중앙로15길 132-17,원문 일치
11530,11530-540,미도빌라B동,디지털로27라길 39-9,,,
11530,11530-549,(792-102),도림로10길 5-32,,,
11530,11530-55,삼익(2단지),중앙로15길 125,A15283704,중앙로15길 125,원문 일치
11530,11530-555,(793-16),도림로10길 5-15,,,
11530,11530-56,서울가든,중앙로5길 62,A15282810,중앙로5길 62,원문 일치
11530,11530-560,(793-44),도림로10길 5-5,,,
11530,11530-562,(793-54),도림로10길 5-1,,,
11530,11530-564,(794-12),도림로10길 18-3,,,
11530,11530-565,(794-13),도림로10길 18-5,,,
11530,11530-5664,세이지움개봉,개봉로19길 11,A10020672,개봉로19길 11,원문 일치
11530,11530-5665,남구로역동일센타시아,우마1다길 10,,,
11530,11530-5667,에드가개봉,경인로42길 34,,,
11530,11530-5675,천왕역모아엘가트레뷰,오리로 1165,A10020416,오리로 1165,원문 일치
11530,11530-568,(794-22),도림로8길 13,,,
11530,11530-57,성원,경인로47가길 10,,,
11530,11530-576,(796-11),도림로6길 39-26,,,
11530,11530-577,(796-12),도림로6길 39-28,,,
11530,11530-58,센츄리,중앙로12길 12,A15283707,중앙로12길 12,원문 일치
11530,11530-582,(796-25),도림로6길 39-10,,,
11530,11530-588,대영빌라,도림로6길 33-1,,,
11530,11530-59,신원프라자,중앙로1길 18-18,,,
11530,11530-595,한마음(796-72),도림로6길 39-15,,,
11530,11530-596,(797-5),도림로6길 34,,,
11530,11530-597,봉일(797-8),도림로6길 36,,,
11530,11530-6,대림오페라타워,구로중앙로 60,,,
11530,11530-60,양우,고척로52길 9,A15208201,고척로52길 9,원문 일치
11530,11530-602,(797-22),디지털로27라길 6-17,,,
11530,11530-605,(797-26),도림로6길 30-3,,,
11530,11530-609,(797-43),디지털로27라길 6-18,,,
11530,11530-61,"우성,현대아파트",중앙로1길 18-19,A15282608,중앙로1길 18-19,원문 일치
11530,11530-610,(797-57),디지털로27길 106-4,,,
11530,11530-612,삼주빌라,도림로6길 18-1,,,
11530,11530-614,(798-18)봉일주택,디지털로27길 124-12,,,
11530,11530-615,(798-21),디지털로27길 124-8,,,
11530,11530-616,(798-24),디지털로27길 120-9,,,
11530,11530-62,우성꿈동산,경인로47다길 34-7,A15283702,경인로47다길 34-7,원문 일치
11530,11530-621,대성,도림로8길 12,,,
11530,11530-622,대길B,도림로8길 16,,,
11530,11530-626,(799-11),디지털로27라길 15,,,
11530,11530-627,풍안주택,도림로6길 15-6,,,
11530,11530-629,유진빌라,도림로6길 15-1,,,
11530,11530-63,청구,중앙로6길 5-15,A15283709,중앙로6길 5-15,원문 일치
11530,11530-630,한양하이츠,디지털로27길 124-18,,,
11530,11530-631,801-9,도림로 12-9,,,
11530,11530-635,(803-13)구로아트빌라8,도림로3길 22,,,
11530,11530-637,구로아트빌라9,도림로3길 24,,,
11530,11530-639,(805-16),도림로3길 3-3,,,
11530,11530-64,청솔우성,중앙로 101,A15279401,중앙로 101,원문 일치
11530,11530-640,구로아트빌라3동,도림로3길 15,,,
11530,11530-641,(806-14),도림로3길 7,,,
11530,11530-644,구로아트빌라4동(806-33),구로동로8길 18-16,,,
11530,11530-649,(806-62),구로동로18길 44-24,,,
11530,11530-65,하이리빙,고척로 238,,,
11530,11530-650,(806-63)태영빌라,구로동로18길 44-28,,,
11530,11530-651,백록빌라,구로동로8길 14,,,
11530,11530-654,(807-1),구로동로8길 17,,,
11530,11530-659,(807-19),구로동로 82-7,,,
11530,11530-66,한성,중앙로15길 132-60,,,
11530,11530-661,(807-23),구로동로 82-13,,,
11530,11530-668,건양(346-33),개봉로11길 18-6,,,
11530,11530-669,대산,오리로13길 18,,,
11530,11530-67,한효,중앙로5길 20,,,
11530,11530-69,벽산,경인로 390,A15283711,경인로 390,원문 일치
11530,11530-7,대림우성2,도림천로 344,,,
11530,11530-70,거성,개봉로15길 91,B15281101,개봉로15길 91,원문 일치
11530,11530-71,거성푸르뫼,고척로 85,A15280304,고척로 85,원문 일치
11530,11530-72,거성푸르뫼2,고척로 82,A15280303,고척로 82,원문 일치
11530,11530-73,건영,고척로21나길 85-6,A15275101,고척로21나길 85-6,원문 일치
11530,11530-75,대상,개봉로1길 170,A15209303,개봉로1길 170,원문 일치
11530,11530-76,동인,서해안로34가길 22,,,
11530,11530-77,두산,남부순환로95길 88,A15209203,남부순환로95길 88,원문 일치
11530,11530-79,삼호,남부순환로95길 16,A15209202,남부순환로95길 16,원문 일치
11530,11530-8,도림두산베어스타워,공원로 47,,,
11530,11530-80,삼환,남부순환로95길 54,A15209205,남부순환로95길 54,원문 일치
11530,11530-81,상우,남부순환로97길 50,A15209201,남부순환로97길 50,원문 일치
11530,11530-82,신개봉삼환,경인로38길 13,A15280602,경인로38길 13,원문 일치
11530,11530-84,영화,경인로40길 11,A15282105,경인로40길 11,원문 일치
11530,11530-85,우성,고척로19길 69-6,,,
11530,11530-86,진로,개봉로15길 84-15,,,
11530,11530-87,창동,고척로21나길 48-68,,,
11530,11530-88,청실,경인로40길 25,A15209003,경인로40길 25,원문 일치
11530,11530-89,한마을,경인로 382,A15209002,경인로 382,원문 일치
11530,11530-9,구로두산,도림로 59,,,
11530,11530-90,한진,개봉로3길 87,A15209305,개봉로3길 87,원문 일치
11530,11530-91,현대,개봉로20길 6,A15209207,개봉로20길 6,원문 일치
11530,11530-92,현대홈타운,개봉로20길 158,A15209206,개봉로20길 158,원문 일치
11530,11530-93,건양,개봉로17나길 16,,,
11530,11530-94,율포그레이스빌,남부순환로95길 42-15,,,
11530,11530-95,고운아파트,경인로 271,A15209006,경인로 271,원문 일치
11530,11530-96,동도센트리움(70-12),고척로22길 84,,,
11530,11530-97,신세기,개봉로19길 85,,,
11530,11530-98,금강,서해안로34가길 18,A15210206,서해안로34가길 18,원문 일치
11530,11530-99,길훈,오류로8라길 20-8,,,
11545,11545-1,덕산,시흥대로151길 45,,,
11545,11545-10,목화101,문성로3길 8,,,
11545,11545-100,성웅,문성로 15,,,
11545,11545-101,장미아파트A동,문성로 27,,,
11545,11545-102,힐탑,문성로 39,,,
11545,11545-104,세진웰빙102,독산로92길 26,,,
11545,11545-106,상진지오벨리A,시흥대로120길 40,,,
11545,11545-108,독산동중앙하이츠빌,범안로 1136,A15301105,범안로 1136,원문 일치
11545,11545-109,금광,탑골로2길 24,,,
11545,11545-11,목화102,문성로1길 7,,,
11545,11545-110,탑스빌,금하로30길 34,,,
11545,11545-111,예일,독산로10길 19,,,
11545,11545-112,시흥베르빌,시흥대로77길 23,A15303102,시흥대로77길 23,원문 일치
11545,11545-113,한빛무궁화101동,독산로36길 62,,,
11545,11545-12,백운,범안로12길 47,,,
11545,11545-14,삼익,남부순환로120길 22,,,
11545,11545-1404,한아마인드,범안로17길 9,,,
11545,11545-1410,서초파레스,시흥대로128길 19,,,
11545,11545-1415,드림케슬3차,두산로3길 36-11,,,
11545,11545-1421,시흥동월드메르디앙,독산로36길 36,A15378501,독산로36길 36,원문 일치
11545,11545-1440,관악산신도브래뉴,금하로24나길 48,A15303502,금하로24나길 48,원문 일치
11545,11545-1452,온누리,벚꽃로24길 7,,,
11545,11545-1471,백운한비치Ⅱ,금하로23길 52,A10026792,금하로23길 52,원문 일치
11545,11545-1476,이랜드해가든,벚꽃로6길 3,A15375810,벚꽃로6길 3,원문 일치
11545,11545-148,드림캐슬2차,두산로9가길 30,,,
11545,11545-1487,해찬행복드림,가산로5길 14,,,
11545,11545-149,태영아파트,범안로 1158,,,
11545,11545-15,삼환아파트,범안로12길 15,,,
11545,11545-151,은탑로얄클라스,가산로3길 77,,,
11545,11545-153,동은5차,문성로3길 43,,,
11545,11545-1536,리치힐(1052-5),시흥대로100길 21-8,,,
11545,11545-155,장미아파트B동,문성로 29,,,
11545,11545-1560,독산동한양수자인,시흥대로150길 6,A15370301,시흥대로150길 6,원문 일치
11545,11545-157,힐탑아파트4차(894-5),문성로3길 70,,,
11545,11545-159,원평5차,벚꽃로24길 13,,,
11545,11545-16,설악솔내음,독산로85길 7-8,,,
11545,11545-161,목화103,문성로 4,,,
11545,11545-162,리치힐(976-6),독산로92길 17,,,
11545,11545-164,대광아파트,독산로 299,,,
11545,11545-1642,남서울힐스테이트,시흥대로 165,A15370103,시흥대로 165,원문 일치
11545,11545-165,리치힐103동(992-0),독산로92길 16,,,
11545,11545-17,독산주공14단지,한내로 69-54,A15375809,한내로 69-54,원문 일치
11545,11545-170,세진(1037-31),독산로 211,,,
11545,11545-1716,힐캐슬,시흥대로12길 33,,,
11545,11545-172,한빛,독산로44길 51,,,
11545,11545-1734,와이즈플레이스,시흥대로 236,,,
11545,11545-1745,SM엘루이,시흥대로37길 20,,,
11545,11545-177,보르미아파트(948-9),시흥대로24길 44,,,
11545,11545-18,중앙아파트,범안로15길 65,,,
11545,11545-1825,가산양우내안에애플,남부순환로 1266,,,
11545,11545-1860,가산지웰에스테이트,가산로 147,,,
11545,11545-1863,애시안아파트,탑골로2길 55,,,
11545,11545-19,진도1차,벚꽃로18길 36,,,
11545,11545-1957,비즈트위트바이올렛5차,디지털로12길 15,,,
11545,11545-2,두산,가산로 99,A15380403,가산로 99,원문 일치
11545,11545-20,진도2차,두산로 36,A15383601,두산로 36,원문 일치
11545,11545-21,진도3차아파트,범안로17길 41,A15383604,범안로17길 41,원문 일치
11545,11545-22,한신아파트,한내로 62,A15383307,한내로 62,원문 일치
11545,11545-2262,금천롯데캐슬골드파크1차,벚꽃로 40,A10027188,벚꽃로 40,원문 일치
11545,11545-2267,리버스타운,범안로12길 41,,,
11545,11545-2270,우림메르디앙,시흥대로64길 27,,,
11545,11545-23,금천현대,벚꽃로 73,A15381706,벚꽃로 73,원문 일치
11545,11545-2332,가산피어니빌,디지털로12길 37,,,
11545,11545-2369,금천롯데캐슬골드파크2차201동202동,벚꽃로 30,A10026626,벚꽃로 30,원문 일치
11545,11545-24,호정타워,시흥대로88길 21,,,
11545,11545-2427,백운한비치5,시흥대로12길 10-8,,,
11545,11545-2452,가산지웰에스테이트2차,가산로9길 12-8,,,
11545,11545-2479,금천롯데캐슬골드파크3차,시흥대로 291,A10025946,시흥대로 291,원문 일치
11545,11545-25,아셈그린힐,독산로78다길 22,,,
11545,11545-2525,명도힐스티지,독산로 337,,,
11545,11545-2541,루체클래식,시흥대로2길 24,,,
11545,11545-2587,e편한세상독산더타워,범안로 1212,A10025116,범안로 1212,원문 일치
11545,11545-26,동양드림아파트,독산로58나길 56,,,
11545,11545-2633,백운플러스타워,시흥대로59길 13,,,
11545,11545-2652,독산오르페움타워,독산로85길 36,,,
11545,11545-2676,G밸리페트라힐스,디지털로 207,,,
11545,11545-27,신도브래뉴,시흥대로152길 25,A15382301,시흥대로152길 25,원문 일치
11545,11545-28,각산,한내로 52,,,
11545,11545-2805,더유엘아파트,시흥대로2길 57-18,,,
11545,11545-2820,독산솔리힐아파트,독산로54길 303,,,
11545,11545-29,대덕트윈빌,시흥대로112길 6,,,
11545,11545-3,삼익,두산로9길 56,A15380101,두산로9길 56,원문 일치
11545,11545-30,경남아파트,독산로 78-1,,,
11545,11545-31,금강,독산로50길 57-2,A15303401,독산로50길 57-2,원문 일치
11545,11545-32,낙원,시흥대로26길 16,,,
11545,11545-33,남서울건영아파트,시흥대로59길 35,A15386404,시흥대로59길 35,원문 일치
11545,11545-34,남서울건영2,독산로10길 96,A15384603,독산로10길 96,원문 일치
11545,11545-35,대도훼미리,시흥대로45길 26,,,
11545,11545-36,럭키남서울아파트,시흥대로47길 43,A15386506,시흥대로47길 43,원문 일치
11545,11545-37,시흥목련,금하로3길 26,A15303003,금하로3길 26,원문 일치
11545,11545-38,무지개,시흥대로73길 11,A15383905,시흥대로73길 11,원문 일치
11545,11545-3846,그린포레아파트,시흥대로2길 57-10,,,
11545,11545-39,벽산,금하로 793,,,
11545,11545-4,주상복합두산,가산로 106,,,
11545,11545-40,벽산3,탑골로 84,A15384501,탑골로 84,원문 일치
11545,11545-41,삼익,독산로50길 89,A15383702,독산로50길 89,원문 일치
11545,11545-42,삼일,시흥대로24길 32,,,
11545,11545-44,성지,시흥대로51길 55,A15303103,시흥대로51길 55,원문 일치
11545,11545-45,시흥(817-29),독산로24나길 13,,,
11545,11545-47,영광아파트,시흥대로57길 17,,,
11545,11545-5,계룡아파트,범안로15길 7,A15381402,범안로15길 7,원문 일치
11545,11545-51,현대(209),금하로23라길 31,A15384101,금하로23라길 31,원문 일치
11545,11545-52,현대(220-2),탑골로3길 50,,,
11545,11545-54,유승셀르빌,독산로50길 151-1,,,
11545,11545-55,관악산벽산타운5,금하로 816,A15303205,금하로 816,원문 일치
11545,11545-57,신세계,독산로24다길 22,,,
11545,11545-61,백운스위트빌,시흥대로14길 29,,,
11545,11545-63,우방,금하로 750,A15303203,금하로 750,원문 일치
11545,11545-64,금천,금하로14길 53-1,,,
11545,11545-66,백운한비치(나),남부순환로108길 23-14,,,
11545,11545-68,청광플러스원,두산로11길 22,,,
11545,11545-7,독산동아아파트,독산로78다길 52,,,
11545,11545-71,한아(987-21),시흥대로142길 11,,,
11545,11545-73,리치힐101동(993-25),독산로88길 19,,,
11545,11545-75,백운한비치,탑골로2길 19,,,
11545,11545-79,산호시티빌,시흥대로 251,,,
11545,11545-8,독산현대,범안로17길 12,A15381303,범안로17길 12,원문 일치
11545,11545-80,정심아파트,독산로80가길 26,,,
11545,11545-81,동심,독산로78다길 12,,,
11545,11545-84,동은노보빌(887-2),문성로 10,,,
11545,11545-86,청호센트레빌,문성로 14-1,,,
11545,11545-87,예전이룸(965-1),시흥대로150길 21-58,,,
11545,11545-88,거상홈타운701동,시흥대로22길 48,,,
11545,11545-89,거상홈타운801동,시흥대로22길 52,,,
11545,11545-9,라이프,벚꽃로 60,A10026024,벚꽃로 60,원문 일치
11545,11545-92,칠성(3),시흥대로2길 8-31,,,
11545,11545-94,동은노보빌(887-54),문성로 6,,,
11545,11545-95,드림캐슬,두산로5길 58,,,
11545,11545-96,한아프라임102동,시흥대로149길 39,,,
11545,11545-98,세심아파트,독산로80가길 29,,,
11545,11545-99,문성,문성로 18,,,
11560,11560-1,영일,영신로19길 13,,,
11560,11560-10,대교,국제금융로7길 20,A15001016,국제금융로7길 20,원문 일치
11560,11560-100,한솔,양평로30길 51,A15010601,양평로30길 51,원문 일치
11560,11560-101,건영,도림로 313,A15005302,도림로 313,원문 일치
11560,11560-102,경남,영등포로 351,A15083703,영등포로 351,원문 일치
11560,11560-103,남서울,신길로 108,A15085805,신길로 108,원문 일치
11560,11560-105,삼두,여의대방로61길 19,A15083701,여의대방로61길 19,원문 일치
11560,11560-106,삼성,여의대방로 45,A15005603,여의대방로 45,원문 일치
11560,11560-107,삼성래미안,가마산로79길 7,A15005402,가마산로79길 7,원문 일치
11560,11560-108,삼환,여의대방로43나길 25,,,
11560,11560-109,신기목련아파트,신길로42가길 34,A15005102,신길로42가길 34,원문 일치
11560,11560-11,리버타워,63로 36,,,
11560,11560-110,신미,신길로23길 20,,,
11560,11560-111,우성1,도신로 68,A15005303,도신로 68,원문 일치
11560,11560-112,우성2,대방천로 180,A15086007,대방천로 180,원문 일치
11560,11560-113,우성3,대방천로14길 32,A15086004,대방천로14길 32,원문 일치
11560,11560-114,우성4,영등포로64길 11,A15005001,영등포로64길 11,원문 일치
11560,11560-115,우성5,도신로 100,A15005301,도신로 100,원문 일치
11560,11560-116,우창,여의대방로5길 6,,,
11560,11560-117,대방전철,여의대방로61길 1,,,
11560,11560-118,한성,가마산로 575,A15085404,가마산로 575,원문 일치
11560,11560-119,한신휴1차,디지털로69길 13,,,
11560,11560-12,목화,여의나루로 126,A15088208,여의나루로 126,원문 일치
11560,11560-120,대림현대,시흥대로187길 12,A15095001,시흥대로187길 12,원문 일치
11560,11560-121,무림,시흥대로 609,,,
11560,11560-1214,성재아이캐슬,국회대로55길 20,,,
11560,11560-1215,태영데시앙,문래북로 108,,,
11560,11560-1216,이너스삼성,선유서로26길 23,,,
11560,11560-122,문영칸타빌레,도림천로 391,,,
11560,11560-1221,월드메르디앙,선유서로 116,,,
11560,11560-1228,신풍두산위브,대방천로 155,,,
11560,11560-123,성락,대림로34다길 14,,,
11560,11560-1230,보라매길성그랑프리텔,여의대방로29길 10,,,
11560,11560-1232,보라매두산위브,여의대방로9길 5,A15086001,여의대방로9길 5,원문 일치
11560,11560-1233,보라매경남아너스빌,여의대방로 25,A15086006,여의대방로 25,원문 일치
11560,11560-1238,대림동갑을명가아파트,대림로22길 29,A15007101,대림로22길 29,원문 일치
11560,11560-124,성원(650),대림로 256,A15081201,대림로 256,원문 일치
11560,11560-1246,드림시드,국회대로53길 30,,,
11560,11560-1247,롯데캐슬아이비,국제금융로 86,A15088915,국제금융로 86,원문 일치
11560,11560-125,신동아,대림로31길 39,,,
11560,11560-1254,에이스리버티움,선유로53길 2,,,
11560,11560-1256,다울아파트102동,영등포로84길 42,,,
11560,11560-126,우성2,도림로47길 1,A10024829,도림로47길 1,원문 일치
11560,11560-127,코오롱,도영로 2-5,A15081105,도영로 2-5,원문 일치
11560,11560-1277,다울103동,영등포로84길 42,,,
11560,11560-1278,다울101동,영등포로84길 42,,,
11560,11560-128,현대2,도신로4길 6,A15081602,도신로4길 6,원문 일치
11560,11560-1286,하늘애,여의대방로43가길 10,,,
11560,11560-129,한신휴2차,디지털로69길 12,,,
11560,11560-1297,창방누리애,경인로114가길 11-1,,,
11560,11560-1299,문래금호어울림,문래로 137,A15076801,문래로 137,원문 일치
11560,11560-13,미성,의사당대로 110,A15088717,의사당대로 110,원문 일치
11560,11560-130,성원(1115-1),디지털로64길 15-9,,,
11560,11560-131,우성1,도림로 187,A15081503,도림로 187,원문 일치
11560,11560-132,현대1,도신로4길 14,A15081604,도신로4길 14,원문 일치
11560,11560-1321,창건애드웰,양산로 56,,,
11560,11560-133,현대3차,도신로 31,A15081107,도신로 31,원문 일치
11560,11560-1336,온누리,대림로22길 38,,,
11560,11560-1337,성재I캐슬2차,국회대로55길 16,,,
11560,11560-134,리치,버드나루로12가길 14,,,
11560,11560-1340,동훈노보빌,여의대방로29길 9,,,
11560,11560-135,리첸시아,여의동로 213,A15001005,여의동로 213,원문 일치
11560,11560-1350,신대림자이1단지,시흥대로173길 13,A15007201,시흥대로173길 13,원문 일치
11560,11560-1351,신대림자이2단지,시흥대로 589-8,,,
11560,11560-136,대우트럼프월드II,여의동로 97,A15089307,여의동로 97,원문 일치
11560,11560-1363,신동아파밀리에,영신로33길 3,A15004101,영신로33길 3,원문 일치
11560,11560-1365,다청림1동,대림로34다길 16,,,
11560,11560-1369,여의도자이,여의동로3길 10,A15076302,여의동로3길 10,원문 일치
11560,11560-137,문래힐스테이트,문래로 82,A15083603,문래로 82,원문 일치
11560,11560-1372,리버뷰신안인스빌1단지,도림로145길 28,A15009401,도림로145길 28,원문 일치
11560,11560-1373,리버뷰신안인스빌2단지,도림로143길 27,,,
11560,11560-138,당산삼성래미안4차,당산로 214,A15004507,당산로 214,원문 일치
11560,11560-1381,태승훼밀리,선유서로34길 6,,,
11560,11560-1382,포레나 신길,신길로 119,A15005501,신길로 119,원문 일치
11560,11560-1385,늘푸른,시흥대로181길 17,,,
11560,11560-139,동부센트레빌,영신로 191,A15080205,영신로 191,원문 일치
11560,11560-1398,한솔솔파크,도림천로 431,A15007002,도림천로 431,원문 일치
11560,11560-140,강변한솔그라치아,버드나루로22길 5,,,
11560,11560-141,칸리버팰리스,버드나루로16길 5,,,
11560,11560-1418,삼익플라주101동,선유로42길 6,,,
11560,11560-143,삼성,버드나루로14가길 8,,,
11560,11560-144,대우,버드나루로15길 11,,,
11560,11560-1444,당산어울림2차,양산로17길 22,,,
11560,11560-1445,신길자이,가마산로79길 19,A15096001,가마산로79길 19,원문 일치
11560,11560-1446,당산반도유보라팰리스,국회대로 597,A15072201,국회대로 597,원문 일치
11560,11560-1449,근상프리즘,국회대로54길 27,,,
11560,11560-1453,쌍용예가클래식,당산로31길 32,A15072001,당산로31길 32,원문 일치
11560,11560-146,계명,양평로18길 13,,,
11560,11560-147,한양,영등포로86길 32,,,
11560,11560-148,대성유니드,가마산로50길 27,,,
11560,11560-1483,종인아네스트,가마산로 315,,,
11560,11560-149,EL샤틀레,대방천로 255,,,
11560,11560-15,삼부,국제금융로7길 27,A15001020,국제금융로7길 27,원문 일치
11560,11560-150,제일골드타워,신풍로22길 7,,,
11560,11560-151,브라운스톤영등포,버드나루로12가길 13,,,
11560,11560-1518,헤렌어반,경인로114가길 14,,,
11560,11560-152,당산대우,영등포로 106,A15004201,영등포로 106,원문 일치
11560,11560-1527,삼익플라주201동,선유로40길 7,,,
11560,11560-153,당산푸르지오,영중로 154,A15003802,영중로 154,원문 일치
11560,11560-1530,훼미리하우스117,버드나루로 85,,,
11560,11560-1546,(1101-1),도림천로19길 12,,,
11560,11560-1549,내이처해밀,경인로114길 62,,,
11560,11560-155,정호샤인빌,도신로15라길 3,,,
11560,11560-1558,여의도의아침,경인로114길 12,,,
11560,11560-156,문래동원데자뷰,문래로20길 40,,,
11560,11560-1562,영등포그랑그루,문래로 191,,,
11560,11560-1564,휴브리지빌딩,버드나루로 116,,,
11560,11560-157,우림루미아트,선유로33길 23,A15010301,선유로33길 23,원문 일치
11560,11560-1573,유탑유블레스,당산로49길 11-4,,,
11560,11560-1574,여의도리버뷰,여의대방로61길 50,,,
11560,11560-1577,영등포메이준2011,영중로 120,,,
11560,11560-158,수성예술,선유로51길 32,,,
11560,11560-1580,훼미리하우스138,버드나루로17길 2,,,
11560,11560-1581,이지리움S,국회대로54길 65,,,
11560,11560-1582,THESILK,버드나루로15길 2,,,
11560,11560-159,여의,여의대방로61길 18,,,
11560,11560-16,삼익,국제금융로 109,A15089411,국제금융로 109,원문 일치
11560,11560-1602,쌍용플래티넘S,대림로29길 13,A10027935,대림로29길 13,원문 일치
11560,11560-1606,신대림신동아파밀리에,도림로54길 14,A15095002,도림로54길 14,원문 일치
11560,11560-1607,스테이72여의도,경인로112길 4-7,,,
11560,11560-1608,삼익플라주,당산로 175,,,
11560,11560-1609,신길레전드힐스,가마산로 468,A15005002,가마산로 468,원문 일치
11560,11560-162,시원트레벨,여의대방로31길 13,,,
11560,11560-1626,선원가와인,신길로 214,,,
11560,11560-163,대방,여의대방로 99-3,,,
11560,11560-1637,여의도씨티아이,경인로 882,,,
11560,11560-1639,프리가,영등포로 390,,,
11560,11560-164,두산위브,신길로60나길 9,A15003001,신길로60나길 9,원문 일치
11560,11560-165,당산디오빌,당산로 222,A15004502,당산로 222,원문 일치
11560,11560-1656,리츠뷰,양평로28사길 45,,,
11560,11560-166,동도하이츠,신길로 276,,,
11560,11560-1665,영등포아트자이,도영로 66,A15076702,도영로 66,원문 일치
11560,11560-168,롯데캐슬엠파이어,의사당대로 127,A15088614,의사당대로 127,원문 일치
11560,11560-1680,포레스트힐시티,영중로6길 12,,,
11560,11560-1681,당산계룡리슈빌2단지,양산로25길 8,,,
11560,11560-1682,당산계룡리슈빌1단지,양산로25길 16,,,
11560,11560-1689,당산계룡리슈빌3단지,양산로25길 12,,,
11560,11560-1696,보라매정은벚꽃마을,대방천로14길 34,,,
11560,11560-17,서울,여의나루로 121,A15001003,여의나루로 121,원문 일치
11560,11560-1711,선유도삼성홈타운,양평로28가길 44,,,
11560,11560-1732,리버뷰,버드나루로 97,,,
11560,11560-1762,예지팰리스77차,영등포로20길 20,,,
11560,11560-1778,브라운스톤당산,영신로55길 8,,,
11560,11560-1793,래미안영등포프레비뉴,가마산로 442,A10027755,가마산로 442,원문 일치
11560,11560-18,수정,국제금융로7길 1,A15001009,국제금융로7길 1,원문 일치
11560,11560-1868,현대팰리스,버드나루로5길 8,,,
11560,11560-1875,보라매 신동아 파밀리에,디지털로 420,A10027381,디지털로 420,원문 일치
11560,11560-19,순복음(초원),국회대로76가길 11,A15001001,국회대로76가길 11,원문 일치
11560,11560-1955,아크로타워스퀘어,국회대로54길 10,A10026816,국회대로54길 10,원문 일치
11560,11560-1957,경동미르웰여의도,버드나루로7길 3,,,
11560,11560-1968,메트하임,신풍로 93,,,
11560,11560-1971,문래모아미래도,선유로9나길 5,A10026197,선유로9나길 5,원문 일치
11560,11560-1983,양평역미소지움,양산로 11,,,
11560,11560-2,영등포푸르지오,도신로29길 28,A15003002,도신로29길 28,원문 일치
11560,11560-20,시범,63로 45,A15089421,63로 45,원문 일치
11560,11560-2004,당산롯데캐슬프레스티지,영신로 237,A10026797,영신로 237,원문 일치
11560,11560-2006,래미안에스티움,신풍로 77,A10027073,신풍로 77,원문 일치
11560,11560-2043,G밸리소홈,도림천로19길 11,A10025122,도림천로19길 11,원문 일치
11560,11560-2052,여의휴젠느,국회대로56길 13,,,
11560,11560-2071,신길센트럴아이파크,가마산로 426,A10025562,가마산로 426,원문 일치
11560,11560-2073,어반힐,선유로25길 5,,,
11560,11560-2082,루나플라체,영등포로 395,,,
11560,11560-21,은하,63로 7,A15089510,63로 7,원문 일치
11560,11560-2107,"광장(1,2동)",여의나루로 12,,,
11560,11560-2113,보라매에스케이뷰,여의대방로35가길 19,A10025070,여의대방로35가길 19,원문 일치
11560,11560-2118,신길센트럴자이아파트,신길로29길 17,A10025024,신길로29길 17,원문 일치
11560,11560-2123,당산센트럴아이파크,영신로 247,A10024789,영신로 247,원문 일치
11560,11560-2141,e편한세상영등포아델포레,신길로 29,A10024725,신길로 29,원문 일치
11560,11560-2150,e편한세상 문래 에듀플라츠,선유서로 50,A10024495,선유서로 50,원문 일치
11560,11560-2151,힐스테이트클래시안,신길로28길 9,A10024615,신길로28길 9,원문 일치
11560,11560-2153,여의도더리브스타일,경인로 900,A10024490,경인로 900,원문 일치
11560,11560-2164,포레나영등포센트럴,국회대로50길 20,A10024567,국회대로50길 20,원문 일치
11560,11560-2171,신길파크자이,신길로28길 25,A10024470,신길로28길 25,원문 일치
11560,11560-2186,영등포중흥에스클래스,선유서로24길 6,A10024316,선유서로24길 6,원문 일치
11560,11560-22,장미,국제금융로7길 32,A15001004,국제금융로7길 32,원문 일치
11560,11560-2213,라르파크,신길로61길 28,,,
11560,11560-2256,더샵파크프레스티지,가마산로79길 37,A10023715,가마산로79길 37,원문 일치
11560,11560-2267,영등포자이르네,시흥대로 625,A10023516,시흥대로 625,원문 일치
11560,11560-2270,여의도리미티오148,버드나루로 5,,,
11560,11560-2281,여의도이튼브라운,경인로114길 6,,,
11560,11560-23,진주,국제금융로 108-6,A15089513,국제금융로 108-6,원문 일치
11560,11560-2391,브라이튼여의도,국제금융로 39,A10022891,국제금융로 39,원문 일치
11560,11560-24,라이프콤비,63로 32,,,
11560,11560-2431,신길AK푸르지오,가마산로 483,A10022430,가마산로 483,원문 일치
11560,11560-2432,센트레빌아스테리움영등포아파트,영등포로53길 40,A10022098,영등포로53길 40,원문 일치
11560,11560-26,한양,국제금융로 79,A15088918,국제금융로 79,원문 일치
11560,11560-27,화랑,국제금융로7가길 21,A15088802,국제금융로7가길 21,원문 일치
11560,11560-28,대우트럼프월드Ⅰ,여의동로 143,A15076301,여의동로 143,원문 일치
11560,11560-29,진로,당산로 68,A15080002,당산로 68,원문 일치
11560,11560-3,순영웰라이빌,영등포로62길 42,A10026311,영등포로62길 42,원문 일치
11560,11560-30,코오롱,영등포로28길 5,,,
11560,11560-31,당산2가현대홈타운,당산로 95,A15004202,당산로 95,원문 일치
11560,11560-32,삼익,국회대로 552,A15080402,국회대로 552,원문 일치
11560,11560-34,당산한양,영신로 193,A15080204,영신로 193,원문 일치
11560,11560-35,당산삼성2차,당산로36길 12,A15004405,당산로36길 12,원문 일치
11560,11560-36,유원제일,국회대로29길 13,A15080604,국회대로29길 13,원문 일치
11560,11560-37,한강아파트,영신로57길 5,A15080501,영신로57길 5,원문 일치
11560,11560-38,당산현대3차,당산로41길 23,A15004406,당산로41길 23,원문 일치
11560,11560-39,현대2,국회대로29길 5,,,
11560,11560-4,동남,영등포로37길 4,,,
11560,11560-40,당산현대5차,당산로42길 16,A15080507,당산로42길 16,원문 일치
11560,11560-41,당산금호어울림,국회대로37길 22,A15004403,국회대로37길 22,원문 일치
11560,11560-42,당산효성타운2차,당산로42길 7,A15004503,당산로42길 7,원문 일치
11560,11560-44,성원,양평로 57,A15004501,양평로 57,원문 일치
11560,11560-45,유원제일2차,선유동2로 56,A15004505,선유동2로 56,원문 일치
11560,11560-47,당산효성1차,당산로42길 13,A15004506,당산로42길 13,원문 일치
11560,11560-48,반도유보라,당산로45길 7-3,,,
11560,11560-49,래미안당산1차,당산로54길 11,A15081001,당산로54길 11,원문 일치
11560,11560-5,현대프라자,양산로 214,,,
11560,11560-50,강변래미안,버드나루로 130,A15081002,버드나루로 130,원문 일치
11560,11560-51,드림리버빌,버드나루로22길 7,,,
11560,11560-53,도림청구,도영로7길 7,A15083201,도영로7길 7,원문 일치
11560,11560-54,동아에코빌,도림로 365,A15083202,도림로 365,원문 일치
11560,11560-55,한라,도신로15라길 5-7,,,
11560,11560-56,남성,경인로77길 21,A15009201,경인로77길 21,원문 일치
11560,11560-57,국화맨션,도림로 464,A15083601,도림로 464,원문 일치
11560,11560-58,문래건영,문래로 94-7,A10022428,문래로 94-7,원문 일치
11560,11560-59,문래해태,영신로25길 8,,,
11560,11560-6,경남아너스빌,양산로 177,A15003701,양산로 177,원문 일치
11560,11560-60,문래자이,당산로4길 12,A15083404,당산로4길 12,원문 일치
11560,11560-61,문래우정,도림로 456,,,
11560,11560-62,문래공원한신,문래로20길 14,A15083602,문래로20길 14,원문 일치
11560,11560-63,문래동삼환,도림로143길 32,,,
11560,11560-64,문래두산위브,선유로9나길 8,A15009505,선유로9나길 8,원문 일치
11560,11560-65,문래대림,선유로 33,A15009503,선유로 33,원문 일치
11560,11560-67,현대3차,선유서로 6,A15009502,선유서로 6,원문 일치
11560,11560-68,문래현대5차,선유서로9길 5,A15009504,선유서로9길 5,원문 일치
11560,11560-69,대원,문래로4길 26,A15009603,문래로4길 26,원문 일치
11560,11560-7,삼환,영중로 145,A15003801,영중로 145,원문 일치
11560,11560-70,문래미원,문래로8길 5,A15009601,문래로8길 5,원문 일치
11560,11560-71,미주프라자,선유로 49,,,
11560,11560-72,문래베어스타운,선유서로 40,A15009606,선유서로 40,원문 일치
11560,11560-73,유원문래,문래북로 22,,,
11560,11560-74,한신,선유서로 43,,,
11560,11560-75,현대2차,문래로4길 6,A15009607,문래로4길 6,원문 일치
11560,11560-76,현대1차,문래로4길 14,,,
11560,11560-77,현대6차,선유서로 31,A15009605,선유서로 31,원문 일치
11560,11560-78,삼환,영등포로 49,,,
11560,11560-79,신동아,영등포로12길 8,A15086202,영등포로12길 8,원문 일치
11560,11560-8,공작,여의대로6길 17,A15001012,여의대로6길 17,원문 일치
11560,11560-80,한신공영,영등포로12길 7,A15086201,영등포로12길 7,원문 일치
11560,11560-81,양평벽산블루밍,선유서로21길 19,A15010203,선유서로21길 19,원문 일치
11560,11560-82,상록수,영등포로 17,A15010201,영등포로 17,원문 일치
11560,11560-83,오목교벽산블루밍,선유서로21길 30,A10025034,선유서로21길 30,원문 일치
11560,11560-84,삼성래미안,영등포로3길 9,A15010202,영등포로3길 9,원문 일치
11560,11560-85,거성파스텔,선유로43가길 24,A15010306,선유로43가길 24,원문 일치
11560,11560-87,삼천리,선유서로 115,A15010303,선유서로 115,원문 일치
11560,11560-88,삼호,선유로 172,A15010304,선유로 172,원문 일치
11560,11560-89,경남아너스빌,선유로33길 22,A15010302,선유로33길 22,원문 일치
11560,11560-9,광장,여의나루로 7,A15001019,여의나루로 7,원문 일치
11560,11560-90,현대3차,선유동2로 23,,,
11560,11560-91,양평현대6차,선유로 207,A15010307,선유로 207,원문 일치
11560,11560-92,현대2차,선유동2로 29,A15010305,선유동2로 29,원문 일치
11560,11560-93,경남아너스빌,양평로17길 9,A15086601,양평로17길 9,원문 일치
11560,11560-94,삼호한숲,선유로47길 34,A15086702,선유로47길 34,원문 일치
11560,11560-95,성원,양평로17길 36,A15086603,양평로17길 36,원문 일치
11560,11560-96,약산,선유로 269,,,
11560,11560-97,동보,양평로23길 18,A15010501,양평로23길 18,원문 일치
11560,11560-98,양평한신,양평로24길 9,A15010502,양평로24길 9,원문 일치
11560,11560-99,동양,양평로30가길 15,A15010602,양평로30가길 15,원문 일치
11590,11590-1,건영(103동-106동),만양로 26,,,
11590,11590-100,중앙하이츠빌,상도로 320,A15683402,상도로 320,원문 일치
11590,11590-101,대우유로카운티,양녕로 287,,,
11590,11590-102,삼성래미안2,상도로55길 47,A15603502,상도로55길 47,원문 일치
11590,11590-103,롯데낙천대,여의대방로10길 38,A15601104,여의대방로10길 38,원문 일치
11590,11590-104,현진에버빌,신대방1나길 45,A10024733,신대방1나길 45,원문 일치
11590,11590-105,우리유앤미,서달로 83,A15679103,서달로 83,원문 일치
11590,11590-106,흑석동양아파트,서달로1길 17,A15607001,서달로1길 17,원문 일치
11590,11590-107,초원,국사봉16길 26,,,
11590,11590-108,남성골든빌A동B동,사당로 164-1,,,
11590,11590-11,동아,양녕로23길 43,,,
11590,11590-110,삼성월드,동작대로11길 64,,,
11590,11590-111,해맑은,남부순환로255나길 18,,,
11590,11590-112,닷컴캐슬,남부순환로255나길 8,,,
11590,11590-113,다울,대방동2길 38,,,
11590,11590-115,대방홈타운,대방동27길 27,,,
11590,11590-116,그린힐,여의대방로36길 16,,,
11590,11590-117,삼인,여의대방로36길 7,,,
11590,11590-118,하나마을,대방동9길 4,,,
11590,11590-12,삼익,양녕로26나길 8,,,
11590,11590-121,남현그린,양녕로27길 45,,,
11590,11590-123,상도팰리스,상도로47바길 40,,,
11590,11590-125,성대아파트,성대로12길 11,,,
11590,11590-126,아이파크,장승배기로 26,A15603203,장승배기로 26,원문 일치
11590,11590-127,래미안상도3차,상도로53길 8,A15603006,상도로53길 8,원문 일치
11590,11590-128,한신휴플러스,매봉로 99,A15605102,매봉로 99,원문 일치
11590,11590-13,상도동삼호아파트,상도로 407,A15678102,상도로 407,원문 일치
11590,11590-130,삼성래미안,매봉로 123,A15606003,매봉로 123,원문 일치
11590,11590-135,중앙궁전빌라트,흑석로13마길 40,,,
11590,11590-136,이수프라자,동작대로27다길 26,,,
11590,11590-137,사당해그린,사당로2길 40,,,
11590,11590-138,사당롯데캐슬2차,사당로27길 181,A15609301,사당로27길 181,원문 일치
11590,11590-139,비전,등용로14길 40,,,
11590,11590-140,디어파크(파크빌리지),여의대방로36길 34,,,
11590,11590-146,원명,상도로13나길 12,,,
11590,11590-147,강남드리움2차,남부순환로 2005,,,
11590,11590-15,상도현대,사당로2길 2-32,A15678101,사당로2길 2-32,원문 일치
11590,11590-150,진흥아리엘,사당로16아길 43,A10024642,사당로16아길 43,원문 일치
11590,11590-155,수정빌라트(56-45),상도로47길 36,,,
11590,11590-156,정호힐사이드,상도로49길 26,,,
11590,11590-164,장원빌리지,상도로47길 116-4,,,
11590,11590-17,약수맨션,양녕로26길 11,,,
11590,11590-171,라이즈1동,동작대로33마길 17,,,
11590,11590-18,현대201동,사당로2가길 10-5,,,
11590,11590-19,세레노,상도로68길 27,,,
11590,11590-193,오림센트빌,남부순환로257가길 8,,,
11590,11590-194,(99-1),여의대방로62길 24,,,
11590,11590-2,노량진맨션,장승배기로18길 27,,,
11590,11590-20,중앙아파트,상도로38길 3-50,,,
11590,11590-204,상진아파트,국사봉1길 18,,,
11590,11590-208,레디앙스,솔밭로 57,,,
11590,11590-21,장승,양녕로30길 25,,,
11590,11590-210,은성,장승배기로18길 20-3,,,
11590,11590-214,백촌빌라트,상도로38길 57,,,
11590,11590-215,태양아파트,성대로6가길 100,,,
11590,11590-216,청운아파트,국사봉18길 24,,,
11590,11590-217,성우2차아파트,국사봉1길 200,,,
11590,11590-218,성우아파트,국사봉1길 214,,,
11590,11590-22,상도동래미안1차,등용로 38,,,
11590,11590-220,숭실골드,상도로54길 24,,,
11590,11590-221,한주에코,상도로47나길 11,,,
11590,11590-222,대영테크빌,상도로47길 60,,,
11590,11590-223,방주샤인(428-7),상도로47가길 44,,,
11590,11590-227,현진베스트빌,강남초등길 23-3,,,
11590,11590-228,평화그린,매봉로2길 1,,,
11590,11590-23,경향렉스빌,양녕로23길 9,A15603401,양녕로23길 9,원문 일치
11590,11590-231,삼성그린101동,사당로23아길 24,,,
11590,11590-232,삼성그린(205),사당로2가길 202,,,
11590,11590-233,동문아트빌,사당로8길 58,,,
11590,11590-234,중앙아트,남부순환로265길 108,,,
11590,11590-235,드림빌라트,대방동27길 4,,,
11590,11590-237,펭귄,여의대방로22나길 47,,,
11590,11590-24,오크밸리,매봉로2가길 3,,,
11590,11590-25,수정,상도로49길 18,,,
11590,11590-26,숭실그랜드,상도로47다길 29,,,
11590,11590-27,백경,상도로47길 56-5,,,
11590,11590-28,극동강변,매봉로 156,A10026873,매봉로 156,원문 일치
11590,11590-29,신동아,매봉로 134,A15606004,매봉로 134,원문 일치
11590,11590-3,삼익,만양로 84,A15605001,만양로 84,원문 일치
11590,11590-30,유원강변,노량진로23가길 20,A15606002,노량진로23가길 20,원문 일치
11590,11590-31,한강쌍용,노량진로24길 2,A15606005,노량진로24길 2,원문 일치
11590,11590-32,명수대,서달로 158,,,
11590,11590-3276,남양이룸,사당로16마길 24,,,
11590,11590-3279,대창센시티,사당로9가길 55,,,
11590,11590-3281,보라매코오롱하늘채,여의대방로24다길 40,A15602002,여의대방로24다길 40,원문 일치
11590,11590-3282,신일해피트리,여의대방로62길 8,,,
11590,11590-3285,신동아파밀리에,여의대방로10길 100,A10025504,여의대방로10길 100,원문 일치
11590,11590-3295,현대(관악),상도로 421,,,
11590,11590-33,명수대한양,현충로10길 42,,,
11590,11590-3313,삼성아파트,사당로26길 130-6,,,
11590,11590-3317,갑을명가,솔밭로 65,,,
11590,11590-3322,이수교KCC스위첸,동작대로45길 22,A15608001,동작대로45길 22,원문 일치
11590,11590-3323,경남아너스빌,여의대방로54길 6,A15602001,여의대방로54길 6,원문 일치
11590,11590-3324,해태보라매타워,보라매로3길 29,A15183001,보라매로3길 29,원문 일치
11590,11590-3349,원아파트,성대로6다길 11,,,
11590,11590-3351,동작상떼빌,신대방1가길 38,A15670001,신대방1가길 38,원문 일치
11590,11590-3356,상도1차갑을명가,국사봉길 178,,,
11590,11590-3358,상도2차갑을명가,국사봉길 175,,,
11590,11590-3372,케이씨씨,사당로20나길 57,,,
11590,11590-3388,삼환나우빌(520-0),상도로55길 25,,,
11590,11590-34,명수대현대,현충로 119,A15679105,현충로 119,원문 일치
11590,11590-3412,포스코더샵,장승배기로4길 9,A15603206,장승배기로4길 9,원문 일치
11590,11590-3418,샤인,상도로15가길 22,,,
11590,11590-3441,이수브라운스톤상도(527-0),상도로31길 19,A15603002,상도로31길 19,원문 일치
11590,11590-35,청호,서달로2길 29,A15679104,서달로2길 29,원문 일치
11590,11590-3500,푸른숲,대방동27길 12,,,
11590,11590-3577,동원베네스트,상도로34길 42,A15603001,상도로34길 42,원문 일치
11590,11590-3579,사당휴먼시아,사당로16길 96,A15609003,사당로16길 96,원문 일치
11590,11590-36,한강현대,현충로 151,A15685702,현충로 151,원문 일치
11590,11590-3643,대성유니드,동작대로29길 195,A15609001,동작대로29길 195,원문 일치
11590,11590-3669,MARKHILLS,현충로2길 4,,,
11590,11590-3671,파크뷰아파트,성대로6가길 144,,,
11590,11590-37,이수교신동아아파트,동작대로43길 36,,,
11590,11590-3713,해가든,서달로 150,A15679106,서달로 150,원문 일치
11590,11590-3714,상도두산위브,상도로30길 39,A15671801,상도로30길 39,원문 일치
11590,11590-3742,쌍용예가,장승배기로16길 134,A15605003,장승배기로16길 134,원문 일치
11590,11590-3743,보라매e편한세상,보라매로 70,A15601003,보라매로 70,원문 일치
11590,11590-3744,롯데캐슬비엔,양녕로 170,A10024777,양녕로 170,원문 일치
11590,11590-3754,종인아네스트(409-3),양녕로23길 67,,,
11590,11590-3763,이수자이,사당로 300,,,
11590,11590-3769,종인아네스트,매봉로4가길 33,,,
11590,11590-3773,흑석한강센트레빌,흑석한강로 12,A15679107,흑석한강로 12,원문 일치
11590,11590-38,극동(105),동작대로29길 119,A15681503,동작대로29길 119,원문 일치
11590,11590-3828,두산위브트레지움,사당로13길 31,A15677501,사당로13길 31,원문 일치
11590,11590-3831,래미안트윈파크,노량진로23가길 23,A15606007,노량진로23가길 23,원문 일치
11590,11590-3842,진성마블로스,상도로 63,,,
11590,11590-3869,이너스내안애,사당로13길 40,,,
11590,11590-3873,상도타워B동,성대로6가길 149,,,
11590,11590-3874,상도타워A동,성대로6가길 149,,,
11590,11590-39,대림(169-8),사당로17길 52,A15609005,사당로17길 52,원문 일치
11590,11590-3954,힐스테이트 상도 센트럴파크,상도로 346-1,A15678103,상도로 346-1,원문 일치
11590,11590-3964,아데나339,여의대방로54길 39,,,
11590,11590-3965,흑석한강푸르지오,흑석한강로 27,A15679108,흑석한강로 27,원문 일치
11590,11590-3991,씨티아모리움,상도로62길 81-1,,,
11590,11590-4,신동아리버파크,만양로 19,,,
11590,11590-40,경남아너스빌1차,사당로9가길 82,A15609303,사당로9가길 82,원문 일치
11590,11590-4002,흑석한강센트레빌Ⅱ,서달로 91,A15679109,서달로 91,원문 일치
11590,11590-4023,이수힐스테이트,동작대로39길 22,A15608003,동작대로39길 22,원문 일치
11590,11590-4078,힐스테이트 상도 프레스티지,상도로 346-2,A15603008,상도로 346-2,원문 일치
11590,11590-4095,이수역리가,사당로27길 130,A15609007,사당로27길 130,원문 일치
11590,11590-41,르메이에르,사당로20길 119,,,
11590,11590-4206,상도더샵2차,장승배기로10길 100,A15603009,장승배기로10길 100,원문 일치
11590,11590-43,사당자이,사당로2가길 102,A15609502,사당로2가길 102,원문 일치
11590,11590-4322,사당휴브리지(206-127),사당로 158,,,
11590,11590-44,삼성,동작대로35아길 14,,,
11590,11590-4413,메가스터디타워,노량진로 140,,,
11590,11590-4495,두산위브트레지움2차,상도로30길 40,A10027633,상도로30길 40,원문 일치
11590,11590-45,삼호그린,사당로2가길 188,A15609002,사당로2가길 188,원문 일치
11590,11590-4526,상도휴엔하임,상도로15길 131,A10027614,상도로15길 131,원문 일치
11590,11590-4559,상도효성해링턴플레이스,상도로 207,A10027472,상도로 207,원문 일치
11590,11590-4568,반석블레스,사당로2길 76,,,
11590,11590-4642,상도파크자이,장승배기로11가길 11,A10027424,장승배기로11가길 11,원문 일치
11590,11590-47,신동아4,동작대로29길 110,A15677204,동작대로29길 110,원문 일치
11590,11590-4728,다온아파트,성대로 52,,,
11590,11590-4792,대동아파트,매봉로4가길 13,,,
11590,11590-4827,래미안로이파크,사당로23길 112,A10026299,사당로23길 112,원문 일치
11590,11590-4875,롯데캐슬에듀포레,서달로 123,A10025867,서달로 123,원문 일치
11590,11590-4876,아크로리버하임,현충로 52,A10025770,현충로 52,원문 일치
11590,11590-4879,e편한세상상도노빌리티,만양로 6,A10025768,만양로 6,원문 일치
11590,11590-49,사당우성2,동작대로29길 91,A15681502,동작대로29길 91,원문 일치
11590,11590-4933,상도고구아파트,매봉로4가길 42,,,
11590,11590-4948,사당롯데캐슬골든포레,사당로 90,A10025013,사당로 90,원문 일치
11590,11590-4993,상도역롯데캐슬파크엘,양녕로 220,A10024365,양녕로 220,원문 일치
11590,11590-5,우성,만양로8길 50,A15605002,만양로8길 50,원문 일치
11590,11590-50,인정,사당로2길 72,,,
11590,11590-5016,이수푸르지오더프레티움,동작대로39길 39,A10024245,동작대로39길 39,원문 일치
11590,11590-5026,보라매자이더포레스트,여의대방로22길 121,A10024098,여의대방로22길 121,원문 일치
11590,11590-5037,이수스위첸포레힐즈,동작대로45길 10,A10023898,동작대로45길 10,원문 일치
11590,11590-5055,동작협성휴포레시그니처,시흥대로 606,A10023551,시흥대로 606,원문 일치
11590,11590-5076,공감지음포레뷰아파트,솔밭로 74,,,
11590,11590-51,제일,사당로16다길 57,A15609501,사당로16다길 57,원문 일치
11590,11590-5152,흑석리버파크자이,서달로 90,A10023350,서달로 90,원문 일치
11590,11590-5176,골든노블레스,상도로 36,,,
11590,11590-5189,상도푸르지오클라베뉴,성대로 164,A10022720,성대로 164,원문 일치
11590,11590-52,현대,사당로17길 111,A15681802,사당로17길 111,원문 일치
11590,11590-5207,골드타워,보라매로 105,A10020786,보라매로 105,원문 일치
11590,11590-53,현대주택조합,사당로17길 111,A15681802,사당로17길 111,원문 일치
11590,11590-54,삼성래미안,사당로23바길 9,A15609306,사당로23바길 9,원문 일치
11590,11590-55,남해오네뜨,사당로2가길 173,A10024811,사당로2가길 173,원문 일치
11590,11590-57,대림아파트,여의대방로44길 10,A15681110,여의대방로44길 10,원문 일치
11590,11590-59,성원,여의대방로44길 9,A15681105,여의대방로44길 9,원문 일치
11590,11590-6,형인한강,만양로 36,,,
11590,11590-60,신한토탈,등용로14길 34,A10024752,등용로14길 34,원문 일치
11590,11590-61,우정,여의대방로62길 23,A15681103,여의대방로62길 23,원문 일치
11590,11590-6105,스타팰리스이수,동작대로17길 5,,,
11590,11590-6106,힐스테이트장승배기역,상도로 195,A10020222,상도로 195,원문 일치
11590,11590-6122,한강더퍼스트타워,노량진로10길 15,,,
11590,11590-63,주공2,여의대방로44길 47,,,
11590,11590-64,한국개나리,여의대방로62길 15,,,
11590,11590-65,현대홈타운2,알마타길 58,A15681104,알마타길 58,원문 일치
11590,11590-66,경남교수,여의대방로10길 14,A15601102,여의대방로10길 14,원문 일치
11590,11590-67,롯데관악타워,보라매로5길 51,,,
11590,11590-68,벽산,여의대방로22길 24,,,
11590,11590-69,보라매나산스위트,보라매로5가길 24,,,
11590,11590-70,보라매아카데미타워,보라매로5가길 16,A15601002,보라매로5가길 16,원문 일치
11590,11590-71,보라매우성,보라매로5길 5,A15672001,보라매로5길 5,원문 일치
11590,11590-72,보라매현대,보라매로5길 35,,,
11590,11590-73,삼성보라매옴니타워,보라매로5길 23,,,
11590,11590-74,신대방,보라매로 83,,,
11590,11590-75,신동아,여의대방로22아길 22,A15601201,여의대방로22아길 22,원문 일치
11590,11590-76,우성1차,여의대방로 22,A15685206,여의대방로 22,원문 일치
11590,11590-77,캐릭터그린빌,보라매로5가길 7,,,
11590,11590-78,한성아파트,여의대방로10길 13,A15601202,여의대방로10길 13,원문 일치
11590,11590-79,현대,여의대방로 28,A15601105,여의대방로 28,원문 일치
11590,11590-8,강남(488),상도로 357,,,
11590,11590-80,엘리스,여의대방로22카길 81,,,
11590,11590-81,신대방경남,신대방길 85,A15601103,신대방길 85,원문 일치
11590,11590-82,보라매삼성쉐르빌,보라매로5길 43,A15672002,보라매로5길 43,원문 일치
11590,11590-83,보라매파크빌,여의대방로10길 59,A15685503,여의대방로10길 59,원문 일치
11590,11590-84,대방동현대,등용로 127,A15681106,등용로 127,원문 일치
11590,11590-85,대림아파트,상도로60길 20,A15683601,상도로60길 20,원문 일치
11590,11590-86,경남아너스빌2차,사당로 165,A15609008,사당로 165,원문 일치
11590,11590-87,경남아너스빌(대아3),동작대로29길 81,,,
11590,11590-88,신동아5,동작대로29길 118,A15609006,동작대로29길 118,원문 일치
11590,11590-89,사당우성3,동작대로29길 115,A15681501,동작대로29길 115,원문 일치
11590,11590-9,건영,만양로 26,,,
11590,11590-90,우성2차,여의대방로 8,A15685201,여의대방로 8,원문 일치
11590,11590-92,신호리치빌,대방동길 99,,,
11590,11590-93,대방2차e-편한세상,알마타길 53,,,
11590,11590-94,대방1차e-편한세상,알마타길 37,A15602007,알마타길 37,원문 일치
11590,11590-95,금강KCC,동작대로39가길 55,A15608002,동작대로39가길 55,원문 일치
11590,11590-96,경동윈츠리버,노량진로32길 156,A15606001,노량진로32길 156,원문 일치
11590,11590-97,롯데캐슬,사당로27길 190,A15609305,사당로27길 190,원문 일치
11590,11590-98,삼익그린뷰,남부순환로255길 21,A15609401,남부순환로255길 21,원문 일치
11590,11590-99,쌍용스윗닷홈,상도로 107,A15683901,상도로 107,원문 일치
11620,11590-3369,관악푸르지오102동,관악로30길 27,A15105302,관악로30길 27,원문 일치
11620,11620-1,갑을,관악로5길 42,,,
11620,11620-10,동아타운,봉천로 576,,,
11620,11620-100,우정하이비전2,양지길 52-1,,,
11620,11620-101,그대家,난곡로 167,A15179701,난곡로 167,원문 일치
11620,11620-102,관악푸르지오,관악로30길 27,A15105302,관악로30길 27,원문 일치
11620,11620-103,흥화브라운빌,남현길 144,,,
11620,11620-104,신림동신도브래뉴,조원로16길 12,,,
11620,11620-105,제창그로힐,조원로13길 36,,,
11620,11620-106,은선파인빌,중앙길 133,,,
11620,11620-108,흥원,남부순환로144길 71,,,
11620,11620-11,두산,봉천로 387,A15106901,봉천로 387,원문 일치
11620,11620-110,동아타운21,관악로37길 15,,,
11620,11620-111,보람하이빌,행운5길 8-9,,,
11620,11620-112,관악미래가,솔밭로 24,,,
11620,11620-113,경원로얄시티,남부순환로247길 99,,,
11620,11620-115,신부,중앙길 83-7,,,
11620,11620-117,봉천동,봉천로21길 77,,,
11620,11620-118,보람(685-100),당곡2길 109-13,,,
11620,11620-119,관악캠퍼스타워,남부순환로 1802,,,
11620,11620-12,보라매롯데캐슬,봉천로 209,,,
11620,11620-121,신양,봉천로21길 62,,,
11620,11620-122,봉천두솔,장군봉5길 27,,,
11620,11620-123,대경,장군봉8길 15,,,
11620,11620-126,로얄클래스,관악로 103-3,,,
11620,11620-13,무학,장군봉8길 16,,,
11620,11620-130,신성새실마을103동,관악로6길 76,,,
11620,11620-131,푸르빌3차,남부순환로230길 94,,,
11620,11620-132,반석블레스빌,남부순환로230길 93,,,
11620,11620-133,관악교수,관악로8길 49,,,
11620,11620-135,새진3차,남부순환로234길 58,,,
11620,11620-138,동원낙성대,낙성대역길 19,,,
11620,11620-14,보라매삼성,보라매로 62,A15105004,보라매로 62,원문 일치
11620,11620-140,새진(1653-10),인헌1길 59,,,
11620,11620-141,탑,남부순환로233길 19-12,,,
11620,11620-144,관악동부센트레빌,은천로33길 5,A15192201,은천로33길 5,원문 일치
11620,11620-145,벽산블루밍3차,은천로15길 24,A15178202,은천로15길 24,원문 일치
11620,11620-146,상목에버빌A,호암로 568,,,
11620,11620-147,상목에버빌B,호암로 566,,,
11620,11620-15,복권,은천로5길 39,,,
11620,11620-157,청화,호암로16길 11,,,
11620,11620-158,삼성홈타운,승방3나길 2,,,
11620,11620-159,동송하이클래스,승방3가길 31,,,
11620,11620-16,삼성,은천로 46,,,
11620,11620-160,양지네스코빌,승방3가길 16,,,
11620,11620-161,현대빌라트,승방3가길 1,,,
11620,11620-164,한솔아크로,승방1길 57,,,
11620,11620-166,별장,승방1길 101,,,
11620,11620-167,뉴타운1동(A동),승방3길 36-11,,,
11620,11620-169,풍산캐슬,남부순환로256길 16,,,
11620,11620-17,서울대입구삼성,관악로 125,A15105005,관악로 125,원문 일치
11620,11620-170,팔라시오,남부순환로260길 48,,,
11620,11620-171,남현현대아이빌라,남부순환로260길 30,,,
11620,11620-173,예촌그린,남부순환로256나길 21,,,
11620,11620-174,예촌BC,남부순환로256나길 15,,,
11620,11620-176,노블스톤,남부순환로256나길 7,,,
11620,11620-1794,뉴파크플러스(1608-27),남부순환로228길 85,,,
11620,11620-18,선경,청룡7길 55,,,
11620,11620-180,플라워스위트101동102동,남현1가길 43,,,
11620,11620-181,브라운스톤관악,관악로 263,,,
11620,11620-182,웰피아,관천로18길 27,,,
11620,11620-183,신림푸르지오,남부순환로 1430,A15190705,남부순환로 1430,원문 일치
11620,11620-185,아이펠리스,남부순환로248길 78,,,
11620,11620-19,신봉,양녕로6나길 18,A15106001,양녕로6나길 18,원문 일치
11620,11620-190,(685-103),당곡2길 109-11,,,
11620,11620-192,하이캐슬,성현로 14,,,
11620,11620-193,서초그린,신림로7길 34,,,
11620,11620-194,신림동이모르젠,신사로 84,,,
11620,11620-196,월드,난곡로 90-39,,,
11620,11620-197,미래한건(1563-78),미성7길 5-6,,,
11620,11620-198,카사빌,승방3나길 31,,,
11620,11620-2,건영6,관악로 133,A15176602,관악로 133,원문 일치
11620,11620-201,현대이즈빌,남현1길 9,,,
11620,11620-203,우평,남부순환로262길 37,,,
11620,11620-204,우림루미아트,남현길 91,A15108003,남현길 91,원문 일치
11620,11620-2044,보라매우성,보라매로5길 5,,,
11620,11620-205,남현동한일유앤아이,남부순환로256라길 25,A15108001,남부순환로256라길 25,원문 일치
11620,11620-21,봉천우성,관악로30길 12,A15105603,관악로30길 12,원문 일치
11620,11620-22,은천2단지아파트,인헌12길 46-1,A15106103,인헌12길 46-1,원문 일치
11620,11620-23,은천1,인헌12길 46-2,A15106101,인헌12길 46-2,원문 일치
11620,11620-24,인헌,낙성대로15길 66,A15105002,낙성대로15길 66,원문 일치
11620,11620-25,일두(1021),은천로39길 56,,,
11620,11620-26,해바라기,보라매로6길 33,,,
11620,11620-27,해태보라매타워,보라매로3길 29,,,
11620,11620-28,현대(관악),관악로 304,A15105303,관악로 304,원문 일치
11620,11620-29,낙성대현대아파트,남부순환로248길 56,,,
11620,11620-30,대원,쑥고개로 31,,,
11620,11620-31,은선,관악로6길 8,,,
11620,11620-32,휴먼아파트A,인헌1길 34,,,
11620,11620-33,관악캐스빌,남부순환로249길 5-14,,,
11620,11620-34,부미아띠랑스힐,남부순환로230길 117,,,
11620,11620-35,하이캐슬101동,관악로6길 21,,,
11620,11620-37,건영1,문성로 74,A15185704,문성로 74,원문 일치
11620,11620-38,건영2,난곡로35길 28-7,A15188101,난곡로35길 28-7,원문 일치
11620,11620-39,LIG대학마을(건영아파트3차),신림로3길 40,A15101903,신림로3길 40,원문 일치
11620,11620-4,관악드림(동아),성현로 80,A15180705,성현로 80,원문 일치
11620,11620-40,건영4,신림로48길 17-20,A15102902,신림로48길 17-20,원문 일치
11620,11620-4027,삼성아트빌(1690-163),남부순환로249길 5-10,,,
11620,11620-4046,태양,미성길 59,,,
11620,11620-41,LIG5차,신림로3가길 45-10,,,
11620,11620-42,관악,대학7길 26,,,
11620,11620-4215,새진6차,인헌16길 33-6,,,
11620,11620-4225,노블레스,봉천로29길 46,,,
11620,11620-4227,미래,남부순환로 1990,,,
11620,11620-4230,제창그로힐,남부순환로 1979,,,
11620,11620-4231,반석푸른숲,인헌16다길 14,,,
11620,11620-4232,관악월드메르디앙,관악로28길 80,A10024638,관악로28길 80,원문 일치
11620,11620-4233,청암두산위브센티움,신림로 318,,,
11620,11620-4238,신화아트벨리1차,난곡로48길 20-7,,,
11620,11620-4246,벽산블루밍,호암로 519,A15101505,호암로 519,원문 일치
11620,11620-4249,관악산대창센시티,남현12길 21,,,
11620,11620-4273,신원메트로빌,남부순환로 1811,,,
11620,11620-4291,VIP(602-284),승방1길 87,,,
11620,11620-43,국제산장,호암로 417,A15176701,호암로 417,원문 일치
11620,11620-4307,신림동부센트레빌,미성3길 16,A15102202,미성3길 16,원문 일치
11620,11620-4308,위너스이즈,남부순환로228길 87,,,
11620,11620-4322,한일유앤아이2차,남현길 113,,,
11620,11620-4326,경원시티,행운1나길 12,,,
11620,11620-4327,낙성대에메랄드,남부순환로 1961-1,,,
11620,11620-4331,e산이랑,승방3나길 41,,,
11620,11620-4336,캐릭터그린빌,보라매로5가길 7,,,
11620,11620-4341,서울대입구아이원(1560-61),청룡길 78,A15184101,청룡길 78,원문 일치
11620,11620-4342,낙성대늘푸른2차,남부순환로 1963,,,
11620,11620-4343,예성그랑펠리체,승방길 66,,,
11620,11620-4344,서울대입구아이원(1560-62),청룡길 77,,,
11620,11620-4347,관악산휴먼시아2단지,난곡로 55,A15101504,난곡로 55,원문 일치
11620,11620-4348,관악산휴먼시아1단지,난곡로 30,,,
11620,11620-4349,신림2차푸르지오,난곡로 66,A15101503,난곡로 66,원문 일치
11620,11620-4351,늘푸른,법원단지24길 34,,,
11620,11620-4356,생모리츠타운,쑥고개로 100,,,
11620,11620-4362,코스코수,남부순환로230길 111,,,
11620,11620-4366,늘푸른3차,남부순환로249길 13-12,,,
11620,11620-4371,에메랄드102동,은천로34길 9,,,
11620,11620-4378,대우디오슈페리움2단지,관악로 168,,,
11620,11620-4379,대우디오슈페리움1단지,관악로 164,,,
11620,11620-4396,은천누리에뜰,은천로 61,,,
11620,11620-44,금호(1차),대학18길 6,,,
11620,11620-4417,효림다온,남부순환로198길 10,,,
11620,11620-4419,카후나빌,은천로34길 15,,,
11620,11620-4449,삼성아트빌(715-32),난곡로35길 68,,,
11620,11620-4460,관악산대창센시티2차,남부순환로260길 119,,,
11620,11620-4467,늘푸른5차,남부순환로249길 21,,,
11620,11620-45,금호2,신림로3가길 7,A10024749,신림로3가길 7,원문 일치
11620,11620-4509,관악청광플러스원,은천로15길 16,,,
11620,11620-4516,에메랄드105동,은천로34길 14,,,
11620,11620-4520,파로스프라자,난곡로 100,,,
11620,11620-4543,늘푸른,청룡8길 10,,,
11620,11620-4549,관악유앤아이,은천로 137,,,
11620,11620-4551,늘푸른(569-5),조원로12길 28,,,
11620,11620-4553,에이스인헌,낙성대역16길 29,,,
11620,11620-4558,관악위버폴리스,관악로 195,,,
11620,11620-4562,삼원하이츠11차,승방1길 46,,,
11620,11620-4565,동훈CDI,조원로13길 23,,,
11620,11620-4567,금강아미움(102동),장군봉1길 12,,,
11620,11620-4568,금강아미움(103동),장군봉1길 16,,,
11620,11620-4569,금강아미움(105동),장군봉1길 10,,,
11620,11620-4570,금강아미움(106동),장군봉1길 14,,,
11620,11620-4571,금강아미움(104동),장군봉1길 8,,,
11620,11620-4572,금강아미움(101동),장군봉1길 6,,,
11620,11620-4573,뉴그린아파트,관악로6길 99,,,
11620,11620-4583,아데나,신사로 82,,,
11620,11620-46,뉴서울,미성10길 64,,,
11620,11620-4609,하이파크,남현길 96,,,
11620,11620-4694,프라비다1,관악로17길 8,,,
11620,11620-47,동마,호암로 527,,,
11620,11620-4719,보라매해담채,신사로 134,,,
11620,11620-4720,서울대역마에스트로,남부순환로218길 1,,,
11620,11620-4732,코스모그린,봉천로12길 28,,,
11620,11620-4792,코스모블루,남부순환로220길 29,,,
11620,11620-4794,마에스트로캠퍼스타운,남부순환로 1773,,,
11620,11620-4818,서울대역해담채,관악로15길 23-12,,,
11620,11620-4853,프라비다2,남부순환로218길 37,A10026710,남부순환로218길 37,원문 일치
11620,11620-4875,삼성,난곡로63길 26,,,
11620,11620-49,동부,신원로 26,A15101101,신원로 26,원문 일치
11620,11620-4929,더블유에스타워,은천로 110,,,
11620,11620-4979,GS파크뷰,신림로 175,,,
11620,11620-5,관악드림(삼성),성현로 80,A15180705,성현로 80,원문 일치
11620,11620-50,라이프,문성로 86,A15177101,문성로 86,원문 일치
11620,11620-5002,프라비다트라움,신림로65길 27,,,
11620,11620-5091,푸리마타운,관천로 38,,,
11620,11620-51,미래,미성길 15,,,
11620,11620-5115,대영,청림6길 16,,,
11620,11620-5183,프라비다M,남부순환로 1777-7,,,
11620,11620-5185,보라매스카이아파트(1739),관천로18길 32,,,
11620,11620-5194,관악파크푸르지오,행운10길 21,A15105008,행운10길 21,원문 일치
11620,11620-52,라이프미성,조원로2길 13,A15190301,조원로2길 13,원문 일치
11620,11620-5206,서희스타힐스,청림3길 10,A10024666,청림3길 10,원문 일치
11620,11620-5276,신림큐브,신림로66길 42,,,
11620,11620-54,삼성산주공(주공3단지),호암로 399,A15101506,호암로 399,원문 일치
11620,11620-5481,관악태우미소가,행운1마길 2,,,
11620,11620-5487,라움아파트,승방길 90-1,,,
11620,11620-5546,다청림라인씨티,승방4길 20,,,
11620,11620-5554,더갤러리테라스,행운5길 20,,,
11620,11620-56,성우,남부순환로198길 7,A15185201,남부순환로198길 7,원문 일치
11620,11620-57,신동아,신림로11길 151,,,
11620,11620-5740,CLOUDAPT,남부순환로 1448,,,
11620,11620-58,신림현대,신림로29길 8,A15101508,신림로29길 8,원문 일치
11620,11620-5860,서울대입구한양아이클래스,쑥고개로 123,,,
11620,11620-59,신안,신림로58길 62-5,,,
11620,11620-5916,벨라루체아파트,남부순환로 1446,,,
11620,11620-5925,e편한세상서울대입구1단지,청룡10길 45,A10025423,청룡10길 45,원문 일치
11620,11620-5926,e편한세상서울대입구2단지,청룡16길 43,,,
11620,11620-5987,e편한세상서울대입구2차,참숯1길 19,A10024894,참숯1길 19,원문 일치
11620,11620-5993,앰팰리스아파트,신림로 194,,,
11620,11620-6,그린,봉천로23다길 13,,,
11620,11620-60,신림동쌍용아파트,미성길 122,A15102203,미성길 122,원문 일치
11620,11620-6036,네스코수피아,승방4길 6,,,
11620,11620-6050,네스코수피아아파트,승방4길 2,,,
11620,11620-6055,신림스카이아파트,신림로 185,,,
11620,11620-6063,G밸리마인드,시흥대로 558-1,,,
11620,11620-6068,위드비엠3,난곡로65길 13,,,
11620,11620-61,우방,관천로27길 2,A15187101,관천로27길 2,원문 일치
11620,11620-6102,관악중앙하이츠포레,장군봉13길 14,,,
11620,11620-6128,힐스테이트뉴포레,조원로 25,A10023661,조원로 25,원문 일치
11620,11620-62,윤정,조원로14길 16,,,
11620,11620-63,주공1,광신길 160,A15101507,광신길 160,원문 일치
11620,11620-6363,닷컴힐즈(1653-3),인헌1길 55-11,,,
11620,11620-6373,닷컴힐즈,남부순환로 1990-3,,,
11620,11620-6396,신림더루나,신림로63길 23,,,
11620,11620-64,청광,신림로3가길 45-24,,,
11620,11620-6410,서울대입구역더하이브센트럴,관악로 242-11,,,
11620,11620-65,초원,미성5길 40,A15188801,미성5길 40,원문 일치
11620,11620-66,태영,신림로 350,,,
11620,11620-67,태흥,호암로 541,A10024621,호암로 541,원문 일치
11620,11620-68,한양,미성5길 33,A10022412,미성5길 33,원문 일치
11620,11620-69,현대,대학20길 27,A15186002,대학20길 27,원문 일치
11620,11620-7,낙성대현대(296),낙성대로 37,,,
11620,11620-70,한라타운아파트,난곡로47길 9,,,
11620,11620-71,우정하이비전,양지길 50-5,A10026910,양지길 50-5,원문 일치
11620,11620-72,산장그린,문성로38라길 7,,,
11620,11620-74,우민조원,조원로11길 24,,,
11620,11620-75,보라매갑을,관천로24길 3,A15101501,관천로24길 3,원문 일치
11620,11620-76,태성,남부순환로172길 41,,,
11620,11620-77,두영,문성로16나길 25,,,
11620,11620-79,에셀비전21,남부순환로166길 90,,,
11620,11620-8,낙성대현대홈타운,솔밭로7길 16,A15105006,솔밭로7길 16,원문 일치
11620,11620-80,신림2차현대,조원로13길 15,,,
11620,11620-81,예성그린캐슬1차,남현7길 20,,,
11620,11620-84,성원나이스,승방3가길 22,,,
11620,11620-8465,서울대벤처타운역푸르지오,약수암길 1-8,A10020658,약수암길 1-8,원문 일치
11620,11620-8466,백상앨리츠,양녕로6길 99,,,
11620,11620-85,쎈트앤빌2,승방7길 11,,,
11620,11620-86,네스코뮤즈빌,승방1길 51,,,
11620,11620-87,르메이르강남타운1,남부순환로 2068,,,
11620,11620-9,봉천동아,관악로 285,A15176202,관악로 285,원문 일치
11620,11620-90,문영마운틴,남부순환로260길 91,,,
11620,11620-91,예성2차그린캐슬,남현7길 3,,,
11620,11620-92,예성그린캐슬III,남현길 141,,,
11620,11620-94,벽산타운II,구암5가길 49,A15180701,구암5가길 49,원문 일치
11620,11620-95,벽산블루밍,은천로 93,A15178201,은천로 93,원문 일치
11620,11620-96,로마아트빌,국회단지15길 39,,,
11620,11620-97,도영힐,은천로10길 32,,,
11620,11620-98,서초,호암로16길 5,A10024634,호암로16길 5,원문 일치
11620,11620-99,로마,남부순환로194길 7,,,
11650,11650-101,대우아이빌,신반포로45길 23,A13790604,신반포로45길 23,원문 일치
11650,11650-102,동아,신반포로33길 15,A13703027,신반포로33길 15,원문 일치
11650,11650-103,미주파스텔,잠원로 166-4,,,
11650,11650-105,보미리아파트,신반포로41길 55,,,
11650,11650-106,블루힐하우스,잠원로 85,,,
11650,11650-107,새서울맨션,강남대로99길 28,,,
11650,11650-110,신반포12,잠원로14길 41,A13790726,잠원로14길 41,원문 일치
11650,11650-113,신반포16,잠원로 157,A13790717,잠원로 157,원문 일치
11650,11650-116,신반포19,잠원로8길 20,A13790709,잠원로8길 20,원문 일치
11650,11650-117,신반포2,신반포로23길 41,A13790929,신반포로23길 41,원문 일치
11650,11650-118,신반포20,나루터로4길 60,,,
11650,11650-122,신반포25,잠원로 136,,,
11650,11650-124,신반포27,잠원로8길 3,A13790716,잠원로8길 3,원문 일치
11650,11650-125,신반포4,잠원로 37-48,A13790828,잠원로 37-48,원문 일치
11650,11650-128,신반포7,잠원로 88,A13790721,잠원로 88,원문 일치
11650,11650-132,신화,잠원로14길 54,A13790703,잠원로14길 54,원문 일치
11650,11650-135,월드메르디앙,신반포로45길 71,,,
11650,11650-137,잠원중앙하이츠(A동),잠원로3길 16,,,
11650,11650-138,잠원현대훼밀리,신반포로 261,,,
11650,11650-139,중앙하이츠,잠원로3길 20,,,
11650,11650-14,두진한아름,효령로67길 52,,,
11650,11650-141,신반포청구,신반포로33길 66,A13790713,신반포로33길 66,원문 일치
11650,11650-142,킴스빌리지,잠원로3길 6,A13790902,잠원로3길 6,원문 일치
11650,11650-144,한강,잠원로 213-10,A13790620,잠원로 213-10,원문 일치
11650,11650-145,한신,잠원로 150,A13790722,잠원로 150,원문 일치
11650,11650-146,한신그린,신반포로33길 71,A13790701,신반포로33길 71,원문 일치
11650,11650-147,한신로얄,신반포로33길 64,A13790706,신반포로33길 64,원문 일치
11650,11650-148,한신진일빌라트,잠원로 132,,,
11650,11650-149,한신타운,나루터로4길 70-5,,,
11650,11650-150,한신타워,잠원로3길 8,A13790910,잠원로3길 8,원문 일치
11650,11650-152,현대,잠원로12길 4,A13790707,잠원로12길 4,원문 일치
11650,11650-154,훼미리,잠원로 202-11,A13790612,잠원로 202-11,원문 일치
11650,11650-155,롯데캐슬갤럭시,잠원로14길 3,A13703011,잠원로14길 3,원문 일치
11650,11650-156,금호베스트빌,나루터로 46,,,
11650,11650-157,대주피오레아파트,강남대로95길 56,,,
11650,11650-160,궁전,사평대로 142,,,
11650,11650-161,그랑빌,사평대로14길 23,,,
11650,11650-163,다우탑스빌라트,서초중앙로31길 14-10,,,
11650,11650-168,반포두산힐스빌,고무래로10길 16,A10025550,고무래로10길 16,원문 일치
11650,11650-169,라인,서래로10길 26,,,
11650,11650-172,반포미도,서초중앙로29길 28,A13704404,서초중앙로29길 28,원문 일치
11650,11650-173,반포미도2차아파트,사평대로 240,A13770105,사평대로 240,원문 일치
11650,11650-175,반포주공1단지,신반포로 9,,,
11650,11650-176,반포푸르지오,신반포로15길 4,A13776508,신반포로15길 4,원문 일치
11650,11650-187,산호아파트,강남대로79길 52-9,,,
11650,11650-196,삼호가든맨션(5차),서초중앙로 242,A13704101,서초중앙로 242,원문 일치
11650,11650-197,상지리츠빌(73-10),사평대로28길 62,,,
11650,11650-199,엠브이아파트,고무래로10길 39,A13780201,고무래로10길 39,원문 일치
11650,11650-2,그린빌라트,명달로8길 11,,,
11650,11650-21,밀라텔쉐르빌,강남대로61길 17,,,
11650,11650-212,예당하우스,동광로42길 4,,,
11650,11650-228,테마하우스,서래로7길 7,,,
11650,11650-232,한신서래,사평대로28길 31,A13780403,사평대로28길 31,원문 일치
11650,11650-236,현대동궁아파트,사평대로 154,A13780402,사평대로 154,원문 일치
11650,11650-237,현대반포빌라트B,동광로39길 37,,,
11650,11650-24,서초삼성래미안,사임당로17길 116,A13788003,사임당로17길 116,원문 일치
11650,11650-253,금정노블,서래로2길 54-6,,,
11650,11650-255,장원빌라트,사평대로 90,,,
11650,11650-256,몽마르뜨빌(577-3),동광로 158,,,
11650,11650-258,태평아트,주흥길 77,,,
11650,11650-259,반포훼미리(101동),주흥11길 40,,,
11650,11650-260,삼성에이스빌,주흥길 44-6,,,
11650,11650-261,반포훼미리(103동),주흥17길 25,,,
11650,11650-264,공작빌라트,방배로5길 33,,,
11650,11650-265,쌍용예가클래식,방배로37길 26-9,A13782601,방배로37길 26-9,원문 일치
11650,11650-266,그랑씨엘2000,방배로32길 72,,,
11650,11650-271,방배대우(562-1),효령로4길 56-29,,,
11650,11650-272,대우(효령),효령로 84,A13706303,효령로 84,원문 일치
11650,11650-275,동광빌라트,방배로37길 49,,,
11650,11650-28,삼풍아파트,서초중앙로 200,A13792001,서초중앙로 200,원문 일치
11650,11650-281,두원,청두곶길 14,,,
11650,11650-283,레베빌(798-1),방배로34길 89,,,
11650,11650-285,롯데아파트,효령로34길 25,,,
11650,11650-286,롯데빌라트2차,효령로36길 28,,,
11650,11650-288,멤피스빌,동광로30길 17,,,
11650,11650-290,방배1차현대홈타운,서초대로1길 30,A13785203,서초대로1길 30,원문 일치
11650,11650-291,금강프리빌,서초대로18길 6,,,
11650,11650-294,방배비젼21빌라트,방배로28길 46,,,
11650,11650-30,서초4현대,고무래로 94,A13788201,고무래로 94,원문 일치
11650,11650-302,방배씨티(보성),서초대로23길 74,,,
11650,11650-303,비젼21(2차),방배로28길 40,,,
11650,11650-304,빌라도르,서초대로33길 67,,,
11650,11650-305,삼익,효령로34길 79,A13785004,효령로34길 79,원문 일치
11650,11650-309,삼호1동~3동,방배로43길 21,,,
11650,11650-31,삼성서초가든스위트,서운로 122,,,
11650,11650-310,삼호2,방배로43길 30,,,
11650,11650-311,삼호3,방배로43길 30,,,
11650,11650-315,삼호한숲,방배로3길 10-3,,,
11650,11650-3169,방배아트e편한세상101,효령로2길 73,,,
11650,11650-3170,방배아트e-편한세상102,효령로2길 81,,,
11650,11650-3171,방배아트e-편한세상103,효령로2길 87,,,
11650,11650-3172,방배아트e편한세상104,효령로2길 97,,,
11650,11650-3173,방배아트e편한세상105,효령로2길 101,,,
11650,11650-3174,방배아트e-편한세상106,효령로2길 109,,,
11650,11650-3181,래미안방배에버뉴,동광로19길 51,,,
11650,11650-3183,빌라일두오모,방배로34길 102,,,
11650,11650-319,신구,효령로 69,,,
11650,11650-3191,방배대우디오빌,서초대로 17,A13783802,서초대로 17,원문 일치
11650,11650-3203,브라운스톤효령아파트,효령로26길 15,,,
11650,11650-3205,양재한신휴플러스,강남대로 224,,,
11650,11650-321,신구하이텍빌리지,방배천로 118,,,
11650,11650-3212,효성빌라26동,동광로49길 78,,,
11650,11650-3217,강남태영데시앙루브,강남대로 455,,,
11650,11650-3218,서초동대우디오빌프라임,강남대로 321,A10022623,강남대로 321,원문 일치
11650,11650-3219,신원아침도시(1420),남부순환로337가길 52,,,
11650,11650-322,신동아,효령로 164,A13784907,효령로 164,원문 일치
11650,11650-3220,경남아너스빌,남부순환로323길 56-18,,,
11650,11650-3221,서초지웰,반포대로10길 35,,,
11650,11650-3223,서초네스피아B,명달로4길 68,,,
11650,11650-3224,서초3차e편한세상,남부순환로 2343-10,A13786803,남부순환로 2343-10,원문 일치
11650,11650-3225,서초5차e편한세상,명달로4길 30,A13770607,명달로4길 30,원문 일치
11650,11650-3226,더샾오데움(103동),반포대로7길 45,,,
11650,11650-3227,"더샾오데움(101,102동)",효령로46길 21,,,
11650,11650-3228,서초두산위브2,명달로 112,,,
11650,11650-3229,래미안서초5차,반포대로21길 67,,,
11650,11650-323,방배신삼호,방배로 270,A13782602,방배로 270,원문 일치
11650,11650-3230,서초레몬,서초중앙로 45,,,
11650,11650-3235,서초파라곤,서초대로74길 29,,,
11650,11650-3238,서초트라팰리스,효령로72길 57,A13792306,효령로72길 57,원문 일치
11650,11650-3241,제이씨라디앙,반포대로22길 54,,,
11650,11650-3243,래미안서초7차,사임당로17길 80,A10026337,사임당로17길 80,원문 일치
11650,11650-3245,세양아르비채101동,서초대로 12,,,
11650,11650-3246,세양아르비채102동,방배천로 92,,,
11650,11650-325,신호,효령로 48,,,
11650,11650-3250,두산위브(1362),강남대로39길 5,,,
11650,11650-3251,더샾오데움(104동),반포대로5길 43,,,
11650,11650-3252,서초트레져,명달로 79,,,
11650,11650-3254,상지리츠빌(7),명달로13길 25,,,
11650,11650-3255,황실자이,서초대로 156,,,
11650,11650-3257,경남아너스빌201동,반포대로10길 42,,,
11650,11650-3260,서초프레스턴,명달로22길 81,,,
11650,11650-3261,상지리츠빌(10),명달로16길 17-5,,,
11650,11650-3262,현대빌리지,사임당로17길 56,,,
11650,11650-3263,래미안서초3차,명달로6길 24,,,
11650,11650-3269,현대타운,남부순환로356길 109,,,
11650,11650-3271,반포TS프리우스,서래로8길 30,,,
11650,11650-3272,서초자이,효령로68길 81,A13786601,효령로68길 81,원문 일치
11650,11650-3276,서초쌍용플래티넘,서초중앙로 18,,,
11650,11650-3277,레미안서초6차(1520-9),반포대로21길 74,,,
11650,11650-3278,브라운스톤서초(1677-1),서초대로 334,,,
11650,11650-3280,프레스턴-2(1506-42),명달로22길 89,,,
11650,11650-3281,방배3차e-편한세상,동광로 89-5,A13783001,동광로 89-5,원문 일치
11650,11650-3284,더샵서초,서초중앙로2길 21,,,
11650,11650-3286,서초동에지앙,서초대로64길 13,,,
11650,11650-3289,한신휴플러스,동작대로 112,,,
11650,11650-329,영지아트빌라,사평대로6길 118,,,
11650,11650-3293,서초8차상지리츠빌,명달로13길 7,,,
11650,11650-3299,방배아이파크,동광로3길 18,,,
11650,11650-33,서초녹원,사임당로17길 83,,,
11650,11650-330,영진,서초대로23길 64,,,
11650,11650-3300,롯데캐슬클래식,서운로 200,A13785607,서운로 200,원문 일치
11650,11650-3301,서초벽산블루밍,효령로74길 56,,,
11650,11650-3304,현대테라하임102동,강남대로34길 19,,,
11650,11650-3308,서초에스케이뷰,반포대로21길 62,,,
11650,11650-3309,서초우방유쉘,서초대로46길 62,,,
11650,11650-331,방배우성,방배선행길 1,A13785302,방배선행길 1,원문 일치
11650,11650-3311,디오수페리움2,동작대로 108,,,
11650,11650-3313,선데일,동광로27길 67,,,
11650,11650-3316,대상파크빌,남부순환로317길 66,,,
11650,11650-3317,롯데캐슬헤론,동광로1길 112,A13782803,동광로1길 112,원문 일치
11650,11650-3320,서초노빌리에,서초대로46길 96,,,
11650,11650-3321,극동스타클래스2,효령로67길 35,,,
11650,11650-3322,경남아너스빌(1608-8),효령로67길 32,,,
11650,11650-3323,보아스힐(701-4),주흥17길 22,,,
11650,11650-3325,SK리더스뷰(파스텔시티),방배천로 11,,,
11650,11650-3328,반포루이캐슬,반포대로39길 64-5,,,
11650,11650-3329,서초동아,효령로45길 7,,,
11650,11650-3331,삼환바우스,서초대로 340,,,
11650,11650-3332,루이스캐슬,효령로4길 10,,,
11650,11650-3338,방배서리풀힐스,방배로11길 35,,,
11650,11650-3339,동일하이빌,서초대로 240,,,
11650,11650-3341,서초타운트라팰리스,서초대로74길 23,,,
11650,11650-3343,방배디오슈페리움Ⅰ,서초대로 3-4,,,
11650,11650-3344,반포에스케이뷰,사평대로14길 12,,,
11650,11650-3347,한솔로이젠트,남부순환로 2614,,,
11650,11650-335,월드빌라트(798-5),동광로 126,,,
11650,11650-3350,신호그린빌,효령로 41,,,
11650,11650-3356,베로니스5차,사평대로6길 109-13,,,
11650,11650-3358,방배아크로타워,방배로13길 18,,,
11650,11650-336,월드빌라트(999),명달로 5-103,,,
11650,11650-3361,대경벨로체,남부순환로317길 68,,,
11650,11650-3362,(1617-21),서리풀길 14,,,
11650,11650-3369,Venessere,방배로32길 84,,,
11650,11650-337,월드빌리지,서초대로25길 76,,,
11650,11650-3385,반포2차ApelBaum,사평대로12길 22,,,
11650,11650-3393,서초한일유앤아이주상복합,사평대로56길 7,,,
11650,11650-34,서초대우,명달로 20,,,
11650,11650-3406,도무스,명달로 109,,,
11650,11650-3407,다이너스티힐,동광로27길 66,,,
11650,11650-341,임광,방배로 14,A13785005,방배로 14,원문 일치
11650,11650-3414,벨루체팰리스,동광로24길 22,,,
11650,11650-3416,베네쎄레,동광로27길 29-9,,,
11650,11650-342,방배임광3차,방배로2길 24-6,,,
11650,11650-343,정림,청두곶14길 5,,,
11650,11650-3430,엘리제빌,동광로33길 9,,,
11650,11650-3431,아델스빌1,동광로27길 84,,,
11650,11650-3436,노블씨티,동광로28길 30,,,
11650,11650-3437,현대쉴러하우스,서초대로23길 31,,,
11650,11650-3443,베로니스6차,동광로43길 58,,,
11650,11650-3450,데뜨아르,잠원로 46-4,,,
11650,11650-3451,서래아르드빌,사평대로26길 112,,,
11650,11650-3456,방배어울림,명달로1길 51,,,
11650,11650-3458,라온채,사평대로6길 74,,,
11650,11650-3471,서초두산위브트레지움,서운로 194,,,
11650,11650-3483,동아빌리지,반포대로19길 9-26,,,
11650,11650-35,서초동아타워,서운로 138,,,
11650,11650-350,청광아트빌(14차),남부순환로291길 5,,,
11650,11650-3500,반포자이,신반포로 270,A13704104,신반포로 270,원문 일치
11650,11650-3515,래미안서초스위트,서운로 221,A13707009,서운로 221,원문 일치
11650,11650-3525,잠원동상지리츠빌카일룸,잠원로 221-19,,,
11650,11650-3526,상지리츠빌7차,방배로28길 51,,,
11650,11650-3534,리치팰리스,동광로22길 29,,,
11650,11650-3542,서초아트자이,반포대로 58,A13770610,반포대로 58,원문 일치
11650,11650-3543,나인빌,방배로32길 103-13,,,
11650,11650-3546,골드아트빌,서초대로3길 20,,,
11650,11650-3548,방배롯데캐슬로제,방배로26길 41,,,
11650,11650-3559,래미안퍼스티지,반포대로 275,A13776509,반포대로 275,원문 일치
11650,11650-3568,롯데캐슬메디치,서초중앙로 110,,,
11650,11650-357,청암,효령로 65,,,
11650,11650-3573,서리풀e편한세상,효령로33길 50,A13771601,효령로33길 50,원문 일치
11650,11650-3579,서초교대e편한세상,서초중앙로24길 33,A13707016,서초중앙로24길 33,원문 일치
11650,11650-359,탑빌라트,방배로42길 65,,,
11650,11650-36,서초로얄,사임당로14길 10,,,
11650,11650-3617,반포리체,고무래로 35,A13776301,고무래로 35,원문 일치
11650,11650-3628,리베하임,효령로2길 132,,,
11650,11650-3687,반포힐스테이트,신반포로16길 15-20,A13776510,신반포로16길 15-20,원문 일치
11650,11650-369,방배한화,효령로33길 66-31,,,
11650,11650-37,서초롯데캐슬84,사임당로17길 90,A10026340,사임당로17길 90,원문 일치
11650,11650-370,한화엘르빌,방배로26길 50,,,
11650,11650-3703,서초네이처힐7단지,태봉로2길 10,A13778203,태봉로2길 10,원문 일치
11650,11650-3704,서초네이처힐4단지,태봉로2길 65,A13778201,태봉로2길 65,원문 일치
11650,11650-372,현대맨션,방배로 12,,,
11650,11650-373,현대멤피스,방배로 239,,,
11650,11650-3748,서초네이처힐2단지,형촌길 15,,,
11650,11650-378,방배현대빌라트(999-2),명달로 5-121,,,
11650,11650-380,방배2차현대홈타운,서초대로1길 34,A13785201,서초대로1길 34,원문 일치
11650,11650-3820,훼미리타운,방배로19길 40,,,
11650,11650-3821,서초힐스,양재대로2길 90,A13778204,양재대로2길 90,원문 일치
11650,11650-3827,서초자연인아파트(101동),서운로9길 18,,,
11650,11650-3832,힐스나인빌리지,방배로32길 103-8,,,
11650,11650-3843,신사레전드,강남대로105길 8,,,
11650,11650-3858,UPPERHOUSE,사평대로12길 45,,,
11650,11650-3863,서초네이처힐1단지,형촌길 35,A13778208,형촌길 35,원문 일치
11650,11650-3864,서초네이처힐3단지,태봉로2길 60,A13778205,태봉로2길 60,원문 일치
11650,11650-3867,써니힐즈,방배로32길 109,,,
11650,11650-3874,서초네이처힐6단지,태봉로2길 30,A13778207,태봉로2길 30,원문 일치
11650,11650-3886,서초자연인아파트(102동),서운로9길 18,,,
11650,11650-391,방배리치빌,효령로5길 9,,,
11650,11650-392,방배2차상지리츠빌,남부순환로297라길 9,,,
11650,11650-3926,한라비발디스튜디오193,강남대로39길 15-10,,,
11650,11650-394,비욘디에,사평대로6길 44,,,
11650,11650-3944,서초중흥S-클래스(도시형생활주택),효령로52길 63,,,
11650,11650-3954,서초포레스타7단지,청계산로11길 7-12,A13716001,청계산로11길 7-12,원문 일치
11650,11650-396,현대오페라하우스,동광로4길 15,,,
11650,11650-3963,서초호반써밋,양재대로2길 109,A13778211,양재대로2길 109,원문 일치
11650,11650-397,판테옹빌라,동광로24길 37,,,
11650,11650-3974,호반써밋서초파크,양재대로2길 33,A13778209,양재대로2길 33,원문 일치
11650,11650-3976,호반써밋서초파크뷰(토지임대부아파트),양재대로2길 11,A13778210,양재대로2길 11,원문 일치
11650,11650-398,렉스빌,방배로28길 80,,,
11650,11650-399,방배대우유로카운티,방배로28길 90,,,
11650,11650-4,서초금호어울림,명달로 10,,,
11650,11650-4006,서초한양수자인,서운로11길 23,,,
11650,11650-401,롯데캐슬파크(38),방배로18길 91,,,
11650,11650-4026,서초포레스타5단지,청계산로7길 43,A13716002,청계산로7길 43,원문 일치
11650,11650-403,멤버스빌,효령로23길 31,,,
11650,11650-404,네스코,청두곶길 78,,,
11650,11650-4040,서초포레스타3단지,헌릉로8길 22,A13716003,헌릉로8길 22,원문 일치
11650,11650-4044,롯데캐슬아르떼,방배천로18길 11,A13771001,방배천로18길 11,원문 일치
11650,11650-406,방배현대멤피스2,방배로 63,,,
11650,11650-4063,서초더샵포레,헌릉로8길 58,A13718001,헌릉로8길 58,원문 일치
11650,11650-4065,우솔마을서초리슈빌S아파트,양재대로2길 100-11,,,
11650,11650-407,서초이에스에이3차,명달로 15,,,
11650,11650-4072,urbanplace,효령로77길 30,,,
11650,11650-4075,르가든5차,동광로32길 8,,,
11650,11650-41,서초태동스위트,서초중앙로22길 78,,,
11650,11650-4103,힐스테이트서초젠트리스,헌릉로8길 10-12,A10028046,헌릉로8길 10-12,원문 일치
11650,11650-4129,서초롯데캐슬프레지던트,서초중앙로24길 57,A10028146,서초중앙로24길 57,원문 일치
11650,11650-4139,연우,명달로8길 8,,,
11650,11650-414,뉴현대,언남10길 27,,,
11650,11650-4140,서초포레스타6단지,청계산로9길 1-12,A10028105,청계산로9길 1-12,원문 일치
11650,11650-4143,르가든6차,방배로34길 109,,,
11650,11650-4156,서초포레스타2단지,헌릉로8길 45,A10028021,헌릉로8길 45,원문 일치
11650,11650-418,미라보,강남대로34길 18,,,
11650,11650-4194,폴라씨엘로,방배로30길 42,,,
11650,11650-42,서초한빛삼성,서초대로40길 72,A13787105,서초대로40길 72,원문 일치
11650,11650-420,블루하이츠,동산로12길 13-16,,,
11650,11650-423,삼익양재빌라,양재천로23길 16,,,
11650,11650-424,새티스,강남대로6길 70,,,
11650,11650-43,서초한신,남부순환로323길 38-15,A13786704,남부순환로323길 38-15,원문 일치
11650,11650-430,아원데코빌,매헌로6길 46,,,
11650,11650-433,우성112,바우뫼로 103,,,
11650,11650-435,양재테크노빌,논현로11길 20,,,
11650,11650-44,서초한신리빙타워,효령로 237,,,
11650,11650-440,우성,바우뫼로 91,,,
11650,11650-4439,래미안신반포팰리스,잠원로8길 35,A10027439,잠원로8길 35,원문 일치
11650,11650-4440,아크로리버파크,신반포로15길 19,A10027205,신반포로15길 19,원문 일치
11650,11650-4470,래미안서초에스티지,서운로 107,A10027221,서운로 107,원문 일치
11650,11650-4471,서초동프레스티지아파트,서운로11길 17,,,
11650,11650-45,서초한일,서초대로64길 31,,,
11650,11650-4514,서초블레스,효령로47길 11,,,
11650,11650-4516,"마제스타시티(힐스테이트서리풀101,102동)",서초대로38길 12,,,
11650,11650-4533,잠원시티아파트,신반포로23길 76,,,
11650,11650-4538,TheHerren,서초대로23길 106,,,
11650,11650-4550,서초푸르지오써밋,서운로 201,A10026941,서운로 201,원문 일치
11650,11650-4570,서초훼미리하우스,효령로 89,,,
11650,11650-46,서초현대,사임당로19길 10,A13772801,사임당로19길 10,원문 일치
11650,11650-461,신영체르니,논현로27길 57,A13789002,논현로27길 57,원문 일치
11650,11650-462,양재동현대,언남10길 7,,,
11650,11650-4622,래미안서초에스티지S,서운로 104,A10026411,서운로 104,원문 일치
11650,11650-464,파크사이드,동산로6길 2,,,
11650,11650-465,다원아파트,강남대로8길 64,,,
11650,11650-4675,신반포자이,잠원로 60,A10026004,잠원로 60,원문 일치
11650,11650-4676,아크로리버뷰신반포,잠원로 117,A10026227,잠원로 117,원문 일치
11650,11650-4678,반포래미안아이파크,서초중앙로 220,A10026051,서초중앙로 220,원문 일치
11650,11650-468,그린씨티아파트1,동산로10길 19,,,
11650,11650-4693,방배마에스트로,서초대로 13,,,
11650,11650-4703,반포써밋,고무래로 89,A10026015,고무래로 89,원문 일치
11650,11650-4706,방배아트자이,명달로9길 57,A10025927,명달로9길 57,원문 일치
11650,11650-472,프라임,논현로1길 43,,,
11650,11650-4745,서초노블레스아파트,강남대로39길 15-11,,,
11650,11650-4750,래미안신반포리오센트,잠원로14길 32,A10025418,잠원로14길 32,원문 일치
11650,11650-476,대흥,강남대로30길 73-11,,,
11650,11650-4764,DK밸리뷰시티,반포대로14길 14,,,
11650,11650-4766,스톤힐스,동광로27길 104,,,
11650,11650-4769,방배 서리풀 그랑블,서초대로34가길 52,,,
11650,11650-4779,디아레나서초,효령로53길 24,,,
11650,11650-478,양재파크뷰,바우뫼로39길 88-3,,,
11650,11650-479,대림,바우뫼로7길 51,A13790004,바우뫼로7길 51,원문 일치
11650,11650-4798,서리풀래디앙아파트,방배로32길 49,,,
11650,11650-480,동고,바우뫼로7길 29,A13790003,바우뫼로7길 29,원문 일치
11650,11650-4805,반포센트럴자이,반포대로 310-6,A10024913,반포대로 310-6,원문 일치
11650,11650-4807,서리풀프라젠아파트,서초대로23길 47,,,
11650,11650-4810,리시본하우스,남부순환로356길 88,,,
11650,11650-482,코오롱,바우뫼로 53,A13790002,바우뫼로 53,원문 일치
11650,11650-4822,비버리캐슬,반포대로9길 70,,,
11650,11650-4827,서초센트럴IPARK,반포대로18길 36,A10024574,반포대로18길 36,원문 일치
11650,11650-483,한라,바우뫼로 33,,,
11650,11650-484,신동아아파트(2차),사임당로 130,,,
11650,11650-485,삼환나띠르빌(1002-9),명달로 33,,,
11650,11650-486,삼환나띠르빌(1002-10),명달로 33,,,
11650,11650-487,삼환나띠르빌(1002-11),명달로 33,,,
11650,11650-488,우성KBS(113동),바우뫼로 91,,,
11650,11650-4887,래미안 리더스원,서운로 62,A10024552,서운로 62,원문 일치
11650,11650-4896,신반포중앙하이츠,신반포로23길 78-10,,,
11650,11650-4909,방배중앙센트레빌,방배중앙로 158,,,
11650,11650-4927,반포센트레빌아스테리움,사평대로 310-4,,,
11650,11650-4959,디에이치반포라클라스,서초중앙로 206,A10024254,서초중앙로 206,원문 일치
11650,11650-4967,지에스타워,서초대로58길 18,,,
11650,11650-4969,서초그랑자이,효령로 391,A10024240,효령로 391,원문 일치
11650,11650-4970,방배그랑자이,방배로 21,A10024171,방배로 21,원문 일치
11650,11650-499,반포대우멤버스카운티,사평대로16길 14,,,
11650,11650-4996,DK밸리뷰서초2차,사임당로 34,,,
11650,11650-4997,더샵반포리버파크,사평대로 73,,,
11650,11650-50,서초현대타워아파트,강남대로 375,,,
11650,11650-501,신성리더스카운티,서초중앙로31길 6-11,,,
11650,11650-5012,서초자이르네,남부순환로323길 33,,,
11650,11650-5015,반포르엘,신반포로23길 23,A10023673,신반포로23길 23,원문 일치
11650,11650-502,프라임빌라트,서래로 5,,,
11650,11650-5023,강남월드메르디앙프레스티지,남부순환로350길 19-11,,,
11650,11650-503,삼성래미안1,방배선행길 2,A13785301,방배선행길 2,원문 일치
11650,11650-5036,반포르엘2차,신반포로23길 33,A10023462,신반포로23길 33,원문 일치
11650,11650-505,방배대우멤버스카운티(809-17),방배로34길 20,,,
11650,11650-506,방배대우멤버스카운티,방배로32길 17-16,,,
11650,11650-507,방배대우멤버스카운티201,동광로22길 32,,,
11650,11650-508,방배트리플,동광로18길 16,,,
11650,11650-509,효산빌라트,방배로26길 44,,,
11650,11650-510,방배2차e-편한세상,서초대로33길 22,,,
11650,11650-511,대림e-편한세상1,서초대로34길 34,A13784102,서초대로34길 34,원문 일치
11650,11650-5111,서초아트래디앙,반포대로18길 13-3,,,
11650,11650-5115,파세지아타,방배로6길 10-3,,,
11650,11650-512,방배자이,방배로18길 67,A10027016,방배로18길 67,원문 일치
11650,11650-5121,신반포르엘,잠원로14길 42,A10023143,잠원로14길 42,원문 일치
11650,11650-5126,래미안원베일리,반포대로 333,A10023043,반포대로 333,원문 일치
11650,11650-513,방배대성유니드아파트,도구로 73,,,
11650,11650-514,네스코뮤즈빌(B),도구로 45-7,,,
11650,11650-515,네스코뮤즈빌(A),도구로 45-3,,,
11650,11650-5150,엘루크방배서리풀,효령로31길 31,,,
11650,11650-5157,바흐하우스반포캐슬,사평대로2길 19-9,,,
11650,11650-516,모닝아트빌,효령로21길 47,,,
11650,11650-517,서초동아이파크,효령로68길 38,,,
11650,11650-5174,래미안원펜타스,신반포로15길 1,A10022556,신반포로15길 1,원문 일치
11650,11650-518,래미안서초유니빌,서초중앙로 26,A13707010,서초중앙로 26,원문 일치
11650,11650-519,현대슈퍼빌,서초중앙로 15,A13770609,서초중앙로 15,원문 일치
11650,11650-52,수광빌라트,서초대로60길 33,,,
11650,11650-521,서초이오빌,효령로53길 45,A13770611,효령로53길 45,원문 일치
11650,11650-522,서초예성그린캐슬,서초대로58길 26,,,
11650,11650-523,서초래미안,서초대로65길 13-10,A13788208,서초대로65길 13-10,원문 일치
11650,11650-525,미영(101),논현로31길 24-15,,,
11650,11650-528,빌폴라리스,잠원로 221-25,,,
11650,11650-53,신동아아파트(1차),사임당로 137,A13775101,사임당로 137,원문 일치
11650,11650-530,브라운스톤잠원,잠원로 46-38,,,
11650,11650-531,두산위브,반포대로 310,,,
11650,11650-532,현대이에스에이아파트,효령로77길 20,,,
11650,11650-534,쏠레뉴,고무래로10길 13,,,
11650,11650-535,반포동피카소빌,동광로41길 32-1,,,
11650,11650-537,반포샤인힐4차,동광로43길 4,,,
11650,11650-539,브리앙뜨3차,서래로1길 13,,,
11650,11650-54,아남,사임당로23길 53,A13707002,사임당로23길 53,원문 일치
11650,11650-541,반포서래빌,동광로 155,,,
11650,11650-542,반포이안애1차,동광로33길 15,,,
11650,11650-543,서초블랑빌,사평대로20길 25,,,
11650,11650-544,팔라디오,사평대로28길 55,,,
11650,11650-545,삼광,동광로46길 7-14,,,
11650,11650-548,써니힐,주흥17길 19,,,
11650,11650-549,반포훼미리(102동),주흥13길 38,,,
11650,11650-55,아이파크빌,반포대로5길 65,,,
11650,11650-555,서초코아,남부순환로317길 18-16,,,
11650,11650-557,애지앙,명달로4길 82,,,
11650,11650-558,스위트빌,명달로20길 39,,,
11650,11650-559,예림,효령로47길 18,,,
11650,11650-561,풍림아이원(101동),효령로67길 20,,,
11650,11650-562,한아름,남부순환로358길 72,,,
11650,11650-564,서희융창,남부순환로289길 16,,,
11650,11650-565,방배노블힐스,남부순환로297다길 17,,,
11650,11650-568,푸른마을,동광로1길 84,,,
11650,11650-569,방배브라운가,방배로19길 67,A13784401,방배로19길 67,원문 일치
11650,11650-574,노블하우스(803-8),방배로34길 75,,,
11650,11650-576,위너스,바우뫼로37길 42-5,,,
11650,11650-577,리벨루스(804-1),방배로34길 64,,,
11650,11650-579,레베빌2,서초대로33길 102,,,
11650,11650-581,비젼(103),남부순환로356길 95-10,,,
11650,11650-583,엘르빌,효령로34길 17,,,
11650,11650-584,노블하임,동광로 98,,,
11650,11650-585,방배블레스밸리,효령로34길 92,,,
11650,11650-586,비젼(102),바우뫼로39길 27,,,
11650,11650-588,아이리스,효령로34길 48,,,
11650,11650-589,방배신동아럭스빌,방배로1길 9,,,
11650,11650-590,한신트리플,방배로33길 29,A13770801,방배로33길 29,원문 일치
11650,11650-591,비젼아파트101동,바우뫼로39길 39,,,
11650,11650-593,우면파크아파트,논현로1길 67,,,
11650,11650-595,새티스,남부순환로337가길 51-6,,,
11650,11650-597,더-클라스,논현로1길 23,,,
11650,11650-598,다솔멤버스,명달로22길 33,,,
11650,11650-60,우성아파트,서초대로74길 30,A13785705,서초대로74길 30,원문 일치
11650,11650-600,옥스포드빌라트,명달로20길 25,,,
11650,11650-601,현대ESA2,반포대로 122,A13770608,반포대로 122,원문 일치
11650,11650-602,서초극동스타클래스,서리풀4길 43,,,
11650,11650-604,롯데캐슬스파,사임당로23길 12,,,
11650,11650-605,대림서초리시온,서초중앙로22길 25,A13707006,서초중앙로22길 25,원문 일치
11650,11650-606,서초대우아이빌,서초대로58길 10,A13707003,서초대로58길 10,원문 일치
11650,11650-607,대성유니드,서초대로64길 36,,,
11650,11650-608,서초동삼성쉐르빌2,강남대로53길 11,A13775102,강남대로53길 11,원문 일치
11650,11650-609,금강,강남대로2길 48,,,
11650,11650-61,월드빌라트,명달로16길 31-13,,,
11650,11650-611,방배샤인힐6차,동광로24길 45,,,
11650,11650-612,성진준빌라트,신반포로41길 31,,,
11650,11650-613,롯데캐슬포레스트,방배로28길 63,,,
11650,11650-615,방배아크빌,서초대로33길 52,,,
11650,11650-616,선영베스트,동광로24길 81,,,
11650,11650-62,유원서초,서초중앙로24길 43,A13788203,서초중앙로24길 43,원문 일치
11650,11650-620,롯데캐슬쥬피터,서운로6길 15-20,,,
11650,11650-621,방배타운하우스,방배중앙로 147,,,
11650,11650-623,샹보르,효령로67길 64,,,
11650,11650-624,현대홈타운,반포대로23길 71,,,
11650,11650-625,래미안서초4차,남부순환로317길 34,,,
11650,11650-626,더미켈란,명달로 91,,,
11650,11650-627,상지리츠빌8차,동광로27길 47,,,
11650,11650-630,브라운스톤방배,서초대로26길 19,,,
11650,11650-631,보아스방배,서초대로15길 67,,,
11650,11650-632,잠원아이비,강남대로95길 81,,,
11650,11650-635,현대아르빌,청두곶14길 32,,,
11650,11650-636,파라다이스(477-7),효령로4길 13,,,
11650,11650-637,방배홈타운(479-11),남부순환로287길 7,,,
11650,11650-639,명지해드는터,남부순환로297나길 13,,,
11650,11650-640,방배아크로리버,방배중앙로 207-10,A13706001,방배중앙로 207-10,원문 일치
11650,11650-642,방배5차상지리츠빌,사평대로6길 106,,,
11650,11650-6434,메이플자이,신반포로 251,A10020557,신반포로 251,원문 일치
11650,11650-645,상지리츠빌4차(843-11),서초대로33길 84-24,,,
11650,11650-6458,호반써밋양재,강남대로 187,,,
11650,11650-646,상지리츠빌4차(843-13),서초대로33길 84-20,,,
11650,11650-6462,방배더유엘포레,효령로29길 16,,,
11650,11650-649,태림,방배로11길 17,,,
11650,11650-650,광해리드빌,방배로11길 49,,,
11650,11650-652,뉴캐슬,도구로 47,,,
11650,11650-653,신원아침도시,효령로34길 39,,,
11650,11650-654,방배동동양파라곤,남부순환로309길 67,,,
11650,11650-655,삼환나띠르빌(1002-7),명달로 33,,,
11650,11650-656,삼환나띠르빌(1002-21),명달로 33,,,
11650,11650-657,삼환나띠르빌(1002-22),명달로 33,,,
11650,11650-658,래미안방배아트힐(1008-2),남부순환로 2311-12,A13785008,남부순환로 2311-12,원문 일치
11650,11650-659,동부센트레빌,방배로 278,,,
11650,11650-66,진흥아파트,서초대로 385,A13785604,서초대로 385,원문 일치
11650,11650-661,양재테크노2차,바우뫼로43길 23,,,
11650,11650-664,광정,강남대로34길 82,,,
11650,11650-665,양재,강남대로34길 58,,,
11650,11650-667,메르디안하우스,양재천로17길 11,,,
11650,11650-669,서초파크빌,강남대로16길 37,,,
11650,11650-673,동원,강남대로2길 38,,,
11650,11650-674,인랜드,강남대로2길 96,,,
11650,11650-676,리치스,동산로14길 17,,,
11650,11650-678,더-클라스(402-8),논현로1길 25,,,
11650,11650-679,새티스(402-10),논현로1길 33,,,
11650,11650-680,휴먼씨티,논현로1길 49,,,
11650,11650-682,롯데캐슬갤럭시(50-1),잠원로14길 23,A13703019,잠원로14길 23,원문 일치
11650,11650-684,대성유니드,고무래로10길 28,,,
11650,11650-686,골드넷멤버스빌리지,서래로2길 29,,,
11650,11650-688,리더스빌,동광로41길 14,,,
11650,11650-690,상지리츠빌2차,사평대로20길 113,,,
11650,11650-691,반포대우멤버스카운티2차,사평대로20길 79,,,
11650,11650-692,그랜드빌(100-8),사평대로20길 99,,,
11650,11650-693,정광아파트,사평대로18길 19,,,
11650,11650-694,브리앙뜨,사평대로16길 33,,,
11650,11650-699,반포쎄레노아파트,주흥3길 17,,,
11650,11650-70,초원현대,효령로68길 105,,,
11650,11650-700,현대성우주상복합아파트,강남대로61길 23,,,
11650,11650-701,풍림아이원플러스,효령로77길 14,A13707203,효령로77길 14,원문 일치
11650,11650-702,우정에쉐르,서운로3길 29,,,
11650,11650-704,신원아침도시(1434),남부순환로337가길 51-9,,,
11650,11650-705,월드메르디앙(오페라),반포대로4길 24,,,
11650,11650-707,새티스2,반포대로3길 48,,,
11650,11650-708,서초1차e-편한세상,명달로6길 31,A13786901,명달로6길 31,원문 일치
11650,11650-710,상지리츠빌(1),명달로11길 31,,,
11650,11650-711,리안하우스,명달로11길 6,,,
11650,11650-713,상지리츠빌(6),명달로13길 21,,,
11650,11650-716,서초화원그랑빌,반포대로21길 27,,,
11650,11650-717,N-Suite102동(1511-3),명달로22길 64,,,
11650,11650-718,N-Suite101동(1511-6),명달로22길 64,,,
11650,11650-719,N-Suite(1513-2),명달로22길 42,,,
11650,11650-72,트라움하우스2,명달로17길 32,,,
11650,11650-723,상지리츠빌(1617-13),서리풀4길 36,,,
11650,11650-724,아크로비스타,서초중앙로 188,A13788206,서초중앙로 188,원문 일치
11650,11650-728,잠원동트루빌,신반포로41길 50,,,
11650,11650-729,해청3차,남부순환로356길 82,,,
11650,11650-73,트라움하우스3,명달로 97-14,,,
11650,11650-730,베누시아,강남대로30길 32-33,,,
11650,11650-731,성영,매헌로6길 42,,,
11650,11650-732,방배3차현대홈타운,방배중앙로21길 55,,,
11650,11650-733,상지리츠빌6차,서초대로33길 84-28,,,
11650,11650-734,햄프턴코트,서초중앙로2길 48,,,
11650,11650-739,서초아파트,강남대로45길 16-4,,,
11650,11650-741,서초동현대리츠빌,강남대로43길 51,,,
11650,11650-746,하늘바람,사평대로12길 65,,,
11650,11650-752,베로니스2차,서초대로33길 116,,,
11650,11650-753,티에스프리우스,서초중앙로12길 19,,,
11650,11650-754,상지리츠빌(4),명달로11길 29-3,,,
11650,11650-755,서초대림빌라트,명달로16길 17-4,,,
11650,11650-756,방배대우멤버스카운티301,방배로30길 41,,,
11650,11650-757,프레스턴(1-62),동광로27길 38,,,
11650,11650-759,방배래미안타워,남부순환로 2183,A13706302,남부순환로 2183,원문 일치
11650,11650-761,프리우스,방배로30길 84,,,
11650,11650-762,방배CJ나인빌1차,방배로18길 57-13,,,
11650,11650-763,방배CJ나인빌2차,방배로18길 57-3,,,
11650,11650-764,한진로즈힐,서초대로1길 2,,,
11650,11650-765,길명오퍼스,강남대로30길 51-3,,,
11650,11650-766,반포서래월드메르디앙스칼라아파트B동,반포대로39길 69,,,
11650,11650-767,반포서래월드메르디앙스칼라아파트A동,반포대로39길 63-8,,,
11650,11650-769,프레스턴클레식,동광로27길 91,,,
11650,11650-772,서초로즈힐,효령로45길 15,,,
11650,11650-774,서초2차e-편한세상,효령로49길 57,A13787102,효령로49길 57,원문 일치
11650,11650-81,현대빌라트,명달로17길 40,,,
11650,11650-827,이연아마빌레,동광로 62,,,
11650,11650-828,성지라빌레뜨B,방배로30길 83,,,
11650,11650-829,반포파크빌,신반포로15길 33,,,
11650,11650-83,현대서초3,사임당로23길 58,,,
11650,11650-830,덕동반포빌라트,동광로49길 89,,,
11650,11650-831,APELBAUM,동광로43길 14-30,,,
11650,11650-833,서초동롯데캐슬리버티,사임당로10길 39,A10022474,사임당로10길 39,원문 일치
11650,11650-834,현대임페리움,효령로67길 71-6,,,
11650,11650-835,멤버스카운티601,동광로28길 23,,,
11650,11650-841,브라운스톤로얄스위트서초,명달로15길 5,,,
11650,11650-85,현대아파트,효령로72길 14,A13788002,효령로72길 14,원문 일치
11650,11650-88,동원베네스트아파트,서운로9길 63,,,
11650,11650-93,한성,반포대로21길 46,,,
11650,11650-96,서초힐하우스,서리풀길 28,,,
11650,11650-97,강변,잠원로 166-17,A13790714,잠원로 166-17,원문 일치
11650,11650-98,노블레스,신반포로 287,,,
11680,11680-1,강남상가,압구정로2길 46,,,
11680,11680-101,한신오페라하우스,삼성로135길 47,,,
11680,11680-104,거평프리젠,강남대로112길 41,,,
11680,11680-105,경남논현,언주로116길 12,,,
11680,11680-108,네오빌,강남대로132길 42,,,
11680,11680-109,신동아(22),강남대로146길 28,A13501004,강남대로146길 28,원문 일치
11680,11680-121,동현아파트1~6,언주로146길 18,A13582002,언주로146길 18,원문 일치
11680,11680-124,삼성빌라트,학동로31길 29,,,
11680,11680-128,세호시티라이프,강남대로128길 27,,,
11680,11680-132,신동아,논현로118길 17,,,
11680,11680-1327,(828-21),테헤란로10길 25,,,
11680,11680-136,쌍용,도산대로50길 43,A13501007,도산대로50길 43,원문 일치
11680,11680-1364,아람손프라자/비바빌,논현로2길 22,,,
11680,11680-137,논현빌라트,선릉로137길 6,,,
11680,11680-141,"청학아파트에이동,비동,씨동",도산대로 232,,,
11680,11680-15,신사동씨티빌,강남대로162길 27-26,,,
11680,11680-155,현대인텔렉스,언주로 620,,,
11680,11680-158,논현베르빌,학동로30길 21,B11680050,학동로30길 21,원문 일치
11680,11680-16,대성아파트,논현로151길 45,,,
11680,11680-160,논현한가람빌라트,도산대로50길 54,,,
11680,11680-161,우민,언주로136길 21,,,
11680,11680-164,테크노빌라트,선릉로111길 38-16,,,
11680,11680-168,삼성동롯데아파트,학동로 432,A13509007,학동로 432,원문 일치
11680,11680-17,신사동닛시빌라트,압구정로42길 46,,,
11680,11680-171,삼부아파트102동,봉은사로111길 34,,,
11680,11680-172,강변삼부아파트,봉은사로113길 25,,,
11680,11680-177,서광아파트,선릉로130길 19,A13509006,선릉로130길 19,원문 일치
11680,11680-178,석탑아파트101동,학동로 412,A10023939,학동로 412,원문 일치
11680,11680-179,세방타운하우스,삼성로120길 21,,,
11680,11680-18,알파임하우스1,언주로164길 20,,,
11680,11680-180,삼성파크,삼성로99길 14,,,
11680,11680-187,진흥아파트,학동로88길 5,,,
11680,11680-189,청구아파트,영동대로128길 5,A13509101,영동대로128길 5,원문 일치
11680,11680-190,푸른솔아파트1동,학동로 420,,,
11680,11680-191,풍림(1차),영동대로112길 15,A13509003,영동대로112길 15,원문 일치
11680,11680-192,삼성풍림2차아파트,봉은사로105길 12-7,,,
11680,11680-193,풍림,테헤란로77길 22,,,
11680,11680-194,삼성동한솔아파트,학동로64길 7,A13509004,학동로64길 7,원문 일치
11680,11680-195,한일,봉은사로73길 23,A10024819,봉은사로73길 23,원문 일치
11680,11680-197,현대아파트101동,학동로64길 14,A13509001,학동로64길 14,원문 일치
11680,11680-199,호산프라자,선릉로 604,,,
11680,11680-2,압구정대원칸타빌아파트,압구정로48길 15,B11680014,압구정로48길 15,변형 3 적용 후 일치
11680,11680-20,미성2차,압구정로 113,A13511003,압구정로 113,원문 일치
11680,11680-205,대치삼성,도곡로78길 22,A13528003,도곡로78길 22,원문 일치
11680,11680-206,대치현대,삼성로64길 5,A13583701,삼성로64길 5,원문 일치
11680,11680-207,대치효성,삼성로64길 12,A13528008,삼성로64길 12,원문 일치
11680,11680-21,한양6,압구정로 313,A13590204,압구정로 313,원문 일치
11680,11680-210,삼성3차,도곡로78길 13,,,
11680,11680-211,선경1차(1동-7동),삼성로 151,A13583604,삼성로 151,원문 일치
11680,11680-212,선경3차,남부순환로395길 10,B11680063,남부순환로395길 10,원문 일치
11680,11680-213,세영팔레스타운,영동대로65길 57,,,
11680,11680-214,쌍용대치2,영동대로 220,A13583402,영동대로 220,원문 일치
11680,11680-216,개포우성2,선릉로 120,A13528105,선릉로 120,원문 일치
11680,11680-217,"대치우성아파트1동,2동,3동,5동,6동,7동",영동대로 230,A13583403,영동대로 230,원문 일치
11680,11680-218,은마,삼성로 212,A13583507,삼성로 212,원문 일치
11680,11680-22,현대빌라트,압구정로29길 49,,,
11680,11680-222,한보미도맨션1,삼성로 150,A13528004,삼성로 150,원문 일치
11680,11680-225,현대1,영동대로57길 28,A10024799,영동대로57길 28,원문 일치
11680,11680-228,롯데캐슬,삼성로85길 11,A10024821,삼성로85길 11,원문 일치
11680,11680-230,메트로,삼성로75길 34,,,
11680,11680-231,세연파크뷰,삼성로63길 16-5,,,
11680,11680-233,거평빌라트,도곡로17길 12,,,
11680,11680-235,네스빌(728-10),테헤란로28길 47,,,
11680,11680-236,대림역삼,언주로 316,,,
11680,11680-237,동부센트레빌,선릉로 423,A13508004,선릉로 423,원문 일치
11680,11680-24,구산,도산대로101길 34,,,
11680,11680-248,리치타워,논현로105길 52,,,
11680,11680-249,한화진넥스빌,언주로86길 11,A13579504,언주로86길 11,원문 일치
11680,11680-25,골든아트빌,삼성로135길 28,,,
11680,11680-251,한스빌(836),도곡로3길 26,A13508005,도곡로3길 26,원문 일치
11680,11680-252,현대까르띠에710,언주로86길 12,A10024820,언주로86길 12,원문 일치
11680,11680-259,현대휴먼터치빌,논현로 565,A13508001,논현로 565,원문 일치
11680,11680-26,뉴현대리버빌,영동대로142길 7,,,
11680,11680-260,풍림지오빌,테헤란로5길 36,,,
11680,11680-261,명인갤러리,언주로75길 22,,,
11680,11680-263,역삼카이스아파트,도곡로7길 23,,,
11680,11680-265,역삼동칼라,논현로101길 6,,,
11680,11680-266,로얄빌리지,테헤란로21길 18,,,
11680,11680-267,역삼동하나빌,봉은사로 312,,,
11680,11680-269,세방하이빌1,역삼로 240,,,
11680,11680-27,대우리츠카운티,도산대로83길 35,,,
11680,11680-273,공간쉐르빌,언주로63길 32,,,
11680,11680-274,트레벨,도곡로57길 9-7,,,
11680,11680-275,대우디오빌,언주로 427,A13592002,언주로 427,원문 일치
11680,11680-276,경남아너스빌,언주로85길 13,A13508002,언주로85길 13,원문 일치
11680,11680-277,경남1,언주로 110,A13580602,언주로 110,원문 일치
11680,11680-278,경남2차,언주로 110,A13580602,언주로 110,원문 일치
11680,11680-279,삼익대청아파트,개포로109길 21,A13594007,개포로109길 21,원문 일치
11680,11680-280,성원대치2단지아파트,개포로109길 9,A13524009,개포로109길 9,원문 일치
11680,11680-283,개포우성3차,개포로 307,A13524004,개포로 307,원문 일치
11680,11680-284,개포6차우성아파트1동~8동,언주로 3,A10023565,언주로 3,원문 일치
11680,11680-285,우성8,개포로 411,A13580002,개포로 411,원문 일치
11680,11680-290,개포주공6단지,개포로 516,,,
11680,11680-292,현대1차101동~106동,개포로 303,A13524005,개포로 303,원문 일치
11680,11680-293,현대2,언주로 107,A13524006,언주로 107,원문 일치
11680,11680-294,현대아파트3,개포로 409,A13580001,개포로 409,원문 일치
11680,11680-295,개포현대200동,언주로 105,,,
11680,11680-298,개포현대6차,개포로15길 32-8,,,
11680,11680-299,가람,일원로 127,A13523003,일원로 127,원문 일치
11680,11680-3,로데오현대,압구정로50길 28,A10024814,압구정로50길 28,원문 일치
11680,11680-30,목화,도산대로85길 53,,,
11680,11680-301,목련타운,광평로19길 15,A13523005,광평로19길 15,원문 일치
11680,11680-302,삼성,개포로124길 27,,,
11680,11680-303,상록수,광평로10길 15,A13594702,광평로10길 15,원문 일치
11680,11680-304,샘터마을,일원로 120,A13523004,일원로 120,원문 일치
11680,11680-305,수서,양재대로55길 12,A13593801,양재대로55길 12,원문 일치
11680,11680-306,우성7,개포로110길 15,A13594403,개포로110길 15,원문 일치
11680,11680-308,푸른마을아파트101동~111동,일원로14길 25,A13594203,일원로14길 25,원문 일치
11680,11680-309,한솔마을,광평로10길 6,A13594701,광평로10길 6,원문 일치
11680,11680-310,개포한신,개포로110길 43,A13594402,개포로110길 43,원문 일치
11680,11680-311,현대4,개포로110길 21,A10027571,개포로110길 21,원문 일치
11680,11680-314,까치마을,광평로19길 10,A13522007,광평로19길 10,원문 일치
11680,11680-315,동익,광평로39길 3,A13588601,광평로39길 3,원문 일치
11680,11680-316,삼성,광평로31길 27,A13522004,광평로31길 27,원문 일치
11680,11680-317,삼익,광평로51길 27,A13522003,광평로51길 27,원문 일치
11680,11680-3176,학동,논현로124길 28,,,
11680,11680-318,수서한아름,광평로51길 22,A13588402,광평로51길 22,원문 일치
11680,11680-319,신동아,광평로47길 17,A13522006,광평로47길 17,원문 일치
11680,11680-32,청담동삼성1차(101동),삼성로133길 20,A13510001,삼성로133길 20,원문 일치
11680,11680-320,경남,논현로 209,A13527008,논현로 209,원문 일치
11680,11680-322,대림,논현로41길 10,,,
11680,11680-323,대림아크로빌,언주로30길 13,A13527014,언주로30길 13,원문 일치
11680,11680-326,럭키(462),남부순환로 2740,,,
11680,11680-327,럭키(963),논현로 213,A13585804,논현로 213,원문 일치
11680,11680-328,매봉삼성,언주로 203,A10024793,언주로 203,원문 일치
11680,11680-329,벨라빌,남부순환로375길 6,,,
11680,11680-33,삼성청담아파트,학동로 405,A13510203,학동로 405,원문 일치
11680,11680-330,삼성,남부순환로379길 14,A13527004,남부순환로379길 14,원문 일치
11680,11680-331,삼성래미안,남부순환로 2803,,,
11680,11680-332,삼익,논현로 218,A13527006,논현로 218,원문 일치
11680,11680-337,우성4,언주로 117,A13527013,언주로 117,원문 일치
11680,11680-338,우성사원5,언주로29길 34,A13585401,언주로29길 34,원문 일치
11680,11680-339,도곡우성아파트,남부순환로363길 49,A13527010,남부순환로363길 49,원문 일치
11680,11680-34,삼성청담공원아파트,도산대로96길 39,A13510103,도산대로96길 39,원문 일치
11680,11680-340,우성캐릭터199,언주로 118,A13527003,언주로 118,원문 일치
11680,11680-341,우성캐릭터빌,언주로 122,,,
11680,11680-344,중명하니빌,남부순환로365길 5,B11680026,남부순환로365길 5,원문 일치
11680,11680-3479,도곡하이빌,남부순환로363길 9-6,,,
11680,11680-348,포스코트,남부순환로381길 15,A13550404,남부순환로381길 15,원문 일치
11680,11680-349,한신(개포),언주로 123,A13527016,언주로 123,원문 일치
11680,11680-350,한신엠비씨,논현로 205,A13550403,논현로 205,원문 일치
11680,11680-351,현대아파트1동~3동,도곡로18길 35,,,
11680,11680-352,현대그린1,논현로51길 25,A13527002,논현로51길 25,원문 일치
11680,11680-354,현대비젼21,언주로30길 10,A13527005,언주로30길 10,원문 일치
11680,11680-355,도곡현대힐스테이트103동,남부순환로379길 19,,,
11680,11680-3559,선경2차(8동-12동),삼성로 151,A13583604,삼성로 151,원문 일치
11680,11680-356,도곡현대힐스테이트101동,남부순환로379길 15,,,
11680,11680-3570,역삼동월드메르디앙,도곡로21길 15,,,
11680,11680-3574,휴먼스타빌,도산대로 454,A13510002,도산대로 454,원문 일치
11680,11680-3575,한신오페라하우스2차,학동로63길 14,,,
11680,11680-3577,대우멤버스카운티501,봉은사로55길 36,,,
11680,11680-3578,대우멤버스카운티301,봉은사로57길 33,,,
11680,11680-3581,시티(B동),봉은사로109길 66-7,,,
11680,11680-3583,삼성웰피아,테헤란로77길 31,,,
11680,11680-3592,e-편한세상,봉은사로11길 12,A10022476,봉은사로11길 12,원문 일치
11680,11680-3600,파크힐,도곡로14길 14-1,,,
11680,11680-3613,도곡푸르지오,강남대로54길 6,,,
11680,11680-3621,역삼래미안,선릉로69길 19,A13592706,선릉로69길 19,원문 일치
11680,11680-3622,e-편한세상,선릉로69길 20,A13592605,선릉로69길 20,원문 일치
11680,11680-3623,도곡렉슬,선릉로 221,A13527203,선릉로 221,원문 일치
11680,11680-3624,래미안삼성1차(105-0),영동대로114길 56,,,
11680,11680-3626,강남한솔,도곡로19길 17,,,
11680,11680-3628,블루밍하우스,학동로82길 25,,,
11680,11680-3632,레미안삼성1차(101동),영동대로114길 56,,,
11680,11680-3633,청담2차이-편한세상(204동),도산대로70길 43,,,
11680,11680-3635,현대삼성동1차,삼성로120길 52-5,,,
11680,11680-364,타워팰리스1,언주로30길 56,A13527017,언주로30길 56,원문 일치
11680,11680-3641,삼성동롯데캐슬킹덤,선릉로112길 53,B11680020,선릉로112길 53,원문 일치
11680,11680-3643,역삼푸르지오,언주로 332,A13592604,언주로 332,원문 일치
11680,11680-3645,삼성동신영지웰,봉은사로 448,,,
11680,11680-3647,SK허브프리모,강남대로 240,A13527018,강남대로 240,원문 일치
11680,11680-3648,도곡2차I'PARK,도곡로14길 28,B11680060,도곡로14길 28,원문 일치
11680,11680-365,타워팰리스2,언주로30길 57,A13585402,언주로30길 57,원문 일치
11680,11680-3650,"청담2차이-편한세상(201동,202동,203동)",도산대로70길 25,A10024640,도산대로70길 25,원문 일치
11680,11680-3651,래미안삼성1차(103-22),영동대로114길 56,,,
11680,11680-3659,이니그마빌-III,남부순환로373길 21,,,
11680,11680-366,도곡현대힐스테이트102동,남부순환로377길 18,,,
11680,11680-3660,우찬현대(1260-2),개포로31길 9-9,,,
11680,11680-3661,우찬현대(1260-4),개포로31길 9-5,,,
11680,11680-3665,영무예다음,봉은사로72길 33,,,
11680,11680-3667,동양파라곤,학동로97길 31,,,
11680,11680-3670,프리우스역삼101동,강남대로94길 51-14,,,
11680,11680-3672,신성미소시티,역삼로 451,,,
11680,11680-3673,신사아이빌(522),압구정로2길 15,,,
11680,11680-3678,개나리푸르지오,역삼로 314,A13579501,역삼로 314,원문 일치
11680,11680-3679,역삼I'PARK,역삼로 307,A13508009,역삼로 307,원문 일치
11680,11680-368,삼호빌라B동,도산대로83길 49,,,
11680,11680-3680,개나리래미안,역삼로 306,A13592601,역삼로 306,원문 일치
11680,11680-3683,역삼디오슈페리움,강남대로 324,,,
11680,11680-3685,상지리츠빌카일룸2차,압구정로79길 87,,,
11680,11680-3686,래미안삼성1차(201동),영동대로114길 56,,,
11680,11680-369,상지리츠빌4B,압구정로77길 39,,,
11680,11680-3690,논현프라임아파트,봉은사로11길 11,,,
11680,11680-3697,선릉역풍림아이원레몬,테헤란로64길 13,,,
11680,11680-3698,삼환SOGOOD,도곡로 413,,,
11680,11680-370,상지리츠빌5B,도산대로101길 17-5,,,
11680,11680-3704,청담2차이-편한세상(205동),도산대로78길 51,,,
11680,11680-3705,한화꿈에그린2차,봉은사로21길 19,,,
11680,11680-3709,채널리저브,삼성로 517,,,
11680,11680-371,개포2차현대아파트(220),언주로 103,,,
11680,11680-3712,상지리츠빌역삼2차,도곡로43길 37,,,
11680,11680-372,개포우성1,선릉로 120,A13528105,선릉로 120,원문 일치
11680,11680-3721,쎄비앙102동,역삼로34길 25,,,
11680,11680-3722,쌍용플레티넘밸류,테헤란로4길 46,A13508010,테헤란로4길 46,원문 일치
11680,11680-3726,논현파라곤,학동로 338,A10024035,학동로 338,원문 일치
11680,11680-3728,롯데캐슬노블,도곡로13길 19,A10024813,도곡로13길 19,원문 일치
11680,11680-373,"쌍용대치아파트1동,2동,3동,5동,6동",영동대로 210,A13583404,영동대로 210,원문 일치
11680,11680-3730,논현동월드메르디앙,학동로38길 22,,,
11680,11680-3731,도곡스타클래스,남부순환로 2615,,,
11680,11680-3732,래미안삼성2차,선릉로130길 20,A13509005,선릉로130길 20,원문 일치
11680,11680-3733,롯데캐슬프레미어,선릉로126길 22,A13509010,선릉로126길 22,원문 일치
11680,11680-3734,도곡1차아이파크,도곡로28길 8,A13527007,도곡로28길 8,원문 일치
11680,11680-3739,롯데캐슬리베,도곡로 404,A10024815,도곡로 404,원문 일치
11680,11680-3740,RudenHouse,강남대로162길 41-8,,,
11680,11680-3741,도곡3차아이파크,도곡로14길 21,B11680041,도곡로14길 21,원문 일치
11680,11680-3752,대치아이파크,선릉로 222,A13528102,선릉로 222,원문 일치
11680,11680-3755,리갈팰리스,도산대로35길 46,,,
11680,11680-3760,역삼2차아이파크,도곡로57길 12,A13579503,도곡로57길 12,원문 일치
11680,11680-3766,래미안펜타빌,역삼로 309,A13508006,역삼로 309,원문 일치
11680,11680-3773,청담3차이-편한세상(301동),선릉로132길 54,,,
11680,11680-3779,아펠바움,영동대로114길 72,,,
11680,11680-378,한양1차(영동한양),압구정로 321,,,
11680,11680-3780,하이캐슬,삼성로64길 40,,,
11680,11680-379,한양2,압구정로 347,A13551103,압구정로 347,원문 일치
11680,11680-380,한양3,압구정로 321,,,
11680,11680-3803,조이너스도곡,강남대로48길 24,,,
11680,11680-381,한양4,압구정로 313,A13590204,압구정로 313,원문 일치
11680,11680-3814,예지인,테헤란로10길 42,,,
11680,11680-3819,아델하우스,학동로82길 29,,,
11680,11680-382,한양5,압구정로 401,A13590602,압구정로 401,원문 일치
11680,11680-3821,래미안신사,압구정로2길 20,A10024029,압구정로2길 20,원문 일치
11680,11680-383,한양8(81동한개동),압구정로 403,,,
11680,11680-3830,현대힐스테이트2단지,삼성로111길 8,A13570501,삼성로111길 8,원문 일치
11680,11680-3834,삼성동힐스테이트 1단지,학동로68길 29,A13509012,학동로68길 29,원문 일치
11680,11680-384,한양7,압구정로61길 37,,,
11680,11680-3840,네오블로썸,선릉로112길 47,,,
11680,11680-3843,논현웰스톤,학동로43길 38,,,
11680,11680-3844,로체샤르캐슬,언주로136길 16,,,
11680,11680-385,미성1차,압구정로11길 17,A13511001,압구정로11길 17,원문 일치
11680,11680-3855,상지리츠빌카일룸3차,압구정로79길 72,,,
11680,11680-3860,삼성동브라운스톤레전드,선릉로 660,,,
11680,11680-3861,로덴하우스이스트빌리지,남부순환로378길 9,,,
11680,11680-3862,로덴하우스웨스트빌리지,남부순환로378길 11,,,
11680,11680-3863,빌폴라리스,압구정로79길 76,,,
11680,11680-3871,래미안그레이튼,도곡로43길 20,A13579505,도곡로43길 20,원문 일치
11680,11680-3879,도곡지웰카운티101동,남부순환로373길 3,,,
11680,11680-3881,청담파라곤Ⅱ2단지,선릉로190길 68,,,
11680,11680-3899,마크힐스이스트윙,영동대로142길 19,,,
11680,11680-39,삼호빌라A동,도산대로83길 43,,,
11680,11680-3905,래미안그레이튼(진달래2차),도곡로43길 21,A13508011,도곡로43길 21,원문 일치
11680,11680-391,개포주공5단지,삼성로4길 17,A13599402,삼성로4길 17,원문 일치
11680,11680-392,동부센트레빌,언주로116길 6,A13583301,언주로116길 6,원문 일치
11680,11680-3923,삼성동신도브래뉴,삼성로103길 12,,,
11680,11680-394,풍림아이원아파트,역삼로 436,,,
11680,11680-3946,청담4차이-편한세상,학동로73길 33,,,
11680,11680-395,풍림아이원1차103동(910-5),역삼로 438,,,
11680,11680-3953,세곡리엔파크(3단지),헌릉로590길 11,A13519003,헌릉로590길 11,원문 일치
11680,11680-3958,이산,논현로111길 34,,,
11680,11680-396,풍림아이원2차202동,역삼로74길 8,,,
11680,11680-3962,도곡쌍용예가,남부순환로363길 30,A13527019,남부순환로363길 30,원문 일치
11680,11680-3964,강남신동아파밀리에2단지,헌릉로590길 10,A13519002,헌릉로590길 10,원문 일치
11680,11680-3965,강남신동아파밀리에1단지,헌릉로590길 100,A13519001,헌릉로590길 100,원문 일치
11680,11680-3981,상지리츠빌카일룸(1009-4),도곡로 603,,,
11680,11680-399,롯데캐슬모닝,도곡로14길 12,,,
11680,11680-40,삼호빌라씨동,도산대로83길 55,,,
11680,11680-400,금호어울림,봉은사로111길 25,B11680046,봉은사로111길 25,변형 3 적용 후 일치
11680,11680-4003,강남데시앙파크,헌릉로590길 63,A13519005,헌릉로590길 63,원문 일치
11680,11680-4004,청담자이,영동대로138길 12,A13510007,영동대로138길 12,원문 일치
11680,11680-401,미켈란107,영동대로 602,,,
11680,11680-402,아셈,영동대로112길 22,,,
11680,11680-403,쌍용플래티넘,봉은사로 474,,,
11680,11680-4036,대명벨리온,역삼로25길 27,,,
11680,11680-404,포스코트,봉은사로 510,,,
11680,11680-4050,강남서해그랑블,논현로63길 16,,,
11680,11680-4069,요진와이시티미니,역삼로25길 21,,,
11680,11680-407,삼부아그레빌,영동대로114길 63,,,
11680,11680-4082,상지리츠빌카일룸(65-4),삼성로 636,,,
11680,11680-4084,개나리SK뷰,역삼로 315-1,A13579506,역삼로 315-1,원문 일치
11680,11680-4090,세곡푸르지오,자곡로 21,A13519006,자곡로 21,원문 일치
11680,11680-4096,논현라폴리움,학동로46길 32,,,
11680,11680-41,삼환(101동),학동로77길 49,A13510201,학동로77길 49,원문 일치
11680,11680-410,역삼르비앙1,도곡로11길 13,,,
11680,11680-411,금호어울림,도곡로7길 22,A13591402,도곡로7길 22,원문 일치
11680,11680-412,영풍마드레빌,학동로63길 13,,,
11680,11680-4129,EGSoulLeader,테헤란로14길 34,,,
11680,11680-415,"현대1차(12,13,21,22,31,32,33동)",압구정로29길 71,A13589802,압구정로29길 71,원문 일치
11680,11680-416,"현대2차(10,11,20,23,24,25동)",압구정로29길 71,A13589802,압구정로29길 71,원문 일치
11680,11680-417,현대3차(61~64동),압구정로39길 58,,,
11680,11680-4173,래미안도곡카운티,도곡로 320,A13585404,도곡로 320,원문 일치
11680,11680-418,현대4차저층(51~56동),압구정로33길 70,,,
11680,11680-419,"현대5차(71,72동)",압구정로29길 68,,,
11680,11680-4197,삼성동라테라스,봉은사로 645,,,
11680,11680-4199,강남엘에이치1단지,헌릉로571길 20,A13519007,헌릉로571길 20,원문 일치
11680,11680-420,"현대6차(78~81,83,84,86,87동)",압구정로 201,,,
11680,11680-4202,한양수자인어반게이트,봉은사로29길 35,,,
11680,11680-421,"현대7차(73~77,82,85동)",압구정로 201,,,
11680,11680-4218,엘에이치삼성도시형생활주택,영동대로112길 46,,,
11680,11680-422,현대8차(성수현대:91~95동),압구정로 309,A13511201,압구정로 309,원문 일치
11680,11680-423,신현대9차,압구정로 151,A13511004,압구정로 151,원문 일치
11680,11680-424,"현대10차(201,202동)",압구정로29길 69,A13511101,압구정로29길 69,원문 일치
11680,11680-425,신현대11차,압구정로 151,A13511004,압구정로 151,원문 일치
11680,11680-426,신현대12차,압구정로 151,A13511004,압구정로 151,원문 일치
11680,11680-427,현대13차(208~211동),압구정로29길 23,,,
11680,11680-428,"현대14차(203,204,205,206동)",압구정로29길 57,,,
11680,11680-4284,청담신원아침도시마인,도산대로85길 30,,,
11680,11680-4291,래미안청담로이뷰,영동대로142길 16,A13510009,영동대로142길 16,원문 일치
11680,11680-4292,청담아이파크,영동대로142길 25,A10025280,영동대로142길 25,원문 일치
11680,11680-4293,래미안대치하이스턴,도곡로93길 12,A13528007,도곡로93길 12,원문 일치
11680,11680-4296,테헤란아이파크,테헤란로52길 16,A13508012,테헤란로52길 16,원문 일치
11680,11680-4297,래미안포레,밤고개로21길 25,A13520001,밤고개로21길 25,원문 일치
11680,11680-4298,강남한양수자인(4단지),자곡로 260,A13520002,자곡로 260,원문 일치
11680,11680-431,비쥬힐,학동로21길 23,,,
11680,11680-4317,이스턴오피스텔,테헤란로14길 13,,,
11680,11680-4319,래미안강남힐즈,자곡로 101,A13520003,자곡로 101,원문 일치
11680,11680-432,지고하임(101동),학동로9길 21,,,
11680,11680-4324,강남데시앙포레,광평로34길 55,A13552002,광평로34길 55,원문 일치
11680,11680-433,필로스(193-45),남부순환로381길 57,,,
11680,11680-4332,강남자곡아이파크,자곡로 175,A10028172,자곡로 175,원문 일치
11680,11680-434,LG선릉에클라트(A),선릉로100길 42,,,
11680,11680-4341,강남브리즈힐(토지임대부아파트),자곡로3길 45,A13520004,자곡로3길 45,원문 일치
11680,11680-435,우성리빙텔,언주로30길 27,,,
11680,11680-4356,아크로힐스논현,언주로 604,A13501006,언주로 604,원문 일치
11680,11680-4359,청담아르지움,삼성로135길 15,,,
11680,11680-436,연세리버테라스,선릉로190길 64,,,
11680,11680-4364,청담스위트,학동로73길 13,,,
11680,11680-4375,강남자곡 힐스테이트,자곡로3길 21,A10027985,자곡로3길 21,원문 일치
11680,11680-439,은탑리더스카운티,학동로9길 15,,,
11680,11680-4394,래미안대치팰리스,삼성로51길 35,,,
11680,11680-4398,강남한신휴플러스6단지,밤고개로26길 50,A10027912,밤고개로26길 50,원문 일치
11680,11680-4399,강남한신휴플러스8단지,밤고개로27길 20,,,
11680,11680-441,요진보네르,학동로5길 20,,,
11680,11680-442,월드쉐르빌,강남대로124길 51,,,
11680,11680-444,논현아트빌,논현로124길 7,,,
11680,11680-447,한양팰리스,삼성로61길 9,,,
11680,11680-4474,한라비발디,남부순환로365길 33,A10027319,남부순환로365길 33,원문 일치
11680,11680-449,상지리츠빌,개포로 405,,,
11680,11680-450,신동아빌라트,도산대로81길 61,,,
11680,11680-4510,강남 더샵 포레스트,광평로34길 35,A10027446,광평로34길 35,원문 일치
11680,11680-4515,역삼자이,언주로 420,A10027474,언주로 420,원문 일치
11680,11680-452,우찬,압구정로18길 14-12,,,
11680,11680-454,청담파크빌,학동로 437-5,,,
11680,11680-4542,현대썬앤빌테헤란,삼성로85길 33,,,
11680,11680-4584,더갤러리파크,영동대로141길 14,,,
11680,11680-459,프리마빌,역삼로25길 17,,,
11680,11680-46,상지리츠빌6,도산대로85길 52,,,
11680,11680-461,노블스위트,역삼로19길 14,,,
11680,11680-463,노블카운티,도곡로19길 13,,,
11680,11680-4637,대치SKVIEW,삼성로51길 25,A10026924,삼성로51길 25,원문 일치
11680,11680-4643,청담디에브스아파트,도산대로92길 28,,,
11680,11680-4653,청담린든그로브,학동로97길 51,,,
11680,11680-4655,프리빌리지,언주로81길 28,,,
11680,11680-4667,동원스위트뷰역삼,역삼로19길 25,,,
11680,11680-467,지고하임(102동),강남대로136길 40,,,
11680,11680-469,마블하우스,봉은사로51길 36,,,
11680,11680-47,신동아,학동로105길 30,A10025755,학동로105길 30,원문 일치
11680,11680-470,타워팰리스3,언주로30길 26,A13585403,언주로30길 26,원문 일치
11680,11680-471,하이페리온,도곡로4길 31,,,
11680,11680-4718,삼성동센트럴아이파크,삼성로 629,A10026350,삼성로 629,원문 일치
11680,11680-472,아이파크,영동대로 640,A13509009,영동대로 640,원문 일치
11680,11680-473,동양파라곤,언주로130길 30,A13501001,언주로130길 30,원문 일치
11680,11680-4730,더원센트럴,학동로53길 3-8,,,
11680,11680-474,대우유로카운티,도산대로92길 10,A13510003,도산대로92길 10,원문 일치
11680,11680-4756,라테라스청담,학동로81길 9,,,
11680,11680-476,대우로얄카운티2,도산대로81길 26,,,
11680,11680-4763,이지마루역삼,테헤란로27길 8-14,,,
11680,11680-477,리더스,논현로2길 62,,,
11680,11680-4780,래미안 개포 루체하임,개포로110길 50,A10025823,개포로110길 50,원문 일치
11680,11680-479,포이벨리,양재대로 379,,,
11680,11680-4800,래미안블레스티지,선릉로 8,A10025675,선릉로 8,원문 일치
11680,11680-4802,효성빌라청담101(B동),압구정로71길 28,,,
11680,11680-481,한보미도맨션2,삼성로 150,A13528004,삼성로 150,원문 일치
11680,11680-483,청담그랑빌,학동로77길 5,,,
11680,11680-485,진흥아마란스,언주로157길 23,,,
11680,11680-4850,디에이치아너힐즈,삼성로 11,A10025203,삼성로 11,원문 일치
11680,11680-4862,청담어퍼하우스,학동로81길 28,,,
11680,11680-4863,강남웅진베어스빌,도곡로 113,,,
11680,11680-4871,BRUNNEN청담,도산대로99길 68,,,
11680,11680-49,씨티2차(202동),선릉로190길 90,,,
11680,11680-490,역삼예명,봉은사로34길 53,,,
11680,11680-4909,PH129,압구정로79길 88,,,
11680,11680-4911,논현아이파크,언주로 615,,,
11680,11680-4914,에비뉴나인티,도산대로59길 24,,,
11680,11680-4929,개포래미안포레스트,개포로 264,A10024564,개포로 264,원문 일치
11680,11680-493,역삼우정에쉐르2,테헤란로48길 10,,,
11680,11680-494,우정에쉐르멤버스,선릉로87길 14,,,
11680,11680-4949,디에이치포레센트,개포로110길 38,A10024258,개포로110길 38,원문 일치
11680,11680-4957,시티프라디움더강남201동,언주로 555,,,
11680,11680-4958,시티프라디움더강남101동,언주로 557,,,
11680,11680-496,브라운스톤역삼,역삼로 171,,,
11680,11680-498,상지리츠빌(2호라인),언주로 322,,,
11680,11680-4988,디에이치자이개포,영동대로 22,A10024216,영동대로 22,원문 일치
11680,11680-4994,펜트힐루논현,언주로 641,,,
11680,11680-50,씨티2차(201동),선릉로190길 92,,,
11680,11680-500,경일역삼,논현로72길 32,,,
11680,11680-5002,브르넨삼성,영동대로122길 2,,,
11680,11680-5004,래미안라클래시,삼성로 651,A10024131,삼성로 651,원문 일치
11680,11680-5005,대치르엘,도곡로93길 23,A10024102,도곡로93길 23,원문 일치
11680,11680-5015,개포더샵트리에,개포로 311,,,
11680,11680-5027,한양립스,선릉로92길 37-4,,,
11680,11680-503,강남역우정에쉐르,테헤란로10길 10,,,
11680,11680-504,역삼동우정에쉐르1,테헤란로4길 32,,,
11680,11680-5042,효성빌라청담101(2차),압구정로75길 27,,,
11680,11680-5045,도곡루아르,도곡로 128,,,
11680,11680-505,개포자이,개포로109길 69,A13593901,개포로109길 69,원문 일치
11680,11680-5056,강남센트럴아이파크,테헤란로44길 26,A10023825,테헤란로44길 26,원문 일치
11680,11680-5065,브라이튼N40,논현로131길 44,,,
11680,11680-507,삼성동중앙하이츠빌리지,학동로68길 30,A13550701,학동로68길 30,원문 일치
11680,11680-508,SM드림빌,봉은사로61길 34,,,
11680,11680-5083,대치더클래스,삼성로51길 10-14,,,
11680,11680-509,대우멤버스카운티201,봉은사로57길 37,,,
11680,11680-5100,개포자이르네,언주로7길 6,,,
11680,11680-511,그라나다,선릉로112길 74,,,
11680,11680-5114,펜트힐캐스케이드,언주로 720,,,
11680,11680-513,삼성리치빌1,학동로82길 6,,,
11680,11680-518,삼성오네뜨,테헤란로79길 42,,,
11680,11680-519,삼성동대성유니드,테헤란로77길 26,A10024435,테헤란로77길 26,원문 일치
11680,11680-521,이안애2차,테헤란로77길 27,,,
11680,11680-522,LG선릉에클라트(B),테헤란로63길 12,A13587603,테헤란로63길 12,원문 일치
11680,11680-5235,개포자이프레지던스,삼성로 14,A10023348,삼성로 14,원문 일치
11680,11680-525,미켈란147,봉은사로 516,,,
11680,11680-5251,대치푸르지오써밋,삼성로72길 12,A10023162,삼성로72길 12,원문 일치
11680,11680-5257,아츠논현,언주로 624,,,
11680,11680-526,아름빌(889-74),선릉로86길 11,,,
11680,11680-5267,에테르노청담,도산대로85길 50-13,,,
11680,11680-5268,디에이치퍼스티어아이파크,개포로 310,,,
11680,11680-527,대치동우정에쉐르2(890-42),테헤란로68길 15,,,
11680,11680-5271,대치푸르지오발라드,개포로 407,,,
11680,11680-5272,원에디션강남,언주로 563,A10022749,언주로 563,원문 일치
11680,11680-528,선릉역대우아이빌(890-49),테헤란로64길 9,,,
11680,11680-529,테헤란로대우아이빌(891-6),테헤란로 428,A13528005,테헤란로 428,원문 일치
11680,11680-5291,도곡월드메르디앙아파트,도곡로18길 59,,,
11680,11680-530,대우아이빌명문가(891-23),선릉로90길 56,A13528001,선릉로90길 56,원문 일치
11680,11680-531,대우아이빌멤버스(891-26),삼성로85길 42,,,
11680,11680-532,포스코더샵,삼성로 417,A13584101,삼성로 417,원문 일치
11680,11680-533,동민맥스빌A동,선릉로62길 38,,,
11680,11680-534,동민맥스빌B동,도곡로69길 7,,,
11680,11680-539,풍림아이원4차(1007-2),영동대로 330-7,,,
11680,11680-544,청림빌,논현로153길 42,,,
11680,11680-547,현대아인빌,압구정로22길 29,,,
11680,11680-548,압구정케이씨씨(622-1),언주로167길 9,,,
11680,11680-549,압구정하이츠파크,압구정로42길 78,A10028094,압구정로42길 78,원문 일치
11680,11680-551,마일스디오빌,학동로 165,A13501002,학동로 165,원문 일치
11680,11680-553,케이씨빌,선릉로137길 20,,,
11680,11680-554,한진로즈힐,도산대로46길 21,,,
11680,11680-556,제이빌,학동로43길 30,,,
11680,11680-558,두산위브1단지,학동로46길 38,,,
11680,11680-559,두산위브2단지,언주로122길 25,,,
11680,11680-560,대우디오빌,강남대로 256,A13527001,강남대로 256,원문 일치
11680,11680-566,아카데미스위트1,언주로30길 21,A13527011,언주로30길 21,원문 일치
11680,11680-567,현대아이리스1,도곡로6길 14,,,
11680,11680-568,뉴현대,압구정로18길 14-14,,,
11680,11680-570,청담대우멤버스카운티7차,도산대로85길 50-14,,,
11680,11680-574,청담대우멤버스카운티9차,도산대로99길 28-7,,,
11680,11680-576,청담대우멤버스카운티12차,도산대로99길 30,,,
11680,11680-578,개포주공7단지,개포로 516,,,
11680,11680-580,대치동우정에쉐르1,삼성로85길 38,,,
11680,11680-581,리치타운,개포로28길 28,,,
11680,11680-582,힐타워,강남대로132길 26,,,
11680,11680-584,토미,논현로158길 17,,,
11680,11680-589,울트라멤버스,남부순환로381길 25,,,
11680,11680-59,연세청담파크빌,삼성로140길 35,,,
11680,11680-591,상지리츠빌9차,압구정로77길 27,,,
11680,11680-592,우성아파트,삼성로147길 22,,,
11680,11680-594,역삼엔스위트102동,언주로103길 14,,,
11680,11680-595,우정에쉐르3,언주로86길 25,,,
11680,11680-598,삼성월드타워,학동로 408,,,
11680,11680-599,우림루미아트,봉은사로81길 8,,,
11680,11680-601,동부센트레빌,선릉로 206,A13528103,선릉로 206,원문 일치
11680,11680-602,하이캐슬102동,삼성로64길 36,,,
11680,11680-61,청담힐(에이동)진도(비동),압구정로77길 36,,,
11680,11680-62,진흥아파트,학동로 513,,,
11680,11680-65,청담건영,도산대로89길 49,A13576201,도산대로89길 49,원문 일치
11680,11680-663,에벤에셀빌라트,언주로104길 35,,,
11680,11680-664,우림루미아트2,언주로90길 4,,,
11680,11680-665,우림루미아트1,언주로90길 6,,,
11680,11680-666,진넥스빌2,언주로86길 7,,,
11680,11680-6668,역삼센트럴아파트,봉은사로26길 27,,,
11680,11680-6669,아크로삼성,영동대로128길 15,,,
11680,11680-6671,도곡더써밋타워,강남대로42길 19,,,
11680,11680-668,대우디오빌플러스,강남대로84길 33,A13508003,강남대로84길 33,원문 일치
11680,11680-67,청담로얄카운티,도산대로83길 27,,,
11680,11680-670,새롬(1164-12),논현로2길 34,,,
11680,11680-671,새롬(1164-13),논현로2길 36,,,
11680,11680-672,새롬(1164-14),논현로2길 38,,,
11680,11680-673,뉴현대파크빌,논현로2길 61-4,,,
11680,11680-674,포이현대빌라트,논현로4길 50,,,
11680,11680-675,아노스카운트빌라트,도산대로61길 13,,,
11680,11680-678,청담8차상지리츠빌,도산대로83길 22,,,
11680,11680-681,삼부아파트(101동),봉은사로111길 26,,,
11680,11680-682,대치한신휴플러스,선릉로76길 12,,,
11680,11680-683,대치타워,삼성로71길 11-8,,,
11680,11680-685,동양,선릉로72길 10-7,,,
11680,11680-686,한티(933-0),도곡로73길 18,,,
11680,11680-687,청원,도곡로69길 16,,,
11680,11680-689,대치하나빌,삼성로57길 37-5,,,
11680,11680-699,논현동한화꿈에그린,논현로111길 39,,,
11680,11680-705,그랜빌캐슬,남부순환로379길 35,,,
11680,11680-706,PLUMHILLS,남부순환로373길 26,,,
11680,11680-708,대명비발디,도곡로6길 18,,,
11680,11680-712,도곡그린빌,강남대로44길 24,,,
11680,11680-713,하야트빌,논현로159길 56,,,
11680,11680-717,논현동프라임,논현로113길 5,,,
11680,11680-73,청담우방아파트,학동로 409,,,
11680,11680-78,청담현대3차아파트,도산대로101길 29,A13510102,도산대로101길 29,원문 일치
11680,11680-82,현대아파트(75-1),학동로87길 7,,,
11680,11680-83,현대아파트,선릉로 748,A13510202,선릉로 748,원문 일치
11680,11680-84,현대빌라(43-1),선릉로132길 42,,,
11680,11680-87,청담동현대빌라트,도산대로83길 36,,,
11680,11680-89,현대한강빌라,도산대로85길 56,,,
11680,11680-9,신성아파트101동,언주로167길 15,,,
11680,11680-90,호원빌라,압구정로75길 15,,,
11680,11680-97,청담매스터빌,도산대로81길 69,,,
11680,11680-98,청담대림이-편한세상,학동로77길 27,A13510006,학동로77길 27,원문 일치
11680,11680-99,이니그마빌2,도산대로61길 19,,,
11710,11710-1,갑을,한가람로 414,,,
11710,11710-10,신성노바빌아파트,한가람로 468,A13887301,한가람로 468,원문 일치
11710,11710-100,옥산크리스탈,위례성대로14길 11,,,
11710,11710-101,올림픽베어스타운1,위례성대로 58,,,
11710,11710-102,올림픽선수기자촌3단지,양재대로 1218,A13805002,양재대로 1218,원문 일치
11710,11710-105,우광아파트,백제고분로50길 7-18,,,
11710,11710-106,은성아파트,오금로19길 33,,,
11710,11710-107,인택스빌,오금로27길 16,,,
11710,11710-108,인택스빌3차,위례성대로18길 15,,,
11710,11710-109,인텍스빌,오금로27길 43,,,
11710,11710-11,신아,토성로 13,,,
11710,11710-110,코오롱아파트,오금로31길 27,A13883602,오금로31길 27,원문 일치
11710,11710-111,태평양파크1,위례성대로 102,,,
11710,11710-112,한솔빌라트,위례성대로 50,,,
11710,11710-113,한양3,양재대로 1089,A13883601,양재대로 1089,원문 일치
11710,11710-114,해태그린피아빌라트,위례성대로 38,,,
11710,11710-117,현대빌라(208-19),위례성대로16길 31,,,
11710,11710-118,현대월드빌리지,위례성대로16길 8,,,
11710,11710-119,현대주상복합,오금로11길 55,,,
11710,11710-12,쌍용,올림픽로47길 12,,,
11710,11710-121,다성파크뷰,중대로35길 9,,,
11710,11710-122,대림,위례성대로 176,A13813008,위례성대로 176,원문 일치
11710,11710-123,삼성,문정로 197,A13813003,문정로 197,원문 일치
11710,11710-124,상아2차아파트,오금로 407,A13886009,오금로 407,원문 일치
11710,11710-126,영풍,마천로 204,,,
11710,11710-127,우방,성내천로 87,A13813002,성내천로 87,원문 일치
11710,11710-128,우송그린,성내천로 28,,,
11710,11710-129,우창,동남로24길 6,A13813005,동남로24길 6,원문 일치
11710,11710-13,씨티극동1,한가람로 478,A13804003,한가람로 478,원문 일치
11710,11710-130,현대(2-4차),오금로35길 17,A13813010,오금로35길 17,원문 일치
11710,11710-131,현대백조,양재대로72길 15,A13813006,양재대로72길 15,원문 일치
11710,11710-13134,힐스테이트e편한세상문정,송이로31길 20,A10022403,송이로31길 20,원문 일치
11710,11710-13145,잠실더샵루벤,송이로12길 11,,,
11710,11710-13191,잠실르엘,올림픽로 333,A10020230,올림픽로 333,원문 일치
11710,11710-13198,힐트리움송파,오금로53길 30,,,
11710,11710-132,반석블레스빌,동남로23가길 20,,,
11710,11710-133,거여1단지,양산로8길 8,A13811206,양산로8길 8,원문 일치
11710,11710-134,거여2단지효성아파트,양산로8길 24,A13811202,양산로8길 24,원문 일치
11710,11710-136,거여4단지,양산로4길 8,A13811203,양산로4길 8,원문 일치
11710,11710-137,거여5단지,양산로4길 16,A13811205,양산로4길 16,원문 일치
11710,11710-139,보화2차,오금로68길 33,,,
11710,11710-14,연지토성,강동대로9길 20,,,
11710,11710-140,삼호아파트,거마로9길 19,,,
11710,11710-141,성동레인보우,거마로15길 12,,,
11710,11710-142,우방1,오금로56길 16,A13881601,오금로56길 16,원문 일치
11710,11710-143,현대1차,오금로54길 10,A13881603,오금로54길 10,원문 일치
11710,11710-144,현대2차,오금로61길 20,A13881401,오금로61길 20,원문 일치
11710,11710-145,현대3차,거마로 41,A13881302,거마로 41,원문 일치
11710,11710-146,마천금호어울림1차아파트,성내천로 245,A13812003,성내천로 245,원문 일치
11710,11710-147,마천대성,성내천로34길 8,,,
11710,11710-148,마천동금호타운1,마천로57길 16,A13812002,마천로57길 16,원문 일치
11710,11710-149,삼익1,성내천로 236,,,
11710,11710-150,성영,마천로35길 6,,,
11710,11710-151,신동아,성내천로21길 11,,,
11710,11710-152,씨티,마천로 232,,,
11710,11710-153,아남,마천로35길 18,,,
11710,11710-154,한보1,마천로51길 25,,,
11710,11710-155,현대그린빌,마천로 315,,,
11710,11710-156,우방아파트,성내천로 211,A13812004,성내천로 211,원문 일치
11710,11710-157,신동아예지움,백제고분로12길 27,,,
11710,11710-158,아시아선수촌아파트,올림픽로4길 15,A13822701,올림픽로4길 15,원문 일치
11710,11710-159,우성아파트,올림픽로4길 42,A13822702,올림픽로4길 42,원문 일치
11710,11710-16,토성현대,풍성로14길 19,,,
11710,11710-160,우성4차,백제고분로18길 30,A13822902,백제고분로18길 30,원문 일치
11710,11710-164,주공아파트 5단지,송파대로 567,A13879102,송파대로 567,원문 일치
11710,11710-165,현대,백제고분로18길 7,A13886701,백제고분로18길 7,원문 일치
11710,11710-168,잠실시그마타워,올림픽로 289,,,
11710,11710-169,잠실아이스페이스,오금로 58,,,
11710,11710-17,한강극동,토성로 38-6,A13804206,토성로 38-6,원문 일치
11710,11710-170,장미1,올림픽로35길 104,A13824005,올림픽로35길 104,원문 일치
11710,11710-171,장미3,올림픽로35길 94,A13872504,올림픽로35길 94,원문 일치
11710,11710-174,한빛웰리스,송파대로 562,,,
11710,11710-175,한신잠실코아,올림픽로35가길 11,A13824003,올림픽로35가길 11,원문 일치
11710,11710-176,현대타워,올림픽로 293-19,,,
11710,11710-177,장미2,올림픽로35길 104,A13824005,올림픽로35길 104,원문 일치
11710,11710-178,씨티빌,중대로23길 11,,,
11710,11710-179,sk파크타워,오금로 396,,,
11710,11710-18,현대1,올림픽로 525,A13804004,올림픽로 525,원문 일치
11710,11710-181,쌍용노블래스,오금로36길 42,,,
11710,11710-182,카나피아Ⅱ,양재대로64길 43,,,
11710,11710-185,금호어울림,오금로56길 28,,,
11710,11710-186,씨티빌,성내천로23길 11,,,
11710,11710-187,솔렌시아,마천로 234,,,
11710,11710-189,성해,송이로 186,,,
11710,11710-19,현대리버빌1지구,토성로 37,A13887405,토성로 37,원문 일치
11710,11710-190,그랜빌캐슬,새말로 97-1,,,
11710,11710-192,올림픽카운티,백제고분로 497,,,
11710,11710-193,동신,백제고분로32길 26-20,,,
11710,11710-195,금강KCC,송이로 27-1,,,
11710,11710-198,다성이즈빌클래식,성내천로 36,,,
11710,11710-199,매그놀리아(1차),중대로 292,,,
11710,11710-2,강변현대,한가람로 402,,,
11710,11710-20,현대리버빌2지구,풍성로24길 42,A13887403,풍성로24길 42,원문 일치
11710,11710-200,롯데캐슬,중대로 121,,,
11710,11710-201,아키죤II,송파대로24길 5-11,,,
11710,11710-204,뉴타운,성내천로34길 7-22,,,
11710,11710-205,산성,성내천로43바길 35-3,,,
11710,11710-206,메트로IV,송이로36길 66,,,
11710,11710-207,미소로,송이로36길 62-6,,,
11710,11710-208,프라임,송이로 188,,,
11710,11710-209,주성파크뷰,새말로5길 27,,,
11710,11710-21,각산,송이로 36,,,
11710,11710-211,서경아파트,오금로23길 8-16,,,
11710,11710-212,세원아파트,위례성대로8길 13,,,
11710,11710-213,광남,백제고분로50길 14,,,
11710,11710-215,서원파인뷰(102동),송파대로37길 120,,,
11710,11710-217,신부파스카빌,석촌호수로18길 8-72,,,
11710,11710-22,경남레이크파크,석촌호수로 268,,,
11710,11710-220,여흥레이크빌,석촌호수로 278,,,
11710,11710-221,위례캐스빌,가락로 165,,,
11710,11710-224,아키스,마천로 121,,,
11710,11710-226,명성화인캐슬,동남로30길 16,,,
11710,11710-227,e지브로,양재대로66길 29,,,
11710,11710-228,대우레이크월드,석촌호수로 298,,,
11710,11710-229,배명씨앤디,송파대로37길 132,,,
11710,11710-231,석촌,삼학사로8길 13,,,
11710,11710-232,쌍용스윗닷홈(104동),송이로19길 15,A13895502,송이로19길 15,원문 일치
11710,11710-233,보미리즌빌(101동),가락로36길 5-24,,,
11710,11710-234,쌍용스윗닷홈(105동),송이로17길 10,,,
11710,11710-235,오륜파크빌,양재대로72길 52,,,
11710,11710-236,아름빌,새말로6길 27,,,
11710,11710-238,블레스,거마로8길 23,,,
11710,11710-239,쌍용스윗닷홈1단지,양재대로72길 42,,,
11710,11710-24,미성맨션,오금로32길 10,A13885303,오금로32길 10,원문 일치
11710,11710-240,노블레스카운티,위례성대로 196,,,
11710,11710-243,에스-탑,백제고분로44길 13-18,,,
11710,11710-244,경일,가락로31길 19,,,
11710,11710-246,현대(201),가락로3길 3-11,,,
11710,11710-248,우정에쉐르,중대로23길 20,,,
11710,11710-249,동일씨티빌,양재대로66길 43,,,
11710,11710-250,한화오벨리스크,중대로 127,A13895503,중대로 127,원문 일치
11710,11710-251,주성드림펠리스,오금로 336,,,
11710,11710-252,동궁리치웰1,오금로44가길 7-21,,,
11710,11710-253,동궁리치웰문정(102),송파대로22길 4-20,,,
11710,11710-255,세양청마루,송이로31길 66,A13820002,송이로31길 66,원문 일치
11710,11710-256,그린파크빌아파트,올림픽로32길 39-27,,,
11710,11710-257,부광,올림픽로32길 57-18,,,
11710,11710-258,서림올림피아드,가락로34길 5-25,,,
11710,11710-259,주함위너스Ⅱ,백제고분로50길 20,,,
11710,11710-26,송파삼성래미안아파트,오금로32길 14,A13877501,오금로32길 14,원문 일치
11710,11710-260,주함위너스Ⅰ,백제고분로50길 22,,,
11710,11710-262,(185-5),양재대로71길 2-11,,,
11710,11710-263,신구블레스밸리,위례성대로12길 25,,,
11710,11710-264,노블하우스1,위례성대로22나길 9,,,
11710,11710-265,르네상스빌,오금로 307,,,
11710,11710-266,매그놀리아(2차),중대로 290,,,
11710,11710-267,한두리,마천로 193,,,
11710,11710-268,대영무지개1,거마로9길 37,,,
11710,11710-27,가락삼익맨숀,오금로32길 5,A13885306,오금로32길 5,원문 일치
11710,11710-270,천마그랑밸리,성내천로29길 28,,,
11710,11710-272,가락현대투웰브(101동),동남로14길 21,,,
11710,11710-273,기영,마천로51길 27,,,
11710,11710-274,동구햇살,성내천로 266,,,
11710,11710-275,주성아트빌,송파대로20길 12,,,
11710,11710-276,가락현대투웰브(102동),동남로14길 23,,,
11710,11710-277,동궁리치웰(69-3),새말로5길 3,,,
11710,11710-278,온누리,백제고분로46길 8-23,,,
11710,11710-28,성지,송이로12길 11,,,
11710,11710-280,잠실포스코더샵,백제고분로 188,,,
11710,11710-281,갤러리아팰리스,올림픽로 212,A13822301,올림픽로 212,원문 일치
11710,11710-282,문정래미안,문정로 83,A13820006,문정로 83,원문 일치
11710,11710-283,동궁리치웰문정(101),송파대로22길 4-16,,,
11710,11710-284,원진아뜨리에,백제고분로50길 29-23,,,
11710,11710-285,도무스빌,위례성대로 42,,,
11710,11710-286,인택파크랜드,양재대로71길 2-27,,,
11710,11710-287,AQUADCASAS,오금로31길 15-5,,,
11710,11710-289,현대홈타운스위트105,위례성대로12길 31-11,,,
11710,11710-29,SK,송이로 50,A10028083,송이로 50,원문 일치
11710,11710-290,현대홈타운스위트103,위례성대로12길 31-23,,,
11710,11710-291,현대홈타운스위트102,위례성대로12길 31-15,,,
11710,11710-292,현대홈타운스위트104,위례성대로12길 31-27,,,
11710,11710-293,월드,송파대로37길 24,,,
11710,11710-295,동부화이트빌(2동),송파대로14길 11,,,
11710,11710-296,정산파크뷰,양재대로68길 9,,,
11710,11710-297,동원아이파크,삼전로4길 4-12,,,
11710,11710-298,"가락3차쌍용스윗닷홈101동,102동",송이로21길 23,,,
11710,11710-299,가락3차쌍용스윗닷홈(103동),송이로19길 12-3,,,
11710,11710-3,극동,올림픽로45길 11,A13804001,올림픽로45길 11,원문 일치
11710,11710-30,한양아파트,가락로 187,A13885102,가락로 187,원문 일치
11710,11710-300,두산위브,송파대로30길 16,,,
11710,11710-302,청솔,송이로23길 30-19,,,
11710,11710-303,송파동부쎈트레빌,송파대로37길 29,A13816101,송파대로37길 29,원문 일치
11710,11710-31,2차한양아파트,가락로 192,A13885304,가락로 192,원문 일치
11710,11710-32,현대,오금로32길 42,A13885301,오금로32길 42,원문 일치
11710,11710-33,현대레이크빌1,석촌호수로 284,,,
11710,11710-34,호수,백제고분로45길 27,,,
11710,11710-35,호수임광,송파대로48길 29,A13817101,송파대로48길 29,원문 일치
11710,11710-358,삼형아파트,새말로 139,,,
11710,11710-359,선경쉐르빌(106-15),송이로30길 25,,,
11710,11710-36,힐스빌,백제고분로44길 64,,,
11710,11710-360,선경쉐르빌(106-23),송이로30길 23,,,
11710,11710-363,문정그린,송이로 264,,,
11710,11710-37,송파,송파대로36길 5-8,,,
11710,11710-39,예명,송파대로37길 80,,,
11710,11710-4,대동1,풍성로15길 10,A10024379,풍성로15길 10,원문 일치
11710,11710-40,잠실한솔,백제고분로 348,A13819001,백제고분로 348,원문 일치
11710,11710-41,현대1,백제고분로22길 39,,,
11710,11710-418,칼라,올림픽로45길 26,,,
11710,11710-42,가락쌍용(2차),송이로15길 31,A13880105,송이로15길 31,원문 일치
11710,11710-420,한양,삼전로4길 4-28,,,
11710,11710-422,카나피아,오금로34길 57,,,
11710,11710-425,아키죤아파트1동,송파대로24길 5-13,,,
11710,11710-426,프라임,동남로11길 21,,,
11710,11710-428,대련,동남로20길 3,,,
11710,11710-429,주성파크빌,오금로44가길 7,,,
11710,11710-43,현대파크빌,중대로 174,,,
11710,11710-430,금홍해오름,오금로44가길 7-25,,,
11710,11710-431,우민-늘푸른아파트,문정로 167,,,
11710,11710-432,동구햇살,문정로13길 7,,,
11710,11710-433,보라뷰,송이로30길 37,,,
11710,11710-434,대림미소나눔,송이로36길 42-10,,,
11710,11710-435,윈저하우스,마천로 12,,,
11710,11710-436,혜성공원(101동),동남로23가길 36,,,
11710,11710-438,청솔,오금로 550,,,
11710,11710-44,가락우성2,중대로12길 35,A13880602,중대로12길 35,원문 일치
11710,11710-441,한양파크뷰,송이로 14,,,
11710,11710-442,동승,백제고분로32길 18,,,
11710,11710-445,한성나이스빌,마천로 16,,,
11710,11710-46,그린아파트,양재대로68길 3-21,,,
11710,11710-47,극동,동남로18길 9,A13816202,동남로18길 9,원문 일치
11710,11710-49,가락금호아파트,송파대로32길 15,A13880407,송파대로32길 15,원문 일치
11710,11710-5,대아(제101상가동),풍성로 52,,,
11710,11710-50,대림,송이로 88,A13880204,송이로 88,원문 일치
11710,11710-51,동부센트레빌,송파대로32길 33,A13816002,송파대로32길 33,원문 일치
11710,11710-52,동부썬빌,중대로 101,,,
11710,11710-53,가락미륭아파트,동남로11길 4,A13880701,동남로11길 4,원문 일치
11710,11710-54,삼성프라자,오금로44길 10,,,
11710,11710-55,삼환,오금로 432,A13881103,오금로 432,원문 일치
11710,11710-5571,잠실월드메르디앙,올림픽로 74,,,
11710,11710-5589,롯데캐슬골드,올림픽로 269,A13872502,올림픽로 269,원문 일치
11710,11710-5598,레이크해모로,오금로 126,,,
11710,11710-5607,로쟌뷰,석촌호수로 188,,,
11710,11710-5652,송파Nsuite,송파대로28길 35,,,
11710,11710-5655,동궁리치웰(102동),오금로44길 47,,,
11710,11710-5660,예그리나(1동),새말로5길 4-15,,,
11710,11710-5670,보미리즌빌(102동),가락로36길 5-20,,,
11710,11710-5677,쌍용스위닷홈(201동),중대로 293,,,
11710,11710-5679,쌍용스윗닷홈(401동),중대로 289,,,
11710,11710-5714,올림픽선수기자촌1단지,양재대로 1218,A13805002,양재대로 1218,원문 일치
11710,11710-5715,올림픽선수기자촌2단지,양재대로 1218,A13805002,양재대로 1218,원문 일치
11710,11710-5731,뉴파크플러스,올림픽로32길 57-6,,,
11710,11710-5745,송파현대힐스테이트,풍성로26길 31,A13887901,풍성로26길 31,원문 일치
11710,11710-5750,파라다이스빌(40-0),올림픽로 366,,,
11710,11710-5779,쌍용스윗닷홈거여역1차,오금로62길 10,,,
11710,11710-5790,정우아트빌B,가락로36길 5-8,,,
11710,11710-5797,동성아파트(101동),송이로17길 50-16,,,
11710,11710-5799,동성아파트(103동),송이로17길 46-23,,,
11710,11710-58,신한빌라트-신한미지엔,동남로13길 33,,,
11710,11710-5807,금호어울림,성내천로 314,A13812001,성내천로 314,원문 일치
11710,11710-5828,성원상떼빌,송파대로28길 27,A13895501,송파대로28길 27,원문 일치
11710,11710-5831,송파해모로아파트,풍성로26길 47,A10025632,풍성로26길 47,원문 일치
11710,11710-5877,한승,위례성대로 76,,,
11710,11710-5899,더샵스타리버,올림픽로35길 93,A13824001,올림픽로35길 93,원문 일치
11710,11710-59,가락(1차)쌍용아파트,동남로 193,A13880806,동남로 193,원문 일치
11710,11710-5904,베스트휴,가락로3길 3-16,,,
11710,11710-5926,쌍용스윗닷홈2차,오금로 512,,,
11710,11710-5935,하늘공원(69-5),삼학사로1길 40,,,
11710,11710-5955,트윈팰리스(101동),새말로 176,,,
11710,11710-5957,레이크팰리스,잠실로 88,A13822001,잠실로 88,원문 일치
11710,11710-5958,자이파인빌(101동),송파대로14길 8,,,
11710,11710-5968,미켈란호수가,석촌호수로 230,,,
11710,11710-5969,밀란체1,가락로3길 3-24,,,
11710,11710-5995,몽촌(아),올림픽로32길 49-12,,,
11710,11710-5998,광명아파트,백제고분로48나길 7-17,,,
11710,11710-6,동아한가람1,한가람로 446,,,
11710,11710-60,예일,양재대로60길 11,,,
11710,11710-6001,해동아파트B동(134-22),가락로36길 9-21,,,
11710,11710-6002,그랑밸리(64),성내천로8가길 1,,,
11710,11710-6006,자이파인빌(102동),송파대로14길 12,,,
11710,11710-6011,석촌동효신아파트,석촌호수로18길 8-52,,,
11710,11710-6028,트리지움,잠실로 62,A13822002,잠실로 62,원문 일치
11710,11710-6029,송파파인타운11단지,송파대로8길 58,A13821002,송파대로8길 58,원문 일치
11710,11710-6030,송파파인타운10단지,송파대로8길 20,A13821005,송파대로8길 20,원문 일치
11710,11710-6088,가락스타클래스,오금로 306,,,
11710,11710-6099,송파N-suite,풍성로14길 33,,,
11710,11710-61,우성,송파대로32길 8,A13880406,송파대로32길 8,원문 일치
11710,11710-6102,에스디펠리체,동남로14길 23-9,,,
11710,11710-6125,송파파인타운9단지,송파대로8길 17,A13821007,송파대로8길 17,원문 일치
11710,11710-6126,송파파인타운7단지,충민로4길 19,A13821004,충민로4길 19,원문 일치
11710,11710-6150,래미안파크팰리스,동남로 225,A13881005,동남로 225,원문 일치
11710,11710-6164,아르누보팰리스,석촌호수로 258,,,
11710,11710-6174,골드팰리스아파트,동남로17길 15,,,
11710,11710-6182,송파파인타운4단지,새말로12길 16,A13821001,새말로12길 16,원문 일치
11710,11710-62,이연파레스,송파대로30길 11,,,
11710,11710-6200,미랜드퀸,풍성로14길 32,,,
11710,11710-6241,송파파인타운3단지,충민로 152,A13876110,충민로 152,원문 일치
11710,11710-6249,리센츠,올림픽로 135,A13822003,올림픽로 135,원문 일치
11710,11710-6266,파크리오,올림픽로 435,A13824006,올림픽로 435,원문 일치
11710,11710-6276,송파파인타운5단지,충민로4길 5,A13821003,충민로4길 5,원문 일치
11710,11710-6284,잠실더샵스타파크,올림픽로35가길 10,A13824002,올림픽로35가길 10,원문 일치
11710,11710-6285,케이앤피상상,풍성로6가길 7,,,
11710,11710-6291,송파자연채,성내천로 133,,,
11710,11710-6299,송파파인타운2단지,충민로 151,A13876109,충민로 151,원문 일치
11710,11710-6309,송파파인타운6단지,충민로6길 14,A13876108,충민로6길 14,원문 일치
11710,11710-6317,송파파인타운8단지,충민로4길 6,A13821006,충민로4길 6,원문 일치
11710,11710-6346,잠실엘스,올림픽로 99,A13822004,올림픽로 99,원문 일치
11710,11710-64,청공빌딩주상복합-현대빌리지,동남로 161,,,
11710,11710-6423,광남캐스빌,문정로 261,,,
11710,11710-6424,올림픽파크센트레빌,양재대로72길 5,,,
11710,11710-6427,로즈힐파크(A동),송이로26길 18,,,
11710,11710-6486,송파파인타운1단지,충민로 188,A13876111,충민로 188,원문 일치
11710,11710-65,풍림1,동남로9길 39,,,
11710,11710-6509,파크인-수,백제고분로 187,,,
11710,11710-66,프라임레지던스,오금로44길 57,,,
11710,11710-6627,금강캐스빌,풍성로25나길 16-1,,,
11710,11710-6677,송파파인타운12단지,송파대로8길 42,,,
11710,11710-6678,송파파인타운13단지,송파대로8길 10,A13876112,송파대로8길 10,원문 일치
11710,11710-6679,송파파크데일2단지,성내천로47길 38,A13812005,성내천로47길 38,원문 일치
11710,11710-6680,송파파크데일1단지,성내천로37길 37,A13881701,성내천로37길 37,원문 일치
11710,11710-67,프라자,문정로 125,A13881204,문정로 125,원문 일치
11710,11710-69,한신1,송파대로 220,A13880603,송파대로 220,원문 일치
11710,11710-6929,래미안송파파인탑,오금로32길 31,A13817001,오금로32길 31,원문 일치
11710,11710-7,미성,풍성로 14,A13887702,풍성로 14,원문 일치
11710,11710-70,현대(60동),오금로38길 5-19,,,
11710,11710-7019,그랑밸리(119-27),마천로 181,,,
11710,11710-71,현대(5차),오금로 370,A13816001,오금로 370,원문 일치
11710,11710-72,현대(6차),송이로19길 8,A13880201,송이로19길 8,원문 일치
11710,11710-7249,레이크시티,삼전로8길 8,,,
11710,11710-73,현대7,오금로44가길 27,,,
11710,11710-7307,잠실푸르지오월드마크,올림픽로35가길 9,A13872503,올림픽로35가길 9,원문 일치
11710,11710-7430,송파더센트레,위례광장로 163,A13876113,위례광장로 163,원문 일치
11710,11710-7441,위례24단지(꿈에그린),위례광장로 121,A13876114,위례광장로 121,원문 일치
11710,11710-76,동궁리치웰(101동),오금로44길 51,,,
11710,11710-77,신한에스빌-미지엔,동남로13길 37,,,
11710,11710-7714,위례신도시송파푸르지오,위례광장로 185,A10028086,위례광장로 185,원문 일치
11710,11710-78,건영1,새말로8길 12,A13820005,새말로8길 12,원문 일치
11710,11710-7815,한주리버뷰,마천로 243,,,
11710,11710-7855,석촌호수효성해링턴타워,석촌호수로 210,A10027881,석촌호수로 210,원문 일치
11710,11710-79,동부화이트빌,새말로5길 18,,,
11710,11710-7945,위례아이파크,위례광장로 136,A10027744,위례광장로 136,원문 일치
11710,11710-80,문정대우푸르지오1차,문정로 55,A13882402,문정로 55,원문 일치
11710,11710-8018,송파와이즈더샵,위례광장로 270,A10027632,위례광장로 270,원문 일치
11710,11710-81,문정대우푸르지오2차,송이로32길 37,A13882401,송이로32길 37,원문 일치
11710,11710-8107,위례2차아이파크,위례광장로 230,,,
11710,11710-8158,힐스테이트송파위례,위례광장로 170,A10027461,위례광장로 170,원문 일치
11710,11710-82,문정동아,문정로5길 13,,,
11710,11710-8217,하이파크아파트,삼전로2길 27,,,
11710,11710-8245,파크하비오,송파대로 111,A10027346,송파대로 111,원문 일치
11710,11710-8269,올림픽파크리움,백제고분로 505,,,
11710,11710-83,문정시영,송이로31길 56,A13820007,송이로31길 56,원문 일치
11710,11710-8306,위례중앙푸르지오2단지,위례광장로 290,,,
11710,11710-8307,위례중앙푸르지오1단지,위례광장로 120,A10023897,위례광장로 120,원문 일치
11710,11710-8320,한영해시안아파트,백제고분로19길 23,,,
11710,11710-84,크로바맨션,송이로36길 2,,,
11710,11710-8428,진넥스베르디엠,동남로 234,,,
11710,11710-8474,엘리시움아파트,중대로35길 13,,,
11710,11710-85,현대,송이로34길 26,,,
11710,11710-8557,대성골드클래스,거마로 102,,,
11710,11710-8570,송파레미니스,성내천로 6,A10026734,성내천로 6,원문 일치
11710,11710-86,현대(62-5),송파대로20길 28,A10024172,송파대로20길 28,원문 일치
11710,11710-8630,송파호반베르디움더퍼스트,동남로 342,A10026362,동남로 342,원문 일치
11710,11710-8667,트윈레이크팰리스빌,백제고분로45길 40,,,
11710,11710-8684,에이메스더리버송파,백제고분로22길 38-13,,,
11710,11710-8691,송파레미니스2단지,동남로 341,A10026249,동남로 341,원문 일치
11710,11710-87,문정가락현대1차,동남로 160,A13820004,동남로 160,원문 일치
11710,11710-8754,동광팰리스,오금로11길 63-13,,,
11710,11710-8763,송파건원여미지아파트,마천로35길 12,,,
11710,11710-88,현대2,송파대로16길 12,,,
11710,11710-8841,한영해시안아파트,오금로32길 35,,,
11710,11710-8865,헬리오시티,송파대로 345,A10025850,송파대로 345,원문 일치
11710,11710-8878,송파두산위브,성내천로 103,A10025657,성내천로 103,원문 일치
11710,11710-89,올림픽훼밀리타운,중대로 24,A13820201,중대로 24,원문 일치
11710,11710-9,신동아파밀리에,풍성로6길 15,,,
11710,11710-90,인택,새말로 185,,,
11710,11710-9025,잠실올림픽공원아이파크,올림픽로43길 34,A10025185,올림픽로43길 34,원문 일치
11710,11710-9042,상아1차아파트,오금로 405,A13813004,오금로 405,원문 일치
11710,11710-9044,에비뉴잠실,오금로11길 47-16,,,
11710,11710-9055,더원센트럴,위례성대로2길 13,,,
11710,11710-9084,이스턴잠실,오금로11길 43-16,,,
11710,11710-9109,e편한세상송파파크센트럴,오금로 551,A10024787,오금로 551,원문 일치
11710,11710-9188,앙시레이크타워,도곡로 450,,,
11710,11710-92,문정대우푸르지오3차,송이로 257,A13820001,송이로 257,원문 일치
11710,11710-9227,NS파인트리,백제고분로7길 41,,,
11710,11710-9257,더뷰21,동남로 312,,,
11710,11710-9292,트리니엘,가락로39길 5,,,
11710,11710-9297,포레나송파,위례송파로 123,A10024152,위례송파로 123,원문 일치
11710,11710-9298,송파레이크힐,위례송파로 89,A10024197,위례송파로 89,원문 일치
11710,11710-93,방이금호어울림,위례성대로8길 28,,,
11710,11710-9304,테라펠리체송파,동남로 240-6,,,
11710,11710-9308,에스아이팰리스송파올림픽공원,양재대로 1158,,,
11710,11710-9314,송파위례리슈빌,위례송파로 124,A10024085,위례송파로 124,원문 일치
11710,11710-9347,송파시그니처롯데캐슬,거마로 56,A10023887,거마로 56,원문 일치
11710,11710-9362,송파레이크파크호반써밋Ⅰ,위례송파로 40,A10023927,위례송파로 40,원문 일치
11710,11710-9363,송파레이크파크호반써밋Ⅱ,위례송파로 80,A10023922,위례송파로 80,원문 일치
11710,11710-94,대림,양재대로 1109,A13805001,양재대로 1109,원문 일치
11710,11710-9400,강남팰리스,송이로 141,,,
11710,11710-9480,올림픽포레다움아파트,위례성대로6길 30-11,,,
11710,11710-95,대양코리아나타워,위례성대로 114,,,
11710,11710-9577,송파포트힐한샘인사이드,백제고분로46길 31-21,,,
11710,11710-9597,디벨라지오,오금로27길 50,,,
11710,11710-9611,송파파밀리에더퍼스트,송이로4길 15,,,
11710,11710-9616,송파더플래티넘,성내천로 50,A10022649,성내천로 50,원문 일치
11710,11710-9620,송파센텀레이크,백제고분로45길 17-9,,,
11710,11710-9623,이트리움송파(281-4),풍성로14길 40,,,
11710,11710-9645,루컴스힐더테라스,백제고분로37길 2,,,
11710,11710-9654,잠실라펜앤,위례성대로6길 30-9,,,
11710,11710-9656,올림픽레아아파트,토성로19길 1,,,
11710,11710-97,신동아타워,오금로11길 33,,,
11710,11710-99,아크로빌,오금로17길 13,,,
11740,11740-1,고덕주공9,상암로 251,A13482706,상암로 251,원문 일치
11740,11740-10,신동아,고덕로 240,A13407204,고덕로 240,원문 일치
11740,11740-100,한건,상암로3길 54,,,
11740,11740-102,한양그린,아리수로 64,,,
11740,11740-103,한강현대,올림픽로104길 42,A13471501,올림픽로104길 42,원문 일치
11740,11740-104,정산(103동),올림픽로104길 20,,,
11740,11740-105,한강포스파크,고덕로19길 30,,,
11740,11740-106,영상라이브센스,고덕로23길 13-19,,,
11740,11740-107,대명,고덕로25길 13-11,,,
11740,11740-109,메이저(474-21),암사13길 7,,,
11740,11740-11,명일우성,고덕로62길 76,A13482505,고덕로62길 76,원문 일치
11740,11740-110,동원베네스트,고덕로 52-11,,,
11740,11740-111,대송,올림픽로104길 17,,,
11740,11740-112,풍천,올림픽로104길 21,,,
11740,11740-114,강동네스빌,강동대로53길 43,,,
11740,11740-115,광남캐스빌(448-5),성안로 7-7,,,
11740,11740-116,동남1,양재대로81길 76,,,
11740,11740-117,동방,양재대로95길 74,,,
11740,11740-118,동아1,풍성로54길 12-11,,,
11740,11740-119,동아2,양재대로91길 47,,,
11740,11740-12,중앙,상암로47길 80-16,,,
11740,11740-120,동일상가,풍성로56길 15,,,
11740,11740-121,둔촌역청구,풍성로 196,A13484501,풍성로 196,원문 일치
11740,11740-122,메이저,양재대로87길 18,,,
11740,11740-124,백룡도원,양재대로85길 55,,,
11740,11740-125,삼성파크타워,강동대로 143,,,
11740,11740-126,삼진,양재대로91나길 44,,,
11740,11740-127,새한올림픽,성내로6다길 115,,,
11740,11740-128,선광,성내로14길 18,,,
11740,11740-129,성내동삼성아파트,풍성로 128,,,
11740,11740-13,명일진로,동남로73길 26,,,
11740,11740-130,성안마을청구,풍성로 114-1,A13403002,풍성로 114-1,원문 일치
11740,11740-131,센츄럴(438-2),강동대로53길 58,,,
11740,11740-132,센츄럴(438-6),양재대로91가길 70,,,
11740,11740-133,스위트빌(435-10),성안로 26,,,
11740,11740-135,일심,풍성로55길 52,,,
11740,11740-136,중명,강동대로51길 75,,,
11740,11740-1366,경지리버캐슬,상암로4가길 48,,,
11740,11740-138,중앙하이츠,양재대로95길 53,,,
11740,11740-139,청구빌라트,강동대로 143-16,,,
11740,11740-14,한양,동남로71길 19,A13482603,동남로71길 19,원문 일치
11740,11740-140,코랜드빌리지,성안로3길 51,,,
11740,11740-141,코오롱(1차),천호대로168길 25,A13484102,천호대로168길 25,원문 일치
11740,11740-143,태천,풍성로52길 14,,,
11740,11740-145,한독,성내로18길 9,,,
11740,11740-146,한솔애리즈1,풍성로 191,,,
11740,11740-147,현대,천호옛12길 27,A13484003,천호옛12길 27,원문 일치
11740,11740-148,현대상가,성안로 109,,,
11740,11740-149,현대제이드,강동대로 155,,,
11740,11740-15,현대(고덕),동남로71길 41,A13478601,동남로71길 41,원문 일치
11740,11740-153,한강훼미리,풍성로 197,,,
11740,11740-154,오륜하이츠,강동대로53길 28,,,
11740,11740-156,동남2,양재대로91나길 94,,,
11740,11740-157,동원2,성내로6가길 29,,,
11740,11740-158,동원,성내로6나길 27,,,
11740,11740-159,광남캐스빌(510-1),풍성로 147-14,,,
11740,11740-16,현대(명일),양재대로134길 87,A13482801,양재대로134길 87,원문 일치
11740,11740-160,노블네스트,성내로 63,,,
11740,11740-161,원다빌2,천호대로162길 73,,,
11740,11740-162,영풍마드레빌,성내로6다길 15,,,
11740,11740-163,한솔브리즈,양재대로81길 90,,,
11740,11740-164,코오롱2,올림픽로 572,,,
11740,11740-165,경보그레이스힐,풍성로53길 40,,,
11740,11740-167,금호아파트,양재대로 1557,A13486102,양재대로 1557,원문 일치
11740,11740-168,대명사이버아파트,양재대로123길 31,,,
11740,11740-169,동아코아아파트,구천면로 189,A13475001,구천면로 189,원문 일치
11740,11740-17,삼보힐아파트,구천면로65길 12,,,
11740,11740-170,동아하이빌아파트,구천면로 278,A13486504,구천면로 278,원문 일치
11740,11740-171,천호동삼성아파트,성안로25길 15,A13472201,성안로25길 15,원문 일치
11740,11740-172,삼익아파트,상암로12길 13,A13486701,상암로12길 13,원문 일치
11740,11740-173,우성,구천면로 366,A13402103,구천면로 366,원문 일치
11740,11740-174,우정아파트,양재대로125길 19,,,
11740,11740-175,유원아파트,상암로12길 24,A13486703,상암로12길 24,원문 일치
11740,11740-176,제일아파트,천중로12길 17,,,
11740,11740-177,중앙하이츠,구천면로41길 79,A13486705,구천면로41길 79,원문 일치
11740,11740-178,천호롯데아파트,천중로 161,,,
11740,11740-179,성원아파트,진황도로31길 26,,,
11740,11740-18,KNP,상암로47길 38,,,
11740,11740-181,천호태영아파트,천호대로 1055,,,
11740,11740-182,태천와이드빌,천중로17길 42-10,,,
11740,11740-183,한신아파트,구천면로42길 16,A13486601,구천면로42길 16,원문 일치
11740,11740-184,현대아파트,진황도로 47-2,A13486401,진황도로 47-2,원문 일치
11740,11740-185,현대코아아파트,천호대로 1095,A13487102,천호대로 1095,원문 일치
11740,11740-187,고려아파트(A동),상암로41길 89-8,,,
11740,11740-188,고려아파트(D동),상암로41길 89-7,,,
11740,11740-189,고려아파트(C동),상암로41길 89,,,
11740,11740-19,다성씨티(1차),천중로51길 97,,,
11740,11740-190,평대미진아파트,상암로41길 79,,,
11740,11740-191,고려아파트(B동),상암로41길 91,,,
11740,11740-192,평대보민아파트,구천면로68길 38,,,
11740,11740-194,동구햇살아파트,상암로41길 45,,,
11740,11740-195,성인아파트,양재대로133길 19,,,
11740,11740-196,동성아파트,상암로41길 13,,,
11740,11740-199,광남벨라스643V(50-7),양재대로121길 16,,,
11740,11740-2,동양타워,동남로71길 38,,,
11740,11740-200,태천해오름아파트,천중로43길 17,,,
11740,11740-201,다성씨티아파트,천중로39길 33,,,
11740,11740-202,천호동이연아마빌레아파트,천중로21길 61,,,
11740,11740-204,신주아파트(101동),올림픽로91길 25,,,
11740,11740-205,즈믄촌,올림픽로79길 7,,,
11740,11740-206,다성씨티아파트(340-6),구천면로17길 18,,,
11740,11740-207,천호네스빌,성안로25길 40,,,
11740,11740-208,한전우성1,천중로49길 58,A13481001,천중로49길 58,원문 일치
11740,11740-21,형인허브빌,상암로49길 13,,,
11740,11740-210,광남벨라스643V(50-32),양재대로121길 16,,,
11740,11740-212,유덕휴먼빌,천중로54길 9-14,,,
11740,11740-213,광남(355-2),천중로52길 9-10,,,
11740,11740-216,다성이즈빌,천중로40길 12,,,
11740,11740-218,광남아파트102동,천중로42길 54,,,
11740,11740-219,광남캐스빌610V,양재대로112길 26,,,
11740,11740-22,대우,양재대로 1716,,,
11740,11740-220,한솔솔파크,천호대로198길 36,,,
11740,11740-221,강동LG자이,천호대로 1239,A13488104,천호대로 1239,원문 일치
11740,11740-222,우림루미아트,명일로26길 20,,,
11740,11740-223,태천해오름,천호대로182길 12-6,,,
11740,11740-224,도원빌,양재대로102길 44,,,
11740,11740-225,청원파크빌,명일로 143,,,
11740,11740-226,그랜드1,풍성로61길 10-14,,,
11740,11740-227,광남아파트102동,풍성로61길 10-8,,,
11740,11740-228,광남아파트101동,풍성로61길 10,,,
11740,11740-230,태천해오름15차,성안로 54,,,
11740,11740-231,파크프라자,양재대로89길 16,,,
11740,11740-232,성내동대성,올림픽로62길 39,,,
11740,11740-233,성내1차e-편한세상,천호대로168길 58,A13484201,천호대로168길 58,원문 일치
11740,11740-234,우암쎈스뷰,고덕로10길 30,,,
11740,11740-235,창대캐슬,천호대로163길 33-6,,,
11740,11740-237,신동양빛여울아파트,상암로41가길 11,,,
11740,11740-238,광남캐스빌아파트,양재대로121길 31,,,
11740,11740-239,포레스(A동),풍성로 91,,,
11740,11740-240,장인이즈빌,천중로50길 11-12,,,
11740,11740-241,태성,명일로17길 40,,,
11740,11740-242,효성노바,천중로49길 20,,,
11740,11740-243,이스트드림힐,양재대로111길 54,,,
11740,11740-244,동은,상암로49길 12-8,,,
11740,11740-245,우성102동,고덕로38길 34-8,,,
11740,11740-247,장방아파트,상암로39길 27,,,
11740,11740-248,SM이로빌아파트,천중로39길 22,,,
11740,11740-2498,강동이루미아파트,양재대로123길 30,A13402004,양재대로123길 30,원문 일치
11740,11740-2499,브라운스톤암사아파트,올림픽로92길 61,,,
11740,11740-25,아남1,양재대로 1706,A13480403,양재대로 1706,원문 일치
11740,11740-250,한솔브리즈(199-4),천호대로170길 13,,,
11740,11740-2500,암사e편한세상,구천면로 365-13,,,
11740,11740-2501,천호e-편한세상,올림픽로81길 15,A13402202,올림픽로81길 15,원문 일치
11740,11740-2502,형인허브빌아파트,천호대로197길 84,,,
11740,11740-2503,해맞이에이동,진황도로49길 64,,,
11740,11740-2508,한솔애리즈601동,천호대로174길 10,,,
11740,11740-251,늘조은,천호대로176길 10-20,,,
11740,11740-2513,올림픽파크힐,성안로 18,,,
11740,11740-252,신주,올림픽로 568-12,,,
11740,11740-2521,길동3차이룸,천호대로193길 26,,,
11740,11740-2522,다성이즈빌아파트,양재대로126길 49,,,
11740,11740-2525,세양청마루,천호대로 1162,,,
11740,11740-253,샤인빌(A동),천호대로174길 36,,,
11740,11740-2532,다성이즈빌,풍성로52길 45,,,
11740,11740-254,샤인빌(B동),천호대로174길 32,,,
11740,11740-2542,다성이즈빌(346-12),양재대로130길 17,,,
11740,11740-2546,부강아파트,올림픽로89길 24,,,
11740,11740-2557,라움(492-45),상암로15길 30-5,,,
11740,11740-2558,이안강동,천호대로162길 34,,,
11740,11740-256,비앤비(102동),천호대로174길 53,,,
11740,11740-2569,씨제이나인,천호대로 1078,,,
11740,11740-257,대주그린빌,성안로 67,,,
11740,11740-2572,대은팰리스뷰,성내로6길 42-20,,,
11740,11740-2573,청원파크빌3,천중로56길 41,,,
11740,11740-2574,한일시티타워(우성아트빌),양재대로113길 51,,,
11740,11740-2577,광남캐스빌105동,천호대로 1152,,,
11740,11740-258,한솔애리즈3차,성안로 66,,,
11740,11740-2580,동남드림빌,천호대로 1044-12,,,
11740,11740-2586,시티빌아파트,올림픽로92길 7-9,,,
11740,11740-259,신성,풍성로52길 41,,,
11740,11740-2592,SM해그린12차,천중로56길 13,,,
11740,11740-2596,다성이즈빌,천중로48길 19-5,,,
11740,11740-2606,미랜드프레임빌,성내로17길 72,,,
11740,11740-2607,다성이즈빌아파트(55-25),천중로 177,,,
11740,11740-2609,늘푸른아파트,천중로43길 25,,,
11740,11740-261,로얄,성내로18길 13,,,
11740,11740-2611,동은그랜드,천중로51길 108-5,,,
11740,11740-2612,광남캐스빌(247-0),진황도로 123,,,
11740,11740-2618,강동한신휴플러스,진황도로 99,,,
11740,11740-2619,하이브,진황도로 100,,,
11740,11740-262,광남캐스빌(435-7),성안로 21,,,
11740,11740-2620,호암아펙스,성내로6길 34-8,,,
11740,11740-2621,암펠로스타워,명일로 110,,,
11740,11740-2622,강동역에스케이허브,천호대로 1107,,,
11740,11740-2624,운암화인빌102,성내로6가길 110,,,
11740,11740-2626,대우한강베네시티,올림픽로 664,A13402003,올림픽로 664,원문 일치
11740,11740-2628,강변그대가리버뷰,올림픽로89길 57,,,
11740,11740-2629,대은팰리스뷰(102),상암로3길 36,,,
11740,11740-263,하나플러스,강동대로51길 12,,,
11740,11740-2630,대은팰리스뷰(101),상암로3길 32,,,
11740,11740-2632,강동상떼빌,천호대로 1065,,,
11740,11740-2635,해밀,상암로47길 33,,,
11740,11740-2638,금광포란재,천호옛14길 28-39,,,
11740,11740-265,드림스빌,성안로13길 60,,,
11740,11740-2656,리치,상암로4길 33,,,
11740,11740-266,한솔애리즈2차,풍성로54길 7,,,
11740,11740-2663,찬솔,명일로 152,,,
11740,11740-2664,프라이어팰리스,고덕로 130,A13405003,고덕로 130,원문 일치
11740,11740-2679,율전에버그린,풍성로73길 17,,,
11740,11740-268,효정하나플러스,구천면로47길 69-18,,,
11740,11740-269,로뎀,천중로12길 27,,,
11740,11740-270,내일쎄닛빌,고덕로20나길 49,,,
11740,11740-271,진넥스빌Ⅲ,천호대로 1087,,,
11740,11740-2719,다성이즈빌,천중로48길 8,,,
11740,11740-272,강동파크빌,천호대로163길 29,,,
11740,11740-274,다성시티아파트,올림픽로78길 11-29,,,
11740,11740-275,길동쎈스빌주상복합,천중로 232,,,
11740,11740-276,현대홈타운,고덕로27길 36,A13485301,고덕로27길 36,원문 일치
11740,11740-277,성내3차e-편한세상,천호대로162길 35,,,
11740,11740-2787,LIGA,천호대로 1120,,,
11740,11740-279,영진파크빌(437-26),강동대로53길 49,,,
11740,11740-2792,형인허브빌,상암로41길 61,,,
11740,11740-28,배재현대,고덕로61길 37,A13480401,고덕로61길 37,원문 일치
11740,11740-2802,롯데캐슬퍼스트,고덕로 131,A13485302,고덕로 131,원문 일치
11740,11740-2803,한솔,풍성로63길 43,,,
11740,11740-281,우성(104동),양재대로101길 51-10,,,
11740,11740-282,한강훼미리,상암로 199,,,
11740,11740-2835,천호엘크루,올림픽로 660,,,
11740,11740-284,태천해오름101동,천중로49길 101,,,
11740,11740-2849,강일리버파크1단지,아리수로93가길 25,A13410001,아리수로93가길 25,원문 일치
11740,11740-285,우성101동,고덕로38길 34-9,,,
11740,11740-2850,강일리버파크2단지,아리수로97길 68,A13410003,아리수로97길 68,원문 일치
11740,11740-2851,강일리버파크4단지,아리수로97길 19,A13410006,아리수로97길 19,원문 일치
11740,11740-2852,강일리버파크3단지,아리수로93길 40,A13410008,아리수로93길 40,원문 일치
11740,11740-2853,강일리버파크6단지,아리수로94길 19,A13410004,아리수로94길 19,원문 일치
11740,11740-2854,강일리버파크8단지,아리수로94길 72,A13410002,아리수로94길 72,원문 일치
11740,11740-2855,강일리버파크10단지,고덕로97길 20,A13410005,고덕로97길 20,원문 일치
11740,11740-2856,강일리버파크9단지,고덕로97길 29,A13410007,고덕로97길 29,원문 일치
11740,11740-2869,미랜드퀸아파트101동,명일로10가길 24,,,
11740,11740-2870,강변그대가갤럭시,올림픽로89길 55,A10026195,올림픽로89길 55,원문 일치
11740,11740-2877,강일리버파크7단지,아리수로98길 25,A13410010,아리수로98길 25,원문 일치
11740,11740-288,하이존,명일로 222,,,
11740,11740-2880,둔촌늘푸른,명일로13길 38,,,
11740,11740-2883,광남캐스빌(443-26),양재대로91가길 98,,,
11740,11740-2885,엠엑스아뜨리에빌아파트,천중로56길 40,,,
11740,11740-289,예전이룸1차,양재대로110길 28,,,
11740,11740-2890,강일리버파크5단지,아리수로97길 20,A13410009,아리수로97길 20,원문 일치
11740,11740-2892,다성이즈빌Ⅰ,상암로23길 28,,,
11740,11740-2893,한솔솔파크,선사로 120,,,
11740,11740-2894,고덕 아이파크,동남로79길 26,A13408003,동남로79길 26,원문 일치
11740,11740-2905,태솔,양재대로122길 16,,,
11740,11740-2906,동서울오네뜨,양재대로124길 32,,,
11740,11740-291,예전이룸2차,양재대로122가길 14,,,
11740,11740-2918,파라디아,천호옛길 30,,,
11740,11740-292,예다움,천중로49길 11,,,
11740,11740-293,다성팰리스,천중로48길 19-14,,,
11740,11740-2931,둔촌푸르지오,명일로 172,A13470503,명일로 172,원문 일치
11740,11740-294,청원파크빌2,명일로17길 18,,,
11740,11740-295,에스엠이로빌(379-0),천중로42길 53,,,
11740,11740-296,노블레스(383-8),성안로 182,,,
11740,11740-2963,한강리치팰리스,선사로 138,,,
11740,11740-297,골드빌4차,성안로 174,,,
11740,11740-298,광남벨라스613V,천중로38가길 53,,,
11740,11740-2983,한솔애리즈,양재대로95길 60,,,
11740,11740-2987,명일동다성이즈빌아파트,암사길 109,,,
11740,11740-299,다성이즈빌아파트(388-4),천중로44길 74,,,
11740,11740-2991,썬팰리스아파트,상암로41길 29,,,
11740,11740-3,명일지에스아파트,상암로51길 61,A13483002,상암로51길 61,원문 일치
11740,11740-30,동아,상암로81길 7,A13409001,상암로81길 7,원문 일치
11740,11740-300,다성이즈텔,성안로 162,,,
11740,11740-3001,둔촌역아치스톤(101동),풍성로 203,,,
11740,11740-3004,고덕리엔파크2단지,고덕로 427,A13410011,고덕로 427,원문 일치
11740,11740-3005,고덕리엔파크1단지,상일로 152,A13410012,상일로 152,원문 일치
11740,11740-3008,고덕리엔파크3단지,상일로 74,A13472701,상일로 74,원문 일치
11740,11740-301,KNP이스트빌,진황도로 151-5,,,
11740,11740-3015,베네캐슬,올림픽로88길 7,,,
11740,11740-302,광남캐스빌103동,양재대로102길 11,,,
11740,11740-303,광남캐스빌101동,천호대로 1156-12,,,
11740,11740-305,다원애버니아,양재대로98길 26,,,
11740,11740-307,양지벨로스,고덕로23길 9,,,
11740,11740-3085,다성이즈빌,상암로23길 14,,,
11740,11740-310,에스엠해그린,암사길 35,,,
11740,11740-3106,상상프리,천호대로 1156-20,,,
11740,11740-312,영진해가든(2동),구천면로47가길 14-38,,,
11740,11740-314,한건브리앙,암사1길 9,,,
11740,11740-3151,아이퍼스트빌,천호대로174길 16,,,
11740,11740-3158,다성이즈빌(349-1),천중로 200,,,
11740,11740-316,우성(102동),양재대로101길 51-16,,,
11740,11740-3163,현대웰하임(201동),천중로49가길 56,,,
11740,11740-3164,현대웰하임(101동),천중로53길 6,,,
11740,11740-318,해가든,양재대로101길 5,,,
11740,11740-319,한솔애리즈202동,풍성로 202,,,
11740,11740-321,라움,강동대로55길 68,,,
11740,11740-3215,광남캐스빌(631),양재대로96길 26,,,
11740,11740-322,파크뷰캐슬,강동대로 187,,,
11740,11740-323,우림루미아트,양재대로101길 46,,,
11740,11740-324,신일유토빌(603-0),양재대로81길 16,,,
11740,11740-325,용명브릿지아파트,양재대로133길 51,,,
11740,11740-326,천호KNP아파트,양재대로131가길 19,,,
11740,11740-327,새롬트윈스아파트(B동),상암로 154,,,
11740,11740-3273,청광플러스원(큐브1차),천중로42길 70,,,
11740,11740-329,아크로파크,양재대로127길 53,,,
11740,11740-330,천호1차우림루미아트,천중로39길 69,,,
11740,11740-331,천호동1차예전이룸아파트,양재대로121길 50,,,
11740,11740-332,천호2차우림루미아트,양재대로121길 22,,,
11740,11740-3322,하이브2,천호대로167길 26,,,
11740,11740-3323,강동큐브,천호대로175길 16,,,
11740,11740-333,천호2차이룸아파트,양재대로121길 25-6,,,
11740,11740-334,광남벨라스2차아파트,양재대로121길 49,,,
11740,11740-3349,강동큐브(2차),진황도로 85,A13470102,진황도로 85,원문 일치
11740,11740-335,광남벨라스2차아파트(53-32),양재대로121길 49-7,,,
11740,11740-336,대명에버빌아파트,천중로39길 19-17,,,
11740,11740-337,지원G델타아파트,천중로35가길 11,,,
11740,11740-338,강동역두산위브센티움,성안로 155,,,
11740,11740-339,현진에스페랑스,천호대로163길 33,,,
11740,11740-3392,청광플러스원큐브2차,천호대로175길 10,,,
11740,11740-340,이연아마빌레(293-8),구천면로 297-5,,,
11740,11740-341,신주아파트(313),천중로11길 24,,,
11740,11740-342,한건브리앙아파트,구천면로13길 17,,,
11740,11740-343,두산위브센티움,올림픽로70길 61,A13402001,올림픽로70길 61,원문 일치
11740,11740-345,보람아파트,상암로12길 32,,,
11740,11740-346,성내2차e-편한세상,풍성로37길 54,,,
11740,11740-347,에스케이허브진,천호대로 1092,A13484004,천호대로 1092,원문 일치
11740,11740-3473,강동렘브란트,천호대로177길 9,,,
11740,11740-3474,강동와이시티,천호대로175길 42,,,
11740,11740-3481,다성이즈빌,성내로8길 22,,,
11740,11740-350,에스엠해그린,상암로 210-32,,,
11740,11740-3505,한양립스,천호대로176길 10-10,,,
11740,11740-351,태천해오름103동,천중로49길 98,,,
11740,11740-352,태천해오름102동A,천중로49길 95,,,
11740,11740-353,우성103동,양재대로147길 40,,,
11740,11740-354,한솔애리즈501동,강동대로53길 68,,,
11740,11740-355,에스엠이로빌,천중로48길 27,,,
11740,11740-3569,청광플러스원큐브3차,진황도로 87,A13470104,진황도로 87,원문 일치
11740,11740-357,하나플러스,양재대로112길 77,,,
11740,11740-358,한솔브리즈,천호대로173길 50,,,
11740,11740-359,에이치비골드빌(103동),성안로 170,,,
11740,11740-360,에이치비골드빌(102동),성안로 172,,,
11740,11740-361,메트로아파트,천중로44길 82,,,
11740,11740-362,우정에쉐르(102동),진황도로31길 5,,,
11740,11740-363,우정에쉐르(101동),진황도로31길 6,,,
11740,11740-364,동호리츠빌,천호대로188길 26,,,
11740,11740-365,다성이즈빌(명일4차),양재대로130길 36,,,
11740,11740-366,시가오똠,양재대로122가길 30,,,
11740,11740-367,골드하임(101동),천중로35가길 15,,,
11740,11740-368,골드하임(102동),천중로35가길 19,,,
11740,11740-3711,다성이즈빌(주상복합),천중로42길 69,,,
11740,11740-3722,강동역신동아파밀리에,천호대로 1089,A10027948,천호대로 1089,원문 일치
11740,11740-38,중앙하이츠,구천면로 557,A13483803,구천면로 557,원문 일치
11740,11740-389,용명브릿지2차,천호대로 1132-18,,,
11740,11740-3895,율전에버그린아파트,양재대로112길 17,,,
11740,11740-39,길동우성,천호대로193길 37,A13481305,천호대로193길 37,원문 일치
11740,11740-3915,다성이즈빌,고덕로 64,,,
11740,11740-4,삼익가든,상암로 224,A13407002,상암로 224,원문 일치
11740,11740-40,다오아트빌,성안로 184,,,
11740,11740-403,율전에버그린아파트,천중로39길 19,,,
11740,11740-4038,다성이즈빌아파트,성내로 91,,,
11740,11740-4077,동남아이스타즈,천호대로177길 50,,,
11740,11740-41,대상,천중로 221,,,
11740,11740-4102,올림픽파크한양수자인,성내로 80,A10027354,성내로 80,원문 일치
11740,11740-416,서한베네치아,명일로 201,,,
11740,11740-4169,청호뜨레피움퍼스트아파트,천호대로 1176,,,
11740,11740-417,예건타워빌,양재대로113길 53,,,
11740,11740-418,신이모닝빌,풍성로55길 6,,,
11740,11740-42,도림씨티빌1,명일로 238,,,
11740,11740-420,해가든(454-1),성내로6길 34-15,,,
11740,11740-4203,다성이즈빌(121-32),성안로 195,,,
11740,11740-421,하나플러스ll,양재대로85길 60,,,
11740,11740-4214,래미안힐스테이트고덕,아리수로50길 50,A10027207,아리수로50길 50,원문 일치
11740,11740-422,아인리베,양재대로 1404-10,,,
11740,11740-423,광남캐스빌(389-9),천중로44길 75,,,
11740,11740-424,몽촌토성,성내로6다길 42,,,
11740,11740-425,탑건위너빌,성내로6가길 42,,,
11740,11740-4289,래미안강동팰리스,천호대로 1077,A10026852,천호대로 1077,원문 일치
11740,11740-43,동삼빌라트,천호대로197길 70,,,
11740,11740-4353,현진리버파크,구천면로 144,,,
11740,11740-4358,다성이즈빌(320),올림픽로89길 39-4,,,
11740,11740-4359,고덕숲아이파크,고덕로80길 134,A10026403,고덕로80길 134,원문 일치
11740,11740-4360,건영아모리움,천호대로176길 10-12,,,
11740,11740-44,초원동아,동남로49길 60-5,A13406002,동남로49길 60-5,원문 일치
11740,11740-4452,성내스테이,성내로 54,,,
11740,11740-4462,성내웰빙시티,풍성로51길 8,,,
11740,11740-4482,다성이즈빌,천호대로175길 14,,,
11740,11740-45,라인,천중로50길 48-12,,,
11740,11740-4503,다성이즈빌(387-4),천중로42길 68,,,
11740,11740-4554,엘림스퀘어II,구천면로24길 9,,,
11740,11740-4576,경지Arium,천호대로177길 40,,,
11740,11740-4585,래미안솔베뉴,양재대로 1650,A10025415,양재대로 1650,원문 일치
11740,11740-46,문화1,천중로52길 24-1,,,
11740,11740-4605,오륜아크로빌,강동대로55길 36,,,
11740,11740-4611,집앤사스윗사이드아파트,천중로 6,,,
11740,11740-4625,집앤사비디아파트,성내로 81,,,
11740,11740-4626,집앤사베니아파트,성내로 65,,,
11740,11740-4628,고덕그라시움,고덕로 333,A10025263,고덕로 333,원문 일치
11740,11740-4641,집앤사비키아파트,성내로 79,,,
11740,11740-4648,둔촌현대수린나아파트,동남로49길 77,,,
11740,11740-4658,힐스테이트 강동 리버뷰,올림픽로91길 30,A10025174,올림픽로91길 30,원문 일치
11740,11740-4672,고덕롯데캐슬베네루체,상암로79길 88,A10025112,상암로79길 88,원문 일치
11740,11740-4675,고덕센트럴IPARK,고덕로80길 99,A10025104,고덕로80길 99,원문 일치
11740,11740-4687,미사아름채아파트,천호대로159길 22-24,,,
11740,11740-4692,고덕아르테온,고덕로 360,A10025010,고덕로 360,원문 일치
11740,11740-47,삼익세라믹,천호대로199길 40,,,
11740,11740-4708,이편한세상강동에코포레,천중로 253,A10024932,천중로 253,원문 일치
11740,11740-4735,고덕센트럴푸르지오,고덕로 399,A10024562,고덕로 399,원문 일치
11740,11740-4743,강동리버스트4단지,아리수로93가길 110,A10024468,아리수로93가길 110,원문 일치
11740,11740-4787,라움포레,천호옛6길 15,,,
11740,11740-4791,집앤사비카,풍성로 188,,,
11740,11740-4794,힐데스하임올림픽파크아파트,강동대로55길 39,,,
11740,11740-4799,고덕자이,상일로 55,A10024473,상일로 55,원문 일치
11740,11740-48,삼익파크맨션,명일로 286,,,
11740,11740-4802,강동리엔파크14단지,고덕로98길 160,A10024412,고덕로98길 160,원문 일치
11740,11740-4804,강동리버스트8단지,아리수로93나길 88,A10024440,아리수로93나길 88,원문 일치
11740,11740-4828,에스아이팰리스센트럴성내,성내로 64,,,
11740,11740-4852,아스하임,올림픽로 663,,,
11740,11740-4889,다성이즈빌,천호대로173길 39,,,
11740,11740-4937,골드클래스,양재대로111길 27,,,
11740,11740-4951,고덕아르테스미소지움,동남로 858,,,
11740,11740-5027,한영해시안아파트,성내로 20,,,
11740,11740-5036,엠프라자아파트(152-9),진황도로49길 59,,,
11740,11740-5039,거산유팰리스2차,천호대로177길 39,,,
11740,11740-5046,힐데스하임천호아파트,올림픽로78길 30,A10023695,올림픽로78길 30,원문 일치
11740,11740-51,신동아4,명일로 260,,,
11740,11740-5199,더샵파크솔레이유,진황도로61길 25-23,A10023059,진황도로61길 25-23,원문 일치
11740,11740-5208,에스아이팰리스강동센텀I,천중로42길 77,,,
11740,11740-5218,길동다성이즈빌,천중로48길 43,,,
11740,11740-5220,힐스테이트리슈빌강일,아리수로93다길 80,A10022851,아리수로93다길 80,원문 일치
11740,11740-5222,다성이즈빌,천중로40길 22,,,
11740,11740-5223,에스아이팰리스강동센텀Ⅱ,천중로40길 72,,,
11740,11740-5234,고덕풍경채어바니티,아리수로 375,A10022715,아리수로 375,원문 일치
11740,11740-5236,중앙하이츠강동,양재대로111길 43,,,
11740,11740-5250,월드메르디앙올림픽파크,천호대로 1156,,,
11740,11740-5257,강동헤리티지자이,천중로 264,,,
11740,11740-5266,강동밀레니얼중흥S-클래스,올림픽로78길 60,A10022202,올림픽로78길 60,원문 일치
11740,11740-5273,올림픽파크포레온,양재대로 1300,A10021122,양재대로 1300,원문 일치
11740,11740-5274,더샵둔촌포레,동남로49길 57,,,
11740,11740-5284,천호역마에스트로,올림픽로 691,,,
11740,11740-54,우성,양재대로113길 50,,,
11740,11740-57,프라자,천호대로 1240,A13406005,천호대로 1240,원문 일치
11740,11740-58,한건,진황도로49길 34,,,
11740,11740-59,한빛골드빌1차,성안로 176,,,
11740,11740-6,삼익그린11차,명일로 376,A13407201,명일로 376,원문 일치
11740,11740-60,현대1,천호대로 1231,A13480803,천호대로 1231,원문 일치
11740,11740-61,탑건위너빌1,진황도로49길 31,,,
11740,11740-62,삼유스위트빌,진황도로49길 5,,,
11740,11740-63,주풍그린빌,천중로49길 76,,,
11740,11740-64,SM드림빌,양재대로115길 7,,,
11740,11740-65,SM빌,천중로40길 45,,,
11740,11740-66,동심훼밀리,천중로38가길 32,,,
11740,11740-67,신암가온,천호대로177길 55,,,
11740,11740-68,희훈리치파크1,천중로44길 40,,,
11740,11740-6985,그란츠리버파크,천호대로 1050,A10020681,천호대로 1050,원문 일치
11740,11740-6998,시앤디아파트,양재대로130길 50,,,
11740,11740-7,삼익그린2차,고덕로 210,A13407104,고덕로 210,원문 일치
11740,11740-71,동아,진황도로61길 18,,,
11740,11740-72,라이프101동(544)102동(544-1),풍성로65길 21,,,
11740,11740-73,신성둔촌미소지움2,진황도로 212,A13470502,진황도로 212,원문 일치
11740,11740-74,신성둔촌미소지움1,명일로 102,A13406205,명일로 102,원문 일치
11740,11740-77,둔촌하이츠,명일로 113,A13406003,명일로 113,원문 일치
11740,11740-78,현대4,진황도로61길 7,A13481802,진황도로61길 7,원문 일치
11740,11740-8,삼환,고덕로62길 29,A13407202,고덕로62길 29,원문 일치
11740,11740-80,현대2,풍성로65길 34,A13406201,풍성로65길 34,원문 일치
11740,11740-81,현대3,진황도로 211,A13470504,진황도로 211,원문 일치
11740,11740-83,신동아파밀리에,양재대로96길 79,A13406204,양재대로96길 79,원문 일치
11740,11740-84,노바,천호대로186길 23-11,,,
11740,11740-86,경방필하우스,풍성로 239,,,
11740,11740-88,대원,고덕로 52,,,
11740,11740-89,동양넥스빌,상암로 41,,,
11740,11740-9,고덕삼환아파트,고덕로62길 126,,,
11740,11740-90,삼성광나루,상암로3길 77,A13405002,상암로3길 77,원문 일치
11740,11740-91,선사현대아파트,상암로 11,A13405201,상암로 11,원문 일치
11740,11740-94,신동아빌라트,고덕로27길 33-27,,,
11740,11740-95,암사동한솔,암사19길 25,A13485401,암사19길 25,원문 일치
11740,11740-96,암사라인,올림픽로104길 32,,,
11740,11740-969,성원,명일로12길 56,,,
11740,11740-98,정산(102동),올림픽로104길 14,,,
11740,11740-99,중앙하이츠,올림픽로98가길 47,,,
