sgg_cd,apt_seq,apt_nm,road_key,fail_reason
11110,11110-101,크래스빌,평창24길 6,K-apt 마스터에 없음
11110,11110-105,탑스빌,종로65길 12-4,K-apt 마스터에 없음
11110,11110-107,경희궁파크팰리스,사직로8길 20,K-apt 마스터에 없음
11110,11110-112,신현(102동),필운대로10길 18-8,K-apt 마스터에 없음
11110,11110-115,경희궁의아침2단지,사직로8길 24,K-apt 마스터에 없음
11110,11110-117,경희궁의아침4단지,새문안로3길 23,K-apt 마스터에 없음
11110,11110-118,킹스매너,경희궁2길 5-5,K-apt 마스터에 없음
11110,11110-12,롯데미도파광화문빌딩,세종대로23길 47,K-apt 마스터에 없음
11110,11110-124,동성아파트(1동),동숭4라길 29,K-apt 마스터에 없음
11110,11110-127,송림아마레스아파트,성균관로17길 22,K-apt 마스터에 없음
11110,11110-128,리치캐슬아파트,성균관로14길 19,K-apt 마스터에 없음
11110,11110-13,세종,세종대로23길 54,K-apt 마스터에 없음
11110,11110-131,하림빌라트,숭인동길 83-15,K-apt 마스터에 없음
11110,11110-132,동문(482-0),숭인동길 71,K-apt 마스터에 없음
11110,11110-14,세종로대우,새문안로3길 30,K-apt 마스터에 없음
11110,11110-146,벽산블루밍평창힐스,평창문화로 118,K-apt 마스터에 없음
11110,11110-15,신문로맨션,새문안로3길 12,K-apt 마스터에 없음
11110,11110-150,부암스카이뷰,창의문로 166,K-apt 마스터에 없음
11110,11110-151,프라임캐슬(케이빌라트),창의문로5길 7,K-apt 마스터에 없음
11110,11110-153,MID그린(2동),창신길 140-19,K-apt 마스터에 없음
11110,11110-16,운현신화타워,삼일대로32길 36,K-apt 마스터에 없음
11110,11110-204,효자,자하문로 55,K-apt 마스터에 없음
11110,11110-205,로얄팰리스스위트,율곡로2길 7,K-apt 마스터에 없음
11110,11110-206,혜화훼미리,혜화로8길 25,K-apt 마스터에 없음
11110,11110-2073,형우럭스빌(33-1),평창문화로 102-15,K-apt 마스터에 없음
11110,11110-2082,세종아파트,필운대로 69,K-apt 마스터에 없음
11110,11110-212,방산아파트,성균관로17길 33,K-apt 마스터에 없음
11110,11110-2128,건양하늘터,혜화로9길 28,K-apt 마스터에 없음
11110,11110-2132,별빛고운,창의문로10길 29,K-apt 마스터에 없음
11110,11110-2150,브라운스톤창신,지봉로 81,K-apt 마스터에 없음
11110,11110-2164,신동아블루아광화문의꿈,사직로 102,K-apt 마스터에 없음
11110,11110-217,(627-120),낙산성곽동길 35-1,K-apt 마스터에 없음
11110,11110-2175,두레엘리시안,필운대로2길 2,K-apt 마스터에 없음
11110,11110-219,포시즌,진흥로 450-5,K-apt 마스터에 없음
11110,11110-2204,광화문스페이스본(106동),경희궁길 57,K-apt 마스터에 없음
11110,11110-2223,대성스카이렉스,삼봉로 95,K-apt 마스터에 없음
11110,11110-2246,롯데캐슬로잔,평창문화로 156,K-apt 마스터에 없음
11110,11110-2261,엘리시아,평창문화로 142,K-apt 마스터에 없음
11110,11110-2291,CS타워,율곡로20길 24,K-apt 마스터에 없음
11110,11110-2292,밀레니엄,평창12길 14-4,K-apt 마스터에 없음
11110,11110-2301,무악다온채,통일로14길 35,K-apt 마스터에 없음
11110,11110-2322,삼전솔하임2차,종로58가길 27,K-apt 마스터에 없음
11110,11110-2334,종로유케이201,난계로29길 33-4,K-apt 마스터에 없음
11110,11110-2336,버넷하임1,난계로29가길 16,K-apt 마스터에 없음
11110,11110-2339,종로중흥S클래스,종로66길 28,K-apt 마스터에 없음
11110,11110-2343,종로동광모닝스카이,난계로29가길 24,K-apt 마스터에 없음
11110,11110-2344,종로아인스빌,난계로29가길 19,K-apt 마스터에 없음
11110,11110-2348,익성씨티하임,난계로29가길 17,K-apt 마스터에 없음
11110,11110-2359,이화에수풀,대학로 47,K-apt 마스터에 없음
11110,11110-2366,숭인한양LEEPS,난계로29가길 20,K-apt 마스터에 없음
11110,11110-2368,삼전솔하임4차,지봉로4길 13,K-apt 마스터에 없음
11110,11110-2411,아르젠종로,종로31길 54,K-apt 마스터에 없음
11110,11110-2450,블루빌,종로58가길 9,K-apt 마스터에 없음
11110,11110-2502,마운틴뷰,비봉길 7,K-apt 마스터에 없음
11110,11110-2539,디팰리스,새문안로2길 10,K-apt 마스터에 없음
11110,11110-2561,이지마루종로,김상옥로 55,K-apt 마스터에 없음
11110,11110-2708,에비뉴청계Ⅰ,종로66길 35,K-apt 마스터에 없음
11110,11110-29,덕산,창신9길 14,K-apt 마스터에 없음
11110,11110-30,동대문,지봉로 25,K-apt 마스터에 없음
11110,11110-31,동대문맨션,창신길 20,K-apt 마스터에 없음
11110,11110-33,동문상가,종로44길 14,K-apt 마스터에 없음
11110,11110-3414,에비뉴청계Ⅱ,난계로29가길 28,K-apt 마스터에 없음
11110,11110-3467,그린나래,평창문화로 67,K-apt 마스터에 없음
11110,11110-36,성용,창신4가길 40-3,K-apt 마스터에 없음
11110,11110-38,유성,창신7가길 14-6,K-apt 마스터에 없음
11110,11110-4,청운현대,자하문로33길 43,K-apt 마스터에 없음
11110,11110-40,흥인,창신길 131-4,K-apt 마스터에 없음
11110,11110-41,그린,낙산5길 22,K-apt 마스터에 없음
11110,11110-42,창신이수,지봉로 87,K-apt 마스터에 없음
11110,11110-43,MID그린(8동),창신길 140-8,K-apt 마스터에 없음
11110,11110-44,도시그린빌라,숭인동1길 31,K-apt 마스터에 없음
11110,11110-45,"동문(비동,씨동)(494-0)",숭인동2길 14-5,K-apt 마스터에 없음
11110,11110-48,숭인상가,청계천로 391,K-apt 마스터에 없음
11110,11110-49,오성,숭인동1나길 11-7,K-apt 마스터에 없음
11110,11110-51,동아,송월길 147,K-apt 마스터에 없음
11110,11110-52,대성아파트,사직로 21,K-apt 마스터에 없음
11110,11110-68,갑을아파트,평창문화로 19,K-apt 마스터에 없음
11110,11110-7,신현(101동),필운대로10길 16,K-apt 마스터에 없음
11110,11110-77,일성빌라트,평창문화로 119,K-apt 마스터에 없음
11110,11110-80,노블레스빌,평창문화로 81-6,K-apt 마스터에 없음
11110,11110-86,대아파크빌,진흥로 480,K-apt 마스터에 없음
11110,11110-89,구암하이빌,세검정로6다길 11-1,K-apt 마스터에 없음
11110,11110-92,아남2,혜화로3길 33,K-apt 마스터에 없음
11110,11110-94,MID그린(1동),창신길 140-21,K-apt 마스터에 없음
11110,11110-95,MID그린(9동),창신길 140-3,K-apt 마스터에 없음
11110,11110-96,MID그린(3동),창신길 140-16,K-apt 마스터에 없음
11110,11110-973,렉스빌,혜화로3가길 30,K-apt 마스터에 없음
11140,11140-1,경서,퇴계로2길 15-6,K-apt 마스터에 없음
11140,11140-10,평화,퇴계로8길 23,K-apt 마스터에 없음
11140,11140-1000,브라운스톤서울,청파로 464,K-apt 마스터에 없음
11140,11140-1003,태원팰리스5차(432-1132),동호로15길 91-8,K-apt 마스터에 없음
11140,11140-1004,이지-빌,퇴계로8길 65-3,K-apt 마스터에 없음
11140,11140-1010,바비엥3,통일로 86,K-apt 마스터에 없음
11140,11140-1012,한진해모로,왕십리로39길 30,K-apt 마스터에 없음
11140,11140-1013,노블레스하우스,다산로34길 26,K-apt 마스터에 없음
11140,11140-1018,삼성V아파트A동,청구로4길 40,K-apt 마스터에 없음
11140,11140-1039,롯데캐슬,청계천로 400,후보 2개 이상(모호)
11140,11140-1053,상지리츠빌장충동카일룸,동호로20나길 30,K-apt 마스터에 없음
11140,11140-1058,청구103동,청구로1길 47,K-apt 마스터에 없음
11140,11140-1062,남산FORESTHOUSE,동호로17길 242,K-apt 마스터에 없음
11140,11140-1119,남산트라팰리스,소월로2길 30,K-apt 마스터에 없음
11140,11140-1125,(372-66),동호로5길 12,K-apt 마스터에 없음
11140,11140-1141,래미안하이베르,퇴계로90길 74,후보 2개 이상(모호)
11140,11140-1144,청구e편한세상,청구로 64,후보 2개 이상(모호)
11140,11140-1197,한양I-Class,난계로 173,K-apt 마스터에 없음
11140,11140-1206,DUO302,난계로 169,K-apt 마스터에 없음
11140,11140-1217,신당아르브,난계로 151,K-apt 마스터에 없음
11140,11140-1248,(1546-0),난계로15길 36-6,K-apt 마스터에 없음
11140,11140-1255,신당역솔하임,퇴계로 448,K-apt 마스터에 없음
11140,11140-1273,신당블루카운티,난계로11길 22,K-apt 마스터에 없음
11140,11140-1274,동대문솔하임,마장로 58,K-apt 마스터에 없음
11140,11140-1286,그랜드힐오피스텔,마장로9길 49-15,K-apt 마스터에 없음
11140,11140-1297,골드캐슬Ⅲ,난계로21길 39,K-apt 마스터에 없음
11140,11140-1301,위더스하임,퇴계로73길 20,K-apt 마스터에 없음
11140,11140-1303,충무로헤센스마트,서애로1길 11,K-apt 마스터에 없음
11140,11140-1306,동광팰리스,난계로17길 16,K-apt 마스터에 없음
11140,11140-1315,위너빌(Winnervill),마장로14길 11,K-apt 마스터에 없음
11140,11140-1319,청계리버팰리스B,난계로17길 58-8,K-apt 마스터에 없음
11140,11140-1321,이지마루오장,마른내로 126-1,K-apt 마스터에 없음
11140,11140-1330,청계리버팰리스A,난계로17길 48,K-apt 마스터에 없음
11140,11140-1350,이지마루충무로,퇴계로49길 26,K-apt 마스터에 없음
11140,11140-1364,오장동오팰리오,마른내로 127,K-apt 마스터에 없음
11140,11140-1370,약수역더시티,동호로7길 14,K-apt 마스터에 없음
11140,11140-1380,청계랜드힐아파트,난계로17길 40-16,K-apt 마스터에 없음
11140,11140-16,충무,퇴계로50길 42,K-apt 마스터에 없음
11140,11140-17,미주,필동로5길 2,K-apt 마스터에 없음
11140,11140-18,예장동삼익,퇴계로30길 24,K-apt 마스터에 없음
11140,11140-19,장충동라임카운티,동호로20가길 38,K-apt 마스터에 없음
11140,11140-2,정동,정동길 13,K-apt 마스터에 없음
11140,11140-20,장충레지던스,동호로20나길 23,K-apt 마스터에 없음
11140,11140-21,장충,동호로25길 36,K-apt 마스터에 없음
11140,11140-23,대림상가,을지로 157,K-apt 마스터에 없음
11140,11140-26,우일타운,다산로 274,K-apt 마스터에 없음
11140,11140-28,남산타운,다산로 32,후보 2개 이상(모호)
11140,11140-30,동평화패션타운,청계천로 318,K-apt 마스터에 없음
11140,11140-307,하이,다산로40길 23,K-apt 마스터에 없음
11140,11140-309,태원팰리스,다산로21길 31,K-apt 마스터에 없음
11140,11140-313,서울역디오빌,만리재로 193,K-apt 마스터에 없음
11140,11140-32,삼성,청구로1길 23,후보 2개 이상(모호)
11140,11140-37,약수하이츠,동호로10길 30,후보 2개 이상(모호)
11140,11140-39,하이1(113-5),퇴계로80길 30,K-apt 마스터에 없음
11140,11140-42,청구드림,청구로4길 30,K-apt 마스터에 없음
11140,11140-43,타워,청구로6길 8,K-apt 마스터에 없음
11140,11140-44,탑힐,청구로1길 6,K-apt 마스터에 없음
11140,11140-45,성지,청구로3길 80,K-apt 마스터에 없음
11140,11140-46,명경,동호로11마길 5,K-apt 마스터에 없음
11140,11140-47,글로리안(B),동호로11바길 21,K-apt 마스터에 없음
11140,11140-48,글로리안(A),동호로11바길 17,K-apt 마스터에 없음
11140,11140-50,노블레스2,동호로17길 229,K-apt 마스터에 없음
11140,11140-52,성요셉,서소문로6길 34,K-apt 마스터에 없음
11140,11140-57,란스미어,청구로17길 24-5,K-apt 마스터에 없음
11140,11140-58,프라임1,동호로17길 256-4,K-apt 마스터에 없음
11140,11140-60,프라임2,동호로17길 256-12,K-apt 마스터에 없음
11140,11140-61,남산퍼시픽,퇴계로20나길 12,K-apt 마스터에 없음
11140,11140-63,청구파크뷰,청구로6길 52,K-apt 마스터에 없음
11140,11140-64,마이스터빌,동호로20다길 10,K-apt 마스터에 없음
11140,11140-65,벨레어카운티,동호로20길 16,K-apt 마스터에 없음
11140,11140-69,다오아트빌,동호로11마길 24,K-apt 마스터에 없음
11140,11140-70,인성아트빌,동호로11마길 20-7,K-apt 마스터에 없음
11140,11140-71,동산,동호로11아길 15,K-apt 마스터에 없음
11140,11140-73,(432-904),동호로11마길 20-8,K-apt 마스터에 없음
11140,11140-74,푸른마을(432-921),동호로11마길 34,K-apt 마스터에 없음
11140,11140-75,푸른마을(B),동호로11마길 32,K-apt 마스터에 없음
11140,11140-76,토토타워(5차),동호로11바길 22,K-apt 마스터에 없음
11140,11140-8,별장,퇴계로12길 88,K-apt 마스터에 없음
11140,11140-80,신신(2차),동호로11자길 22,K-apt 마스터에 없음
11140,11140-82,신신(1차),동호로11자길 23,K-apt 마스터에 없음
11140,11140-83,명경아트빌,동호로11마길 46,K-apt 마스터에 없음
11140,11140-84,다다아파트,동호로11마길 40,K-apt 마스터에 없음
11140,11140-88,도현블랑빌,동호로17길 256-35,K-apt 마스터에 없음
11140,11140-9,삼풍,소공로3길 29-8,K-apt 마스터에 없음
11140,11140-90,삼성홈타운,다산로42가길 43,K-apt 마스터에 없음
11140,11140-989,남산정은스카이,다산로 56,K-apt 마스터에 없음
11140,11140-994,(432-2001),동호로11바길 30-8,K-apt 마스터에 없음
11140,11140-998,삼성파크빌,을지로 221,K-apt 마스터에 없음
11170,11170-1,신후암,후암로28길 10,K-apt 마스터에 없음
11170,11170-11,원효,원효로 166,K-apt 마스터에 없음
11170,11170-112,한남하우스,한남대로28가길 5,K-apt 마스터에 없음
11170,11170-114,한성1,독서당로 73-4,K-apt 마스터에 없음
11170,11170-116,현대안성타워,이태원로 217,K-apt 마스터에 없음
11170,11170-119,효성빌리지,유엔빌리지3길 2,K-apt 마스터에 없음
11170,11170-12,금성아파트,원효로 129,K-apt 마스터에 없음
11170,11170-120,현대하이페리온,서빙고로 413,K-apt 마스터에 없음
11170,11170-128,힐하우스,장문로9길 60,K-apt 마스터에 없음
11170,11170-130,그린파크(코오롱하늘채),서빙고로51길 64,K-apt 마스터에 없음
11170,11170-137,한강빌라,보광로7길 55,K-apt 마스터에 없음
11170,11170-140,미주B,이촌로62길 9,K-apt 마스터에 없음
11170,11170-141,이촌코오롱(B),이촌로89길 32,K-apt 마스터에 없음
11170,11170-142,행남그랜드,후암로16가길 4,K-apt 마스터에 없음
11170,11170-143,남산애지앙,후암로34길 31-17,K-apt 마스터에 없음
11170,11170-144,울트라멤버스,임정로 9,K-apt 마스터에 없음
11170,11170-147,뉴캐슬하우스,대사관로7길 8,K-apt 마스터에 없음
11170,11170-148,힐탑트레져1동,유엔빌리지길 200-16,K-apt 마스터에 없음
11170,11170-149,쌍용스윗닷홈,한강대로10길 14,K-apt 마스터에 없음
11170,11170-15,풍전,원효로25길 14,K-apt 마스터에 없음
11170,11170-151,한울글로리A,효창원로76길 7,K-apt 마스터에 없음
11170,11170-152,퍼시픽맨션골드,녹사평대로42길 27,K-apt 마스터에 없음
11170,11170-159,베르체,효창원로72길 29,K-apt 마스터에 없음
11170,11170-16,SK청암대(64-1),삼개로 58,K-apt 마스터에 없음
11170,11170-160,화이트타운,효창원로70길 26,K-apt 마스터에 없음
11170,11170-166,아이딜,청파로71길 58,K-apt 마스터에 없음
11170,11170-167,목화,청파로47나길 45-37,K-apt 마스터에 없음
11170,11170-169,원효전자상가,청파로 83,K-apt 마스터에 없음
11170,11170-17,SK청암대(64-29),삼개로 56,K-apt 마스터에 없음
11170,11170-170,삼성하이츠,효창원로25다길 17-3,K-apt 마스터에 없음
11170,11170-171,대호드림빌(38-213),효창원로37마길 12,K-apt 마스터에 없음
11170,11170-172,대성2차,효창원로25나길 21,K-apt 마스터에 없음
11170,11170-174,한강대우트럼프월드3,한강대로 26,K-apt 마스터에 없음
11170,11170-176,마운틴뷰,녹사평대로46길 84,K-apt 마스터에 없음
11170,11170-178,이태원(이테크빌),이태원로20길 31,K-apt 마스터에 없음
11170,11170-183,형우베스트빌3차,독서당로 90,K-apt 마스터에 없음
11170,11170-186,아일랜드캐슬,대사관로7길 5,K-apt 마스터에 없음
11170,11170-188,장미1,우사단로10길 39-96,K-apt 마스터에 없음
11170,11170-19,효창로즈,효창원로93길 16,K-apt 마스터에 없음
11170,11170-191,지오베르크,백범로 346,K-apt 마스터에 없음
11170,11170-198,세인트힐,효창원로72길 42,K-apt 마스터에 없음
11170,11170-2,뉴후암,후암로 71,K-apt 마스터에 없음
11170,11170-200,태성1,대사관로24길 8,K-apt 마스터에 없음
11170,11170-202,한강로대우아이빌,한강대로43길 13,K-apt 마스터에 없음
11170,11170-203,삼라마이다스빌2,백범로90라길 28,K-apt 마스터에 없음
11170,11170-204,제일,후암로48길 16,K-apt 마스터에 없음
11170,11170-205,브라운스톤남산,후암로 65,K-apt 마스터에 없음
11170,11170-206,현대플라티앙2,장문로9길 65,K-apt 마스터에 없음
11170,11170-207,현대플래티앙Ⅰ,장문로 47,K-apt 마스터에 없음
11170,11170-2099,PRIMAVERAVILL,서빙고로91가길 29-7,K-apt 마스터에 없음
11170,11170-22,효창맨션,효창원로 157,K-apt 마스터에 없음
11170,11170-228,장미(203-14),이촌로18길 3-7,K-apt 마스터에 없음
11170,11170-23,효창한신,백범로45길 9-11,K-apt 마스터에 없음
11170,11170-2304,이안용산1차(102동),백범로90길 74,K-apt 마스터에 없음
11170,11170-2305,이안용산1차(101동),백범로90길 74,K-apt 마스터에 없음
11170,11170-2306,이안용산1차(103동),백범로90길 74,K-apt 마스터에 없음
11170,11170-2310,동원베네스트,이촌로14길 7,K-apt 마스터에 없음
11170,11170-2327,세양청마루,백범로 250,K-apt 마스터에 없음
11170,11170-2338,이안용산3차,청파로 205-26,K-apt 마스터에 없음
11170,11170-2343,로얄카운티-2,백범로79다길 27,K-apt 마스터에 없음
11170,11170-2346,대성이태리하우스,한남대로27길 42,K-apt 마스터에 없음
11170,11170-2348,한강자이에클라트,이촌로 1,K-apt 마스터에 없음
11170,11170-2377,명남아띠팰리스,후암로16나길 20,K-apt 마스터에 없음
11170,11170-24,효창베네스,효창원로69길 57,K-apt 마스터에 없음
11170,11170-2438,용산아이피아대주피오레,청파로20길 9,K-apt 마스터에 없음
11170,11170-2457,용산파크e-편한세상,한강대로53길 16,K-apt 마스터에 없음
11170,11170-2552,로얄카운티-3,백범로79다길 35,K-apt 마스터에 없음
11170,11170-2562,태원팰리스,효창원로70길 49,K-apt 마스터에 없음
11170,11170-257,삼안리치10차,한강대로104라길 21,K-apt 마스터에 없음
11170,11170-258,신주에지앙,후암로28마길 2,K-apt 마스터에 없음
11170,11170-26,도원,새창로12길 11-15,K-apt 마스터에 없음
11170,11170-260,한강수,효창원로8길 16,K-apt 마스터에 없음
11170,11170-262,임선웰빙아파트,효창원로66길 33,K-apt 마스터에 없음
11170,11170-2627,준아트빌,이태원로27나길 40,K-apt 마스터에 없음
11170,11170-2671,한강동부,이촌로58길 16,K-apt 마스터에 없음
11170,11170-2683,두산위브트레지움,이촌로 177,K-apt 마스터에 없음
11170,11170-2719,트윈빌에이동,유엔빌리지길 11,K-apt 마스터에 없음
11170,11170-2720,트윈빌비동,유엔빌리지길 289,K-apt 마스터에 없음
11170,11170-273,삼안리치8차,한강대로102다길 26,K-apt 마스터에 없음
11170,11170-2735,보람더하임,이촌로58길 19,K-apt 마스터에 없음
11170,11170-275,힐튼빌리지1차,후암로22길 29,K-apt 마스터에 없음
11170,11170-276,화인,후암로16길 27,K-apt 마스터에 없음
11170,11170-2765,한남동동원베네스트,독서당로 22,K-apt 마스터에 없음
11170,11170-2767,용산파크타워(24-1),서빙고로 69,K-apt 마스터에 없음
11170,11170-277,두리파크빌,한강대로102나길 23,K-apt 마스터에 없음
11170,11170-279,효창팰리스2차,효창원로70길 10,K-apt 마스터에 없음
11170,11170-28,제일1,새창로12길 11-7,K-apt 마스터에 없음
11170,11170-280,효창아트빌2차,효창원로69길 31,K-apt 마스터에 없음
11170,11170-281,예빌리지,백범로45길 9-10,K-apt 마스터에 없음
11170,11170-282,메이(124-12),이태원로27나길 36,K-apt 마스터에 없음
11170,11170-283,ThePlusⅢ,이태원로27길 62-34,K-apt 마스터에 없음
11170,11170-284,창덕아파트,회나무로21길 7,K-apt 마스터에 없음
11170,11170-285,유엔맨숀,독서당로 108,K-apt 마스터에 없음
11170,11170-2864,한남파라곤,한남대로27길 52,K-apt 마스터에 없음
11170,11170-2865,시티하우스,한강대로14길 37,K-apt 마스터에 없음
11170,11170-287,오페라하우스3차,대사관로 23,K-apt 마스터에 없음
11170,11170-2889,아인하우스,효창원로70길 19,K-apt 마스터에 없음
11170,11170-29,삼각아파트,한강대로62길 32,K-apt 마스터에 없음
11170,11170-2906,프라임펠리스,백범로90길 38,K-apt 마스터에 없음
11170,11170-291,리버힐에이동,서빙고로75가길 31,K-apt 마스터에 없음
11170,11170-2913,용산큐브,백범로90길 12,K-apt 마스터에 없음
11170,11170-292,라이온즈,장문로 24,K-apt 마스터에 없음
11170,11170-294,대림아르빌,대사관로11길 21,K-apt 마스터에 없음
11170,11170-295,아이딜,백범로51길 23,K-apt 마스터에 없음
11170,11170-3,후암맨션,후암로44길 8,K-apt 마스터에 없음
11170,11170-3048,래미안첼리투스,이촌로 310,K-apt 마스터에 없음
11170,11170-3092,한남해피트리,한남대로27길 60,K-apt 마스터에 없음
11170,11170-31,전자타운한신(A),청파로 113-11,K-apt 마스터에 없음
11170,11170-3174,용산파크뷰(46-3),원효로 251,K-apt 마스터에 없음
11170,11170-3183,G&P용산파크,청파로 201-17,K-apt 마스터에 없음
11170,11170-32,철우,서빙고로 48,K-apt 마스터에 없음
11170,11170-3200,월드메르디앙,이촌로62길 14,K-apt 마스터에 없음
11170,11170-3222,르가든더메인한남,한남대로10길 16,K-apt 마스터에 없음
11170,11170-3232,삼각아파트C동,한강대로62길 26,K-apt 마스터에 없음
11170,11170-3278,파르크한남,유엔빌리지길 80-36,K-apt 마스터에 없음
11170,11170-33,강변,이촌로 104,K-apt 마스터에 없음
11170,11170-3311,G&D용산드림,이촌로2가길 9,K-apt 마스터에 없음
11170,11170-3331,센트럴파크,한강대로62길 45-25,K-apt 마스터에 없음
11170,11170-3342,시온캐슬용산,원효로81길 3,K-apt 마스터에 없음
11170,11170-34,강서,이촌로34길 10,K-apt 마스터에 없음
11170,11170-3413,용산데시앙포레,효창원로93길 9,K-apt 마스터에 없음
11170,11170-3423,용산소미글로벌리버파크,원효로 111,K-apt 마스터에 없음
11170,11170-35,강촌,이촌로87길 14,K-apt 마스터에 없음
11170,11170-3533,아페르한강,녹사평대로11길 14,K-apt 마스터에 없음
11170,11170-37,노들,이촌로64길 20,K-apt 마스터에 없음
11170,11170-4178,호반써밋A.DITION,한강대로 66,K-apt 마스터에 없음
11170,11170-43,로얄맨숀,이촌로75길 6,K-apt 마스터에 없음
11170,11170-44,리버뷰,이촌로 224,K-apt 마스터에 없음
11170,11170-48,빌라맨션,이촌로 156,K-apt 마스터에 없음
11170,11170-49,삼익,이촌로 260,K-apt 마스터에 없음
11170,11170-5,예빌리지,후암로22길 7,K-apt 마스터에 없음
11170,11170-51,이촌시범,이촌로 34,K-apt 마스터에 없음
11170,11170-56,장미,이촌로64길 61,K-apt 마스터에 없음
11170,11170-57,점보,이촌로88길 3,K-apt 마스터에 없음
11170,11170-58,정우,이촌로54길 16,K-apt 마스터에 없음
11170,11170-59,제일,이촌로 192,K-apt 마스터에 없음
11170,11170-6,용암한신,신흥로2길 58,K-apt 마스터에 없음
11170,11170-60,시범(중산1차),이촌로2가길 36,K-apt 마스터에 없음
11170,11170-61,중앙하이츠(A),이촌로84길 17,K-apt 마스터에 없음
11170,11170-63,퀸스리버빌,이촌로46길 26,K-apt 마스터에 없음
11170,11170-66,한가람,이촌로65길 8,K-apt 마스터에 없음
11170,11170-7,한신,녹사평대로 245,K-apt 마스터에 없음
11170,11170-73,남산힐레지던스,이태원로27다길 11,K-apt 마스터에 없음
11170,11170-75,용산동아파트,녹사평대로 250-1,K-apt 마스터에 없음
11170,11170-76,주공1,녹사평대로 286,K-apt 마스터에 없음
11170,11170-8,동자,한강대로104마길 30,K-apt 마스터에 없음
11170,11170-82,리버탑,독서당로6길 16,K-apt 마스터에 없음
11170,11170-83,리버티하우스,독서당로 70,K-apt 마스터에 없음
11170,11170-90,성아1,독서당로 73,K-apt 마스터에 없음
11170,11170-93,시범,독서당로34길 22,K-apt 마스터에 없음
11170,11170-95,스카이빌2,이태원로27나길 50,K-apt 마스터에 없음
11200,11200-1,극동미라주,난계로 73,후보 2개 이상(모호)
11200,11200-100,모닝빌아파트,독서당로 155,K-apt 마스터에 없음
11200,11200-102,우성,성수일로11길 9,K-apt 마스터에 없음
11200,11200-12,삼웅아파트2동,마장로46길 18,K-apt 마스터에 없음
11200,11200-134,화이트캐슬,독서당로39길 33,K-apt 마스터에 없음
11200,11200-14,현대,살곶이길 50,K-apt 마스터에 없음
11200,11200-15,장원,마장로35길 104,K-apt 마스터에 없음
11200,11200-151,상기,금호산9가길 52,K-apt 마스터에 없음
11200,11200-152,서울숲해오름(717-0),상원6나길 16,K-apt 마스터에 없음
11200,11200-153,이화101동,성수이로7가길 20,K-apt 마스터에 없음
11200,11200-154,이화102동,성수이로7가길 18,K-apt 마스터에 없음
11200,11200-155,성동리버뷰,동일로43길 21-1,K-apt 마스터에 없음
11200,11200-156,아트리움,마장로39길 36,K-apt 마스터에 없음
11200,11200-16,벽산,살곶이길 176,K-apt 마스터에 없음
11200,11200-17,중앙하이츠,사근동길 65,K-apt 마스터에 없음
11200,11200-18,대림e-편한세상,행당로 79,후보 2개 이상(모호)
11200,11200-1831,동인샤인빌,독서당로 242,K-apt 마스터에 없음
11200,11200-2,금호베스트빌,난계로 114-31,후보 2개 이상(모호)
11200,11200-22,행당한진타운,행당로 82,후보 2개 이상(모호)
11200,11200-24,서울숲 한신 더 휴,고산자로 164,후보 2개 이상(모호)
11200,11200-2562,성동상가,성덕정15길 12,K-apt 마스터에 없음
11200,11200-26,서울숲한성,마조로1길 55,K-apt 마스터에 없음
11200,11200-2674,청계대주파크빌,무학로12길 11,K-apt 마스터에 없음
11200,11200-2675,(1-10),마조로1길 45,K-apt 마스터에 없음
11200,11200-2689,금호1차푸르지오,금호산길 8,K-apt 마스터에 없음
11200,11200-2703,신명스카이뷰,마장로 258,K-apt 마스터에 없음
11200,11200-2722,신금호두산위브,행당로 31,K-apt 마스터에 없음
11200,11200-2728,우성2차,성수이로16길 13,K-apt 마스터에 없음
11200,11200-2729,예건네스빌,한림말1길 10,K-apt 마스터에 없음
11200,11200-2777,드림,왕십리로31길 9-50,K-apt 마스터에 없음
11200,11200-2828,주암해븐,무학로10길 4,K-apt 마스터에 없음
11200,11200-2829,YM프라젠,자동차시장1길 14,K-apt 마스터에 없음
11200,11200-2882,대명루첸,뚝섬로 436,K-apt 마스터에 없음
11200,11200-2895,왕십리지웰,무학봉길 76,K-apt 마스터에 없음
11200,11200-2902,브라운스톤2차,동호로 93,K-apt 마스터에 없음
11200,11200-2991,상리제나우스,무학봉28길 5,K-apt 마스터에 없음
11200,11200-3018,덕현해밀,용답29길 29,K-apt 마스터에 없음
11200,11200-3024,텐즈힐(2단지),마장로 137,후보 2개 이상(모호)
11200,11200-3027,E-아름다운세상,광나루로6길 7-1,K-apt 마스터에 없음
11200,11200-3038,블루빌,왕십리로31길 15,K-apt 마스터에 없음
11200,11200-3052,삼성홈타운,마조로15길 23,K-apt 마스터에 없음
11200,11200-3074,텐즈힐(1단지),무학로 33,후보 2개 이상(모호)
11200,11200-3092,양지쉐르빌아파트,동일로 291,K-apt 마스터에 없음
11200,11200-3155,우성에비뉴,고산자로26길 11,K-apt 마스터에 없음
11200,11200-3162,한양마이라움,살곶이길 146,K-apt 마스터에 없음
11200,11200-3189,센트럴큐브,난계로24길 19,K-apt 마스터에 없음
11200,11200-3210,왕십리지음재,무학봉28길 3-1,K-apt 마스터에 없음
11200,11200-3237,히페리온리버팰리스,송정길 32,K-apt 마스터에 없음
11200,11200-3253,서울숲르씨엘,독서당로46길 34,K-apt 마스터에 없음
11200,11200-33,푸른마을(8차),행당로 31-35,K-apt 마스터에 없음
11200,11200-35,대우,독서당로 272,후보 2개 이상(모호)
11200,11200-36,삼산금호,금호로3길 10,K-apt 마스터에 없음
11200,11200-4,벽산,무학로 50,후보 2개 이상(모호)
11200,11200-40,극동옥정,한림말길 24,K-apt 마스터에 없음
11200,11200-41,벽산빌라트,한림말길 56,K-apt 마스터에 없음
11200,11200-4186,한영스테이,마장로42길 6,K-apt 마스터에 없음
11200,11200-42,옥수삼성,독서당로 218,후보 2개 이상(모호)
11200,11200-43,옥수,한림말3길 24,K-apt 마스터에 없음
11200,11200-44,옥수하이츠,한림말길 50,후보 2개 이상(모호)
11200,11200-48,옥수이테크빌,독서당로40길 27,K-apt 마스터에 없음
11200,11200-50,서울숲대림,뚝섬로1길 4,K-apt 마스터에 없음
11200,11200-52,동아,왕십리로 80,K-apt 마스터에 없음
11200,11200-54,뚝섬현대,상원길 42,K-apt 마스터에 없음
11200,11200-55,강변동양,둘레길 21,K-apt 마스터에 없음
11200,11200-57,우방,상원길 75,K-apt 마스터에 없음
11200,11200-58,신장미,왕십리로 66-15,K-apt 마스터에 없음
11200,11200-60,한진타운,뚝섬로 310,K-apt 마스터에 없음
11200,11200-64,강변금호타운,둘레19길 6,K-apt 마스터에 없음
11200,11200-65,강변임광,둘레19길 5,K-apt 마스터에 없음
11200,11200-66,강변청구3,성수이로2길 4,K-apt 마스터에 없음
11200,11200-67,강변현대,둘레11길 1,K-apt 마스터에 없음
11200,11200-7,상왕아파트,왕십리로31나길 33,K-apt 마스터에 없음
11200,11200-70,신성미소지움,뚝섬로13길 11,K-apt 마스터에 없음
11200,11200-75,금호베스트빌,광나루로 249,K-apt 마스터에 없음
11200,11200-76,중앙하이츠,용답중앙27길 10,K-apt 마스터에 없음
11200,11200-8,홍익한신,마장로 219,K-apt 마스터에 없음
11200,11200-83,신금호,행당로 31-43,K-apt 마스터에 없음
11200,11200-87,서울숲금강아미움,아차산로9길 34,K-apt 마스터에 없음
11200,11200-88,뉴타운,왕십리로 391-1,K-apt 마스터에 없음
11200,11200-89,마장동해맑은아파트,마조로15가길 11,K-apt 마스터에 없음
11200,11200-93,태성,마장로46길 6,K-apt 마스터에 없음
11200,11200-96,옥수힐,독서당로 184,K-apt 마스터에 없음
11200,11200-97,삼익,둘레19길 12,K-apt 마스터에 없음
11200,11200-99,레미테지,독서당로 154,K-apt 마스터에 없음
11215,11215-100,중곡2단지,긴고랑로1길 55,K-apt 마스터에 없음
11215,11215-101,삼성광장1,아차산로70길 17-21,K-apt 마스터에 없음
11215,11215-103,강변아파트,광나루로54길 23,K-apt 마스터에 없음
11215,11215-104,명성,광나루로36길 52,K-apt 마스터에 없음
11215,11215-105,퓨전빌,아차산로 437,K-apt 마스터에 없음
11215,11215-108,대보아파트(798-3),아차산로40길 16-9,K-apt 마스터에 없음
11215,11215-109,한강이레,자양강변길 301,K-apt 마스터에 없음
11215,11215-110,그린,뚝섬로56길 35,K-apt 마스터에 없음
11215,11215-112,현대8(803동),아차산로 508,K-apt 마스터에 없음
11215,11215-113,선화아파트,자양로48길 16,K-apt 마스터에 없음
11215,11215-114,우신,광나루로46길 52,K-apt 마스터에 없음
11215,11215-116,삼보드림,영화사로7길 4,K-apt 마스터에 없음
11215,11215-118,우남위시빌,아차산로58길 55,K-apt 마스터에 없음
11215,11215-119,삼보글로벌101동,긴고랑로14길 63,K-apt 마스터에 없음
11215,11215-120,성원쌍떼빌,천호대로129길 56,K-apt 마스터에 없음
11215,11215-122,그린트리,천호대로117길 25,K-apt 마스터에 없음
11215,11215-123,삼성로얄,자양로53길 36,K-apt 마스터에 없음
11215,11215-124,예다움,자양로53길 33,K-apt 마스터에 없음
11215,11215-125,대광그린,천호대로119길 16,K-apt 마스터에 없음
11215,11215-126,두리,용마산로5길 66,K-apt 마스터에 없음
11215,11215-129,대영(1동),자양로 159,K-apt 마스터에 없음
11215,11215-131,한강로얄,뚝섬로36길 38,K-apt 마스터에 없음
11215,11215-132,진넥스빌,자양강변길 251,K-apt 마스터에 없음
11215,11215-134,스카이빌1차,자양로21길 16-26,K-apt 마스터에 없음
11215,11215-135,노블스카이,자양로21길 25,K-apt 마스터에 없음
11215,11215-136,스카이빌2차,자양로21길 17,K-apt 마스터에 없음
11215,11215-139,신덕하이빌,구의로 52,K-apt 마스터에 없음
11215,11215-140,욱현(208-1),아차산로65길 57,K-apt 마스터에 없음
11215,11215-141,강변현대하이엘,강변역로4길 34,K-apt 마스터에 없음
11215,11215-142,홍익봄마을(102동),동일로34길 27-1,K-apt 마스터에 없음
11215,11215-143,그린,천호대로110길 78,K-apt 마스터에 없음
11215,11215-146,대영(62-68),긴고랑로 125,K-apt 마스터에 없음
11215,11215-147,에이탑,능동로 437,K-apt 마스터에 없음
11215,11215-157,삼성로얄아파트,영화사로 87,K-apt 마스터에 없음
11215,11215-174,대영1동,용마산로1길 78,K-apt 마스터에 없음
11215,11215-176,삼성로얄,자양로28길 89,K-apt 마스터에 없음
11215,11215-177,도성,자양로32길 16,K-apt 마스터에 없음
11215,11215-178,대성빌라트(552-6),영화사로15길 27,K-apt 마스터에 없음
11215,11215-179,청목파크빌,영화사로 85,K-apt 마스터에 없음
11215,11215-180,광남캐스빌,자양로 207-1,K-apt 마스터에 없음
11215,11215-182,유림,자양로21길 40,K-apt 마스터에 없음
11215,11215-183,구의현대하이엘,자양로 113,K-apt 마스터에 없음
11215,11215-184,자양강변I-Park,뚝섬로36길 75,K-apt 마스터에 없음
11215,11215-19,현대리버빌,아차산로78가길 17,K-apt 마스터에 없음
11215,11215-20,워커힐현대빌,아차산로78길 63,K-apt 마스터에 없음
11215,11215-22,흥화빌라트,구천면로 29,K-apt 마스터에 없음
11215,11215-23,광장동현대Ⅰ빌라트,광장로7길 31,K-apt 마스터에 없음
11215,11215-2388,세림리오빌,아차산로 451,K-apt 마스터에 없음
11215,11215-2389,태천해오름주상복합,아차산로46가길 23,K-apt 마스터에 없음
11215,11215-2392,자양힐101동,자양로21길 16-14,K-apt 마스터에 없음
11215,11215-2399,그레이스홈타운(101동),구의로16길 58,K-apt 마스터에 없음
11215,11215-2400,그레이스홈타운(102동),구의로16길 58-1,K-apt 마스터에 없음
11215,11215-2401,광진하나플러스,뚝섬로46길 74,K-apt 마스터에 없음
11215,11215-2411,워커힐 팰리스,아차산로78길 18,K-apt 마스터에 없음
11215,11215-2413,와이엠프라젠스파,자양로5길 33,K-apt 마스터에 없음
11215,11215-2419,데쟈뷰아파트,자양로44가길 4,K-apt 마스터에 없음
11215,11215-2426,구의동현진에버빌,광나루로46길 21,K-apt 마스터에 없음
11215,11215-2428,동북아스위트힐아파트,아차산로78길 53,K-apt 마스터에 없음
11215,11215-2429,이튼타워리버2차,능동로 50,K-apt 마스터에 없음
11215,11215-2430,이튼타워리버1차,능동로 68,K-apt 마스터에 없음
11215,11215-2435,진흥아르미,동일로 354,K-apt 마스터에 없음
11215,11215-2438,한화꿈에그린,뚝섬로24길 74,K-apt 마스터에 없음
11215,11215-2464,현대13차폴라트리움,구의강변로 102,K-apt 마스터에 없음
11215,11215-2467,구의현대홈시티,자양로 109,K-apt 마스터에 없음
11215,11215-2471,브라운스톤,광나루로 346,K-apt 마스터에 없음
11215,11215-2487,웰빙,능동로48길 49,K-apt 마스터에 없음
11215,11215-2500,아차산인앤인W클래스101동,천호대로137길 16-8,K-apt 마스터에 없음
11215,11215-2502,아차산인앤인W클래스102동,천호대로137길 16-10,K-apt 마스터에 없음
11215,11215-2530,삼성홈타운,자양로21길 42-6,K-apt 마스터에 없음
11215,11215-2567,삼보글로벌102동,긴고랑로14길 69,K-apt 마스터에 없음
11215,11215-2575,광진동양파라곤2단지,광나루로 361,K-apt 마스터에 없음
11215,11215-2576,광진동양파라곤1단지,광나루로 361,K-apt 마스터에 없음
11215,11215-2579,동북아스위트힐(리버리치빌),아차산로78길 43,K-apt 마스터에 없음
11215,11215-2582,파르네빌,구의강변로3길 16,K-apt 마스터에 없음
11215,11215-2649,광진하우스토리한강,구의강변로1길 44,K-apt 마스터에 없음
11215,11215-2656,광진We’vePark,광나루로 369,K-apt 마스터에 없음
11215,11215-2776,광진해모로리버뷰,강변역로4길 56,K-apt 마스터에 없음
11215,11215-2781,아차산한라아파트,영화사로16길 43,K-apt 마스터에 없음
11215,11215-2782,주성AURA,용마산로1길 48,K-apt 마스터에 없음
11215,11215-28,성동강변파크빌101(강변타워),구의강변로5길 7,K-apt 마스터에 없음
11215,11215-2912,아차산포레안,천호대로 716,K-apt 마스터에 없음
11215,11215-2919,유진스웰,아차산로78길 7,K-apt 마스터에 없음
11215,11215-3,극동1,아차산로 552,후보 2개 이상(모호)
11215,11215-30,새한,자양로26길 71,K-apt 마스터에 없음
11215,11215-3019,동우아파트,자양로 304,K-apt 마스터에 없음
11215,11215-3091,대원캐슬빌,자양로13가길 2,K-apt 마스터에 없음
11215,11215-3170,욱현하이브Ⅲ,용마산로1길 7,K-apt 마스터에 없음
11215,11215-3323,워커힐푸르지오,아차산로78길 10,K-apt 마스터에 없음
11215,11215-3392,주성힐스톤,광나루로44길 20,K-apt 마스터에 없음
11215,11215-34,해성아파트,자양로46길 9,K-apt 마스터에 없음
11215,11215-3408,AZ0213,자양로22길 16,K-apt 마스터에 없음
11215,11215-3445,에피소드1,동일로 190,K-apt 마스터에 없음
11215,11215-3509,광진코지웰,능동로19길 35,K-apt 마스터에 없음
11215,11215-3558,솔렌시아,자양로 154,K-apt 마스터에 없음
11215,11215-3573,한영해시안,동일로18길 10,K-apt 마스터에 없음
11215,11215-36,은진아파트5차,천호대로137길 19,K-apt 마스터에 없음
11215,11215-3742,파크타운,천호대로 671,K-apt 마스터에 없음
11215,11215-3793,솔렌시아2,자양로 172,K-apt 마스터에 없음
11215,11215-38,광남캐스빌(198-4),광나루로54길 13,K-apt 마스터에 없음
11215,11215-39,나크빌라트,아차산로58가길 11,K-apt 마스터에 없음
11215,11215-4,극동2,아차산로 552,후보 2개 이상(모호)
11215,11215-40,서원힐탑,군자로 100-2,K-apt 마스터에 없음
11215,11215-4121,한강현대아파트,아차산로70길 30,K-apt 마스터에 없음
11215,11215-43,호동,동일로40길 34,K-apt 마스터에 없음
11215,11215-4313,씨즈건대힐스,광나루로20길 17,K-apt 마스터에 없음
11215,11215-4346,테라팰리스중곡1,동일로64길 39,K-apt 마스터에 없음
11215,11215-4348,자양동명진센트라임,아차산로46가길 15,K-apt 마스터에 없음
11215,11215-4363,명성,자양번영로6길 33,K-apt 마스터에 없음
11215,11215-4380,삼성베스트빌(31차),동일로 429,K-apt 마스터에 없음
11215,11215-4472,스타파크아파트,자양로 203,K-apt 마스터에 없음
11215,11215-45,한강성원,능동로3길 17,K-apt 마스터에 없음
11215,11215-4511,테라팰리스건대2차,아차산로 311,K-apt 마스터에 없음
11215,11215-4578,테라팰리스건대1차,아차산로25길 60,K-apt 마스터에 없음
11215,11215-46,한강아남,능동로3다길 13,K-apt 마스터에 없음
11215,11215-4603,신원리브웰화양동주상복합,능동로 170,K-apt 마스터에 없음
11215,11215-4625,화양동동도센트리움캠퍼스파크,광나루로 370,K-apt 마스터에 없음
11215,11215-4700,옥산그린타워,구의강변로 53,K-apt 마스터에 없음
11215,11215-4712,한영해시안아파트,자양로 256,K-apt 마스터에 없음
11215,11215-4745,광진파크프라이빗,구의로16길 28-1,K-apt 마스터에 없음
11215,11215-4808,광진스위트엠아파트,광나루로20길 23,K-apt 마스터에 없음
11215,11215-4825,구의자이르네,광나루로39길 11,K-apt 마스터에 없음
11215,11215-4838,엘림퍼스트중곡동,동일로 404,K-apt 마스터에 없음
11215,11215-4884,위너스힐(111-89),광나루로20길 34,K-apt 마스터에 없음
11215,11215-4906,현대팰리스,자양로30길 65,K-apt 마스터에 없음
11215,11215-4910,더메종건대,동일로 174,K-apt 마스터에 없음
11215,11215-4954,스타파크,천호대로 700,K-apt 마스터에 없음
11215,11215-5035,광진파크하우스,자양로 227,K-apt 마스터에 없음
11215,11215-5120,그랜드아파트,뚝섬로52길 7,K-apt 마스터에 없음
11215,11215-5148,롯데캐슬리버파크시그니쳐,,도로명 키 생성 불가
11215,11215-5172,광진청년생활,동일로30길 31,K-apt 마스터에 없음
11215,11215-5187,광장르엣지29,광나루로 589,K-apt 마스터에 없음
11215,11215-52,대원리버빌,자양번영로1길 57,K-apt 마스터에 없음
11215,11215-54,신호빌라트,자양강변길 297,K-apt 마스터에 없음
11215,11215-58,우성4,자양번영로 59,K-apt 마스터에 없음
11215,11215-59,우성5,뚝섬로 553,K-apt 마스터에 없음
11215,11215-60,우성6,뚝섬로33길 42,K-apt 마스터에 없음
11215,11215-6143,백악관타워,천호대로 643,K-apt 마스터에 없음
11215,11215-6156,포제스한강,구천면로 25,K-apt 마스터에 없음
11215,11215-6170,리마크빌구의,자양로18길 22,K-apt 마스터에 없음
11215,11215-6181,강변스카이타워,강변역로 10,K-apt 마스터에 없음
11215,11215-69,파라다이스리버빌,자양로4나길 44,K-apt 마스터에 없음
11215,11215-70,한라아파트,뚝섬로35길 10,K-apt 마스터에 없음
11215,11215-73,현대3,뚝섬로56가길 10,K-apt 마스터에 없음
11215,11215-77,현대빌라트(643-23),뚝섬로52마길 42-18,K-apt 마스터에 없음
11215,11215-78,금강KCC,아차산로36길 13,K-apt 마스터에 없음
11215,11215-79,자양9차현대홈타운,뚝섬로34길 32,K-apt 마스터에 없음
11215,11215-80,대종리버빌,능동로4길 51,K-apt 마스터에 없음
11215,11215-84,삼민,긴고랑로15길 32,K-apt 마스터에 없음
11215,11215-85,성원,동일로 459,K-apt 마스터에 없음
11215,11215-86,신성그랜드타워,면목로 127,K-apt 마스터에 없음
11215,11215-88,중곡1단지,동일로72길 17,K-apt 마스터에 없음
11215,11215-89,대영(68-6),긴고랑로 149,K-apt 마스터에 없음
11215,11215-90,욱현,용마산로2길 45,K-apt 마스터에 없음
11215,11215-91,삼성로얄3,영화사로 58,K-apt 마스터에 없음
11215,11215-92,랜드,자양로53길 34,K-apt 마스터에 없음
11215,11215-94,대영2동,용마산로1길 84,K-apt 마스터에 없음
11215,11215-95,중곡동광덕,동일로76가길 17,K-apt 마스터에 없음
11215,11215-96,호동,긴고랑로4길 53,K-apt 마스터에 없음
11215,11215-97,광남캐스빌3차,천호대로107길 26,K-apt 마스터에 없음
11215,11215-98,화양타워,능동로19길 47,K-apt 마스터에 없음
11230,11230-1,두산베어스타워,왕산로 81,K-apt 마스터에 없음
11230,11230-100,신부파스카(319-2),장한로36길 15,K-apt 마스터에 없음
11230,11230-102,정은스카이빌101동,답십리로69길 99,K-apt 마스터에 없음
11230,11230-103,공감대5차(334-5),장한로26길 71,K-apt 마스터에 없음
11230,11230-104,네오빌,장한로22길 44-22,K-apt 마스터에 없음
11230,11230-105,광남캐스빌,장한로26다길 12,K-apt 마스터에 없음
11230,11230-106,르메이에르1차(344-1),장한로26가길 7,K-apt 마스터에 없음
11230,11230-107,현대리노빌102동,장한로26다길 112,K-apt 마스터에 없음
11230,11230-108,현대리노빌101동,장한로26다길 116-2,K-apt 마스터에 없음
11230,11230-109,SM이로빌3차(358-18),장한로12길 79,K-apt 마스터에 없음
11230,11230-111,가야써니빌(373-7),장한로21길 11-9,K-apt 마스터에 없음
11230,11230-115,형인허브빌101동(417-3),천호대로83길 19,K-apt 마스터에 없음
11230,11230-117,형인허브빌102동(417-11),천호대로81길 24,K-apt 마스터에 없음
11230,11230-118,한일(424-1),천호대로79길 70,K-apt 마스터에 없음
11230,11230-119,금호(444-9),천호대로91길 49,K-apt 마스터에 없음
11230,11230-12,전농우성,사가정로 191,K-apt 마스터에 없음
11230,11230-120,비젼아파트101동,장한로8길 80,K-apt 마스터에 없음
11230,11230-122,SM이로빌4차A동(455-5),천호대로97길 35,K-apt 마스터에 없음
11230,11230-123,청량리신주,회기로8길 37,K-apt 마스터에 없음
11230,11230-127,현대리노빌103동,장한로26다길 106,K-apt 마스터에 없음
11230,11230-128,비젼(437-2),장한로10길 25-5,K-apt 마스터에 없음
11230,11230-13,세화,전농로38길 30,K-apt 마스터에 없음
11230,11230-138,명경아트빌,정릉천동로 112-7,K-apt 마스터에 없음
11230,11230-188,동일스카이씨티,이문로3길 16-2,K-apt 마스터에 없음
11230,11230-191,회기아파트(347-7),회기로 173-1,K-apt 마스터에 없음
11230,11230-1958,청재제일타운,왕산로16길 47,K-apt 마스터에 없음
11230,11230-1963,동성네스트빌,왕산로19다길 37,K-apt 마스터에 없음
11230,11230-1969,르메이에르7차(313-8),장한로28가길 115,K-apt 마스터에 없음
11230,11230-1970,우성2차아파트(334-6),장한로26길 67,K-apt 마스터에 없음
11230,11230-1971,르미에르장안타운5차,장한로26길 37,K-apt 마스터에 없음
11230,11230-1972,르메이에르장안타운3차,장한로26다길 13,K-apt 마스터에 없음
11230,11230-1974,르메이에르장안타운6차,장한로26나길 13,K-apt 마스터에 없음
11230,11230-1975,정암(363-11),장한로26가길 106,K-apt 마스터에 없음
11230,11230-1976,형인허브빌아파트301동,장한로12길 63,K-apt 마스터에 없음
11230,11230-1977,우성3차(562),장한로12길 40,K-apt 마스터에 없음
11230,11230-1978,신부파스카(563),장한로12길 35,K-apt 마스터에 없음
11230,11230-1979,신일해피트리아파트101동,천호대로77길 79,K-apt 마스터에 없음
11230,11230-1980,대명이룸아파트(565-0),천호대로77길 63,K-apt 마스터에 없음
11230,11230-1981,형인허브빌2차(566),천호대로89길 33,K-apt 마스터에 없음
11230,11230-1982,신일해피트리2차(567),천호대로77가길 27,K-apt 마스터에 없음
11230,11230-1983,동일스카이시티2차,회기로 108-32,K-apt 마스터에 없음
11230,11230-2019,신일해피트리3차(568),장한로5길 28,K-apt 마스터에 없음
11230,11230-2023,(아이엔에스새터),천호대로77길 62,K-apt 마스터에 없음
11230,11230-2028,삼성그린,장한로32길 27,K-apt 마스터에 없음
11230,11230-2031,청원파크빌,한천로14길 8,K-apt 마스터에 없음
11230,11230-2034,동재(B동),한천로4길 13-5,K-apt 마스터에 없음
11230,11230-2037,청계벽산메가트리움,천호대로 241,K-apt 마스터에 없음
11230,11230-2038,정은스카이빌201동,장한로18길 31,K-apt 마스터에 없음
11230,11230-2040,현대홈타운3차,장한로28가길 44,K-apt 마스터에 없음
11230,11230-2041,SM해그린아파트,장한로28가길 11,K-apt 마스터에 없음
11230,11230-2044,장한평월드메르디앙,천호대로93길 56,K-apt 마스터에 없음
11230,11230-2056,효자워너빌,망우로 67,K-apt 마스터에 없음
11230,11230-2057,(해오름),천호대로77다길 11-6,K-apt 마스터에 없음
11230,11230-2058,은하수드림필,천호대로89길 30,K-apt 마스터에 없음
11230,11230-2059,금강아미움,답십리로66길 20,K-apt 마스터에 없음
11230,11230-2065,청계천대성스카이렉스1,청계천로 417,K-apt 마스터에 없음
11230,11230-2067,동일스카이시티3차,회기로 108-18,K-apt 마스터에 없음
11230,11230-2070,장안평월드메르디앙2차,천호대로97길 61,K-apt 마스터에 없음
11230,11230-2075,흥해오크팰리스(576-0),장한로10길 28,K-apt 마스터에 없음
11230,11230-2076,청계천대성스카이렉스2,청계천로 471,K-apt 마스터에 없음
11230,11230-2077,이문2차푸르지오,한천로58길 181,K-apt 마스터에 없음
11230,11230-2082,상록파라브,장한로12길 90,K-apt 마스터에 없음
11230,11230-2093,전농동하우스토리,사가정로 122,K-apt 마스터에 없음
11230,11230-2097,서광아침의빛,장한로12길 89,K-apt 마스터에 없음
11230,11230-2101,선일크라시아,장한로26나길 16,K-apt 마스터에 없음
11230,11230-2113,삼성힐,왕산로19가길 34,K-apt 마스터에 없음
11230,11230-2120,이문동웰츠타워,이문로 136,K-apt 마스터에 없음
11230,11230-2124,리치,답십리로68길 26,K-apt 마스터에 없음
11230,11230-2128,주함해븐아파트,왕산로7길 31,K-apt 마스터에 없음
11230,11230-2131,은하수드림빌,사가정로23가길 23,K-apt 마스터에 없음
11230,11230-2145,상록파라브2차,장한로12길 94,K-apt 마스터에 없음
11230,11230-215,동재(A동),한천로4길 13-3,K-apt 마스터에 없음
11230,11230-2156,장안동우성4차,천호대로85길 26-4,K-apt 마스터에 없음
11230,11230-216,푸른마을(284-3),한천로46길 114,K-apt 마스터에 없음
11230,11230-2161,흥해오크팰리스(440-5),천호대로97길 74,K-apt 마스터에 없음
11230,11230-2169,선경이노블,장한로22길 20-16,K-apt 마스터에 없음
11230,11230-217,공감대(378-3),장한로17길 13-4,K-apt 마스터에 없음
11230,11230-218,공감대6차(384-1),답십리로68길 31,K-apt 마스터에 없음
11230,11230-2182,한강훼미리주상복합아파트,한천로24길 74-8,K-apt 마스터에 없음
11230,11230-219,형인허브빌(450-4),장한로6길 25-4,K-apt 마스터에 없음
11230,11230-2197,한신휴플러스그린파크,답십리로38길 14,K-apt 마스터에 없음
11230,11230-220,비젼아파트103동,장한로8길 70,K-apt 마스터에 없음
11230,11230-221,비젼아파트102동,천호대로95길 23,K-apt 마스터에 없음
11230,11230-2210,상록파라브3차,장안벚꽃로 35,K-apt 마스터에 없음
11230,11230-2216,대성장안애캐슬,장한로22길 20-20,K-apt 마스터에 없음
11230,11230-2224,서안팰리스,천호대로13길 20,K-apt 마스터에 없음
11230,11230-223,우정B(344-6),장한로26나길 10,K-apt 마스터에 없음
11230,11230-224,우정A(344-11),장한로26나길 14,K-apt 마스터에 없음
11230,11230-2240,서희스타힐스,장한로20길 7,K-apt 마스터에 없음
11230,11230-2250,금성아파트,사가정로23가길 31,K-apt 마스터에 없음
11230,11230-2256,삼현팰리체,장한로26길 79,K-apt 마스터에 없음
11230,11230-2274,장안뉴시티,장한로 105,K-apt 마스터에 없음
11230,11230-2276,홍해오크펠리스3차,장한로8길 5,K-apt 마스터에 없음
11230,11230-2277,대성유니드아파트,한천로58길 151,K-apt 마스터에 없음
11230,11230-2285,태솔타워,장한로26가길 86,K-apt 마스터에 없음
11230,11230-23,삼희,고미술로 39,K-apt 마스터에 없음
11230,11230-2300,태솔타운(1차),장한로26가길 15,K-apt 마스터에 없음
11230,11230-2311,청계지웰에스테이트,사가정로 6,K-apt 마스터에 없음
11230,11230-2368,투니온,이문로 190,K-apt 마스터에 없음
11230,11230-2384,주성아우라,이문로 199,K-apt 마스터에 없음
11230,11230-2389,장안푸르미에,천호대로97길 9,K-apt 마스터에 없음
11230,11230-2390,우성5차에비뉴,천호대로85길 71,K-apt 마스터에 없음
11230,11230-2395,태솔에버빌,장한로28가길 91,K-apt 마스터에 없음
11230,11230-2409,형인휴아름101동,장한로26나길 42,K-apt 마스터에 없음
11230,11230-2413,한양아이클래스,왕산로 72,K-apt 마스터에 없음
11230,11230-2431,어진재,회기로 14,K-apt 마스터에 없음
11230,11230-2434,제이드파크(382-2),장한로21길 11-2,K-apt 마스터에 없음
11230,11230-2446,양우내안애애플,장한로 99,K-apt 마스터에 없음
11230,11230-2447,태솔타운3차,장한로26가길 10,K-apt 마스터에 없음
11230,11230-2448,태솔타운2차,장한로26가길 14,K-apt 마스터에 없음
11230,11230-25,우창프라자,천호대로 295,K-apt 마스터에 없음
11230,11230-2500,태솔에버빌2차,장한로23길 11-12,K-apt 마스터에 없음
11230,11230-2541,청솔아파트(A동),장한로23길 7,K-apt 마스터에 없음
11230,11230-2543,청솔아파트(B동),장한로23길 11-3,K-apt 마스터에 없음
11230,11230-2595,스타파크아파트,천호대로97길 26,K-apt 마스터에 없음
11230,11230-2629,어반넥서스,왕산로19라길 3,K-apt 마스터에 없음
11230,11230-2638,태솔아파트1차,장한로21길 11-10,K-apt 마스터에 없음
11230,11230-2640,양지쉐르빌아파트(415-1),천호대로77길 10,K-apt 마스터에 없음
11230,11230-2645,휘경제이스카이아파트,망우로 35,K-apt 마스터에 없음
11230,11230-2649,가우디트윈캐슬1,한천로24길 74-7,K-apt 마스터에 없음
11230,11230-2650,가우디캐슬,한천로2길 62,K-apt 마스터에 없음
11230,11230-2658,태솔아파트2차,장한로26가길 63,K-apt 마스터에 없음
11230,11230-2668,가우디트윈캐슬2,한천로24길 74-9,K-apt 마스터에 없음
11230,11230-2678,에메랄드(351-5),장한로18길 26-10,K-apt 마스터에 없음
11230,11230-2683,U-포그니,장한로28가길 114,K-apt 마스터에 없음
11230,11230-2691,한일노벨리아,천호대로 289,K-apt 마스터에 없음
11230,11230-2697,청명에버아트1차,장한로21길 19-9,K-apt 마스터에 없음
11230,11230-2698,청명에버아트2차,장한로21길 19-15,K-apt 마스터에 없음
11230,11230-27,청솔2차우성,전농로10길 80,K-apt 마스터에 없음
11230,11230-2723,청명에버아트3차,장한로23길 11-5,K-apt 마스터에 없음
11230,11230-2726,젬스톤힐즈,장한로26길 43,K-apt 마스터에 없음
11230,11230-2744,민족통일MJ캠퍼스경희대,이문로 3,K-apt 마스터에 없음
11230,11230-2758,청계와이즈노벨리아,서울시립대로 19,K-apt 마스터에 없음
11230,11230-2825,태솔아파트3차,장한로26가길 53,K-apt 마스터에 없음
11230,11230-2831,U포그니2차,답십리로68길 32,K-apt 마스터에 없음
11230,11230-2836,다우하임,장한로26가길 11,K-apt 마스터에 없음
11230,11230-2842,스마트트라움,장한로26가길 90,K-apt 마스터에 없음
11230,11230-2844,포레스트힐시티,청계천로 443,K-apt 마스터에 없음
11230,11230-2870,청계한양아이클래스,청계천로 461,K-apt 마스터에 없음
11230,11230-2899,아르떼하임,장한로 107,K-apt 마스터에 없음
11230,11230-2910,가우디캐슬,왕산로22길 16,K-apt 마스터에 없음
11230,11230-2914,리베르떼,왕산로 250,K-apt 마스터에 없음
11230,11230-2922,글로벌팰리스,천호대로 385,K-apt 마스터에 없음
11230,11230-2936,태솔아파트4차,답십리로 292-3,K-apt 마스터에 없음
11230,11230-2964,캠퍼스드림오피스텔,이문로 10,K-apt 마스터에 없음
11230,11230-2965,세진빌딩,이문로 89,K-apt 마스터에 없음
11230,11230-2970,이문스카이뷰,이문로 127,K-apt 마스터에 없음
11230,11230-2982,동대문베네스트,왕산로 92,K-apt 마스터에 없음
11230,11230-2986,프라하임장안1,천호대로83길 8,K-apt 마스터에 없음
11230,11230-2989,태솔아파트5차,답십리로 314,K-apt 마스터에 없음
11230,11230-2992,한원힐트리움아파트,천호대로 221,K-apt 마스터에 없음
11230,11230-2996,에스아이팰리스장안센텀,한천로2길 84,K-apt 마스터에 없음
11230,11230-30,클래식타워,천호대로 307,K-apt 마스터에 없음
11230,11230-3001,엘림스퀘어3,전농로 45,K-apt 마스터에 없음
11230,11230-3004,답십리엘림퍼스트,전농로3길 20,K-apt 마스터에 없음
11230,11230-3015,민족통일MJ캠퍼스경희대2차,이문로 7,K-apt 마스터에 없음
11230,11230-3019,건영스타밸리,경동시장로 53,K-apt 마스터에 없음
11230,11230-3032,브이티스타일,장한로28가길 17,K-apt 마스터에 없음
11230,11230-3053,장안솔렌시아6,천호대로83길 10,K-apt 마스터에 없음
11230,11230-3063,민족통일MJ캠퍼스외대3차,이문로 91,K-apt 마스터에 없음
11230,11230-33,정은101동(332-2),장한로28길 74,K-apt 마스터에 없음
11230,11230-3353,신설에스하임,난계로30길 71,K-apt 마스터에 없음
11230,11230-3366,시온,답십리로66길 85,K-apt 마스터에 없음
11230,11230-3381,신설동역자이르네,천호대로 26,K-apt 마스터에 없음
11230,11230-34,천강(332-6),답십리로 319,K-apt 마스터에 없음
11230,11230-37,장안SM드림빌(360-2),장한로12길 25-3,K-apt 마스터에 없음
11230,11230-39,성림(390-5),답십리로66길 37,K-apt 마스터에 없음
11230,11230-40,장안예원(418-4),한천로6길 76,K-apt 마스터에 없음
11230,11230-41,방원예뜨랑,사가정로23가길 35,K-apt 마스터에 없음
11230,11230-42,광남캐스빌,홍릉로12길 29,K-apt 마스터에 없음
11230,11230-43,미주,약령시로 154,K-apt 마스터에 없음
11230,11230-4356,LOFT129,무학로 80,K-apt 마스터에 없음
11230,11230-4367,퀸즈W청량리역,서울시립대로 111,K-apt 마스터에 없음
11230,11230-4369,그린힐스아파트,답십리로57길 9,K-apt 마스터에 없음
11230,11230-46,현대코아,홍릉로 13,K-apt 마스터에 없음
11230,11230-53,휘경리오포레아파트(1단지),한천로 248,후보 2개 이상(모호)
11230,11230-54,현대,서울시립대로29길 62,K-apt 마스터에 없음
11230,11230-55,휘경,한천로47길 23,K-apt 마스터에 없음
11230,11230-64,휘경리오포레아파트(2단지),한천로 248,후보 2개 이상(모호)
11230,11230-66,새한그린빌(306-10),장한로27가길 24,K-apt 마스터에 없음
11230,11230-67,장안트윈B동,장한로27가길 12,K-apt 마스터에 없음
11230,11230-69,SM이로빌(350-11),장한로18길 26-3,K-apt 마스터에 없음
11230,11230-7,홍파,제기로15길 3,K-apt 마스터에 없음
11230,11230-73,공감대(440-12),장한로8길 91,K-apt 마스터에 없음
11230,11230-74,청우,왕산로19다길 25,K-apt 마스터에 없음
11230,11230-77,제이슨(360-7),장한로14길 18,K-apt 마스터에 없음
11230,11230-8,동아,서울시립대로 31,후보 2개 이상(모호)
11230,11230-80,동성네스트빌(1158-17),왕산로19라길 31,K-apt 마스터에 없음
11230,11230-83,동양2차,외대역동로 36,K-apt 마스터에 없음
11230,11230-87,용두아파트,고산자로32길 44,K-apt 마스터에 없음
11230,11230-88,신설동역대우아이빌1,왕산로 52,K-apt 마스터에 없음
11230,11230-89,효성트럼프,제기로2길 51,K-apt 마스터에 없음
11230,11230-9,전농동삼성래미안,전농로 192,후보 2개 이상(모호)
11230,11230-90,동성네스트빌2,왕산로19라길 36,K-apt 마스터에 없음
11230,11230-91,경남하이빌,사가정로23길 40,K-apt 마스터에 없음
11230,11230-92,청솔브레싱(A동)(400-1),천호대로77다길 11-18,K-apt 마스터에 없음
11230,11230-94,유엔팰리스(131-1),한천로32길 37,K-apt 마스터에 없음
11230,11230-95,대성하이빌(B동),한천로26길 26-11,K-apt 마스터에 없음
11230,11230-97,화성(311-6),장한로28가길 61,K-apt 마스터에 없음
11230,11230-99,신부파스카(313-7),장한로36길 7,K-apt 마스터에 없음
11260,11260-1,솔루테아파트,봉우재로6길 19,K-apt 마스터에 없음
11260,11260-102,동성5,봉화산로 233-12,K-apt 마스터에 없음
11260,11260-110,온세솔내움,용마산로84길 9-15,K-apt 마스터에 없음
11260,11260-112,다울101동,겸재로9길 35,K-apt 마스터에 없음
11260,11260-114,동원베네스트,사가정로41길 59,K-apt 마스터에 없음
11260,11260-116,영우,동일로96나길 16,K-apt 마스터에 없음
11260,11260-117,정우아파트,상봉중앙로1길 72,K-apt 마스터에 없음
11260,11260-118,문수해오름,봉우재로 165-1,K-apt 마스터에 없음
11260,11260-119,로얄,봉화산로24길 28-7,K-apt 마스터에 없음
11260,11260-120,한영(101),동일로144길 74,K-apt 마스터에 없음
11260,11260-123,한영(104),동일로144길 74,K-apt 마스터에 없음
11260,11260-126,세모하이츠(A),봉우재로28길 18,K-apt 마스터에 없음
11260,11260-128,우정아파트,봉우재로26길 36,K-apt 마스터에 없음
11260,11260-131,아이쉐르빌,면목로73가길 28,K-apt 마스터에 없음
11260,11260-133,한강훼미리(138-62),겸재로27길 37,K-apt 마스터에 없음
11260,11260-137,백운아파트,상봉로 99,K-apt 마스터에 없음
11260,11260-138,SG타워,동일로 709,K-apt 마스터에 없음
11260,11260-139,e-푸른가동,중랑천로12길 17,K-apt 마스터에 없음
11260,11260-14,세모,봉우재로 130-1,K-apt 마스터에 없음
11260,11260-142,한솔e(B동),봉화산로27길 30,K-apt 마스터에 없음
11260,11260-143,한솔e(A동),봉화산로27길 30,K-apt 마스터에 없음
11260,11260-145,강오(B동),동일로 829,K-apt 마스터에 없음
11260,11260-146,강오(A동),동일로 825-1,K-apt 마스터에 없음
11260,11260-147,로얄,동일로156길 41,K-apt 마스터에 없음
11260,11260-148,정은스카이빌,공릉로16길 56,K-apt 마스터에 없음
11260,11260-149,신도브래뉴,동일로 946,K-apt 마스터에 없음
11260,11260-150,월등스카이뷰,동일로 938,K-apt 마스터에 없음
11260,11260-152,망우,용마산로116길 44,K-apt 마스터에 없음
11260,11260-155,예성그린캐슬2차,용마산로112가길 36,K-apt 마스터에 없음
11260,11260-156,천보,용마산로115가길 16,K-apt 마스터에 없음
11260,11260-159,조호그레이스,용마산로 561,K-apt 마스터에 없음
11260,11260-16,신우,동일로 569-55,K-apt 마스터에 없음
11260,11260-160,조호그레이스2,망우로65길 16,K-apt 마스터에 없음
11260,11260-161,월드,용마산로117길 24,K-apt 마스터에 없음
11260,11260-162,월드크라운,봉화산로53길 25,K-apt 마스터에 없음
11260,11260-165,문수해오름,공릉로4길 4,K-apt 마스터에 없음
11260,11260-1928,그린캐슬APT,동일로100길 81,K-apt 마스터에 없음
11260,11260-1930,미래한건아파트,동일로100길 87,K-apt 마스터에 없음
11260,11260-1931,포인트아파트에이동,동일로100길 39,K-apt 마스터에 없음
11260,11260-1946,면목동2차미소지움아파트,용마산로86길 9-14,K-apt 마스터에 없음
11260,11260-1965,해오름102동,봉우재로57길 47,K-apt 마스터에 없음
11260,11260-1966,해오름101동,망우로58길 33-6,K-apt 마스터에 없음
11260,11260-1967,한울네세창,망우로76길 51,K-apt 마스터에 없음
11260,11260-1974,두산3,면목로37길 57,K-apt 마스터에 없음
11260,11260-1976,포인트아파트비동,동일로100길 41,K-apt 마스터에 없음
11260,11260-1993,남청파인힐(101동),겸재로48길 13,K-apt 마스터에 없음
11260,11260-1995,리치빌,공릉로2길 8-25,K-apt 마스터에 없음
11260,11260-2,동서그랜드맨션,겸재로 92,K-apt 마스터에 없음
11260,11260-2009,태솔,중랑천로30길 50,K-apt 마스터에 없음
11260,11260-2010,풀내음(A동),공릉로12길 26,K-apt 마스터에 없음
11260,11260-2018,미랜드프래임빌(102동),면목로95길 22,K-apt 마스터에 없음
11260,11260-2019,SM해그린,공릉로2나길 32-12,K-apt 마스터에 없음
11260,11260-2030,아람플러스,면목로44길 28,K-apt 마스터에 없음
11260,11260-2043,미영리치타운103,망우로 231-8,K-apt 마스터에 없음
11260,11260-2052,현대휴앤미,봉화산로27가길 23,K-apt 마스터에 없음
11260,11260-2057,현대휴앤미(102동),봉화산로27가길 19,K-apt 마스터에 없음
11260,11260-208,매원아파트,중랑천로12길 13,K-apt 마스터에 없음
11260,11260-21,일신강변,중랑천로 14,K-apt 마스터에 없음
11260,11260-2106,동일스카이씨티(37차),면목로84길 33,K-apt 마스터에 없음
11260,11260-2114,미영리치타운,망우로 223-8,K-apt 마스터에 없음
11260,11260-2136,한일써너스빌리젠시1단지(101동),용마산로115길 127,K-apt 마스터에 없음
11260,11260-2137,한일써너스빌리젠시2단지,용마산로115길 109,K-apt 마스터에 없음
11260,11260-2154,동성네스트빌,봉우재로14길 30-8,K-apt 마스터에 없음
11260,11260-2183,성도아트빌,용마산로116길 43,K-apt 마스터에 없음
11260,11260-2191,효산센터빌,동일로151길 5,K-apt 마스터에 없음
11260,11260-22,진로,용마산로94길 91,K-apt 마스터에 없음
11260,11260-222,문수해오름,용마산로115길 72,K-apt 마스터에 없음
11260,11260-224,신내아트빌,용마산로125가길 42,K-apt 마스터에 없음
11260,11260-226,신천빌리지,신내로1길 20,K-apt 마스터에 없음
11260,11260-228,한국프라우드,망우로55길 32,K-apt 마스터에 없음
11260,11260-229,태능에셈빌,동일로129길 35,K-apt 마스터에 없음
11260,11260-23,풍림,망우로26길 43,K-apt 마스터에 없음
11260,11260-230,공감대,공릉로 32,K-apt 마스터에 없음
11260,11260-2307,월드메르디앙,중랑천로 316,K-apt 마스터에 없음
11260,11260-231,태창네스트빌,중랑역로49길 10,K-apt 마스터에 없음
11260,11260-2310,동일스카이시티101동,상봉중앙로8가길 5,K-apt 마스터에 없음
11260,11260-233,한건브리앙,상봉로15길 14,K-apt 마스터에 없음
11260,11260-2333,동일스카이시티102동,상봉중앙로6길 45,K-apt 마스터에 없음
11260,11260-2353,동양엔파트,망우로 203,K-apt 마스터에 없음
11260,11260-2356,동진노블클래스,면목로35길 9,K-apt 마스터에 없음
11260,11260-2359,위더스빌,동일로 942,K-apt 마스터에 없음
11260,11260-2392,묵동자이(2단지),동일로 932,후보 2개 이상(모호)
11260,11260-2393,묵동자이(1단지),숙선옹주로 6-9,K-apt 마스터에 없음
11260,11260-24,면목한신,중랑천로 20,후보 2개 이상(모호)
11260,11260-2401,주함해븐(101동),용마산로 463,K-apt 마스터에 없음
11260,11260-2471,하늘빛아파트,숙선옹주로 38,K-apt 마스터에 없음
11260,11260-26,형진,중랑천로 8,K-apt 마스터에 없음
11260,11260-2620,예원캐슬,망우로58길 47,K-apt 마스터에 없음
11260,11260-2626,범양프레체,중랑천로14길 58,K-apt 마스터에 없음
11260,11260-2640,남광타운,망우로25길 15,K-apt 마스터에 없음
11260,11260-2665,고덕골든빌(103동),동일로 962,K-apt 마스터에 없음
11260,11260-2666,고덕골든빌(101동),동일로 958,K-apt 마스터에 없음
11260,11260-2668,EGSoulLeader,상봉로 110,K-apt 마스터에 없음
11260,11260-2693,동양엔파트2차,중랑천로14길 34,K-apt 마스터에 없음
11260,11260-2707,헤르만스테이트,중랑역로 276,K-apt 마스터에 없음
11260,11260-2711,묵동포레시타,동일로157길 41,K-apt 마스터에 없음
11260,11260-2724,현대휴온,동일로109가길 5,K-apt 마스터에 없음
11260,11260-2772,더하이어,망우로58길 31,K-apt 마스터에 없음
11260,11260-2791,신영,면목로69길 16,K-apt 마스터에 없음
11260,11260-2879,포시티,면목로 487,K-apt 마스터에 없음
11260,11260-2997,태솔에버빌,망우로26길 8,K-apt 마스터에 없음
11260,11260-3,동성네스트빌101,용마산로40길 27-9,K-apt 마스터에 없음
11260,11260-3199,주함해븐타워,면목로 491,K-apt 마스터에 없음
11260,11260-3210,삼성제이드아파트,겸재로4길 18,K-apt 마스터에 없음
11260,11260-3260,건원베스트원,겸재로 198,K-apt 마스터에 없음
11260,11260-33,건영2차아파트,신내로7나길 24,K-apt 마스터에 없음
11260,11260-34,금강산아파트,중랑천로10길 23,K-apt 마스터에 없음
11260,11260-36,"엘지,쌍용아파트",봉화산로 130,K-apt 마스터에 없음
11260,11260-38,풍산쉐르빌101동,상봉중앙로10길 15,K-apt 마스터에 없음
11260,11260-3807,솔렌시아3(85-1),봉우재로49길 9,K-apt 마스터에 없음
11260,11260-3881,상봉어반뷰,면목로 489,K-apt 마스터에 없음
11260,11260-3890,킴스아파트,면목로 429,K-apt 마스터에 없음
11260,11260-39,동성네스트빌1동,신내로7다길 60-16,K-apt 마스터에 없음
11260,11260-3951,상봉베스트원,망우로 304,K-apt 마스터에 없음
11260,11260-3976,더클래스,상봉로23길 33,K-apt 마스터에 없음
11260,11260-4017,리더스,면목로92길 28,K-apt 마스터에 없음
11260,11260-4032,센트럴파크55,봉우재로 155,K-apt 마스터에 없음
11260,11260-4076,레그노시티,봉우재로33길 85,K-apt 마스터에 없음
11260,11260-41,풍산쉐르빌102동,상봉중앙로10길 15,K-apt 마스터에 없음
11260,11260-4118,세움삼익플라주,망우로74길 7,K-apt 마스터에 없음
11260,11260-4169,로얄팰리스주상복합아파트,망우로58길 41,K-apt 마스터에 없음
11260,11260-42,중화동건영아파트,동일로140길 88,K-apt 마스터에 없음
11260,11260-4238,면목루브루,겸재로10길 44,K-apt 마스터에 없음
11260,11260-4284,상봉힐스테이,봉우재로37길 17,K-apt 마스터에 없음
11260,11260-4354,상봉태솔아파트101동,봉우재로41길 29,K-apt 마스터에 없음
11260,11260-44,동구햇살아파트101동,중랑역로 72,K-apt 마스터에 없음
11260,11260-4437,망우역신원아침도시,용마산로125길 62-28,K-apt 마스터에 없음
11260,11260-45,삼익아파트.상가동,중랑역로 124,K-apt 마스터에 없음
11260,11260-4565,아스테르아파트,망우로58길 58,K-apt 마스터에 없음
11260,11260-4573,포르투나,동일로 489,K-apt 마스터에 없음
11260,11260-49,삼성,중랑역로 279,K-apt 마스터에 없음
11260,11260-5,두산1,사가정로41길 9,K-apt 마스터에 없음
11260,11260-51,세원,동일로157길 59,K-apt 마스터에 없음
11260,11260-5573,와이센트럴시티상봉,망우로 313,K-apt 마스터에 없음
11260,11260-5598,세이지움태릉입구역,숙선옹주로 4,K-apt 마스터에 없음
11260,11260-5600,에이트플레이스,신내로 267,K-apt 마스터에 없음
11260,11260-5602,상봉생활,망우로 265,K-apt 마스터에 없음
11260,11260-60,장미,동일로144길 3,K-apt 마스터에 없음
11260,11260-61,우성,동일로149길 15,K-apt 마스터에 없음
11260,11260-63,백운,동일로154길 23-14,K-apt 마스터에 없음
11260,11260-64,풍산쉐르빌,동일로146길 43,K-apt 마스터에 없음
11260,11260-65,현대아이파크,중랑천로 286,K-apt 마스터에 없음
11260,11260-652,공감대(390-24),답십리로81길 58,K-apt 마스터에 없음
11260,11260-66,가야써니빌,상봉로26길 29,K-apt 마스터에 없음
11260,11260-67,개나리,송림길 124,K-apt 마스터에 없음
11260,11260-68,경남,양원역로 37,K-apt 마스터에 없음
11260,11260-69,대보,양원역로 49,K-apt 마스터에 없음
11260,11260-7,두산4,면목로35길 63,K-apt 마스터에 없음
11260,11260-70,백림금호,망우로 504-10,K-apt 마스터에 없음
11260,11260-72,"염광(5,8,10,11동)",망우로81길 27,K-apt 마스터에 없음
11260,11260-73,용마프라자,봉우재로71길 18,K-apt 마스터에 없음
11260,11260-75,청광,용마산로116길 76,K-apt 마스터에 없음
11260,11260-79,경원,봉화산로56길 73,K-apt 마스터에 없음
11260,11260-8,두원,동일로 483,K-apt 마스터에 없음
11260,11260-80,광남,용마산로129길 22,K-apt 마스터에 없음
11260,11260-81,다우훼밀리,송림길 18,K-apt 마스터에 없음
11260,11260-82,동광오뜨빌,용마산로117길 8,K-apt 마스터에 없음
11260,11260-84,동성타워프라자,봉화산로 221,K-apt 마스터에 없음
11260,11260-9,개인택시주택조합(미성아파트),용마산로94다길 21,K-apt 마스터에 없음
11260,11260-93,원당,봉화산로 220,K-apt 마스터에 없음
11260,11260-94,중앙하이츠,봉화산로56길 123,K-apt 마스터에 없음
11260,11260-98,신내9진흥,신내로 127,후보 2개 이상(모호)
11290,11290-104,성일우리미,정릉로52길 46,K-apt 마스터에 없음
11290,11290-105,샤인힐,아리랑로5길 39,K-apt 마스터에 없음
11290,11290-106,제일,삼선교로20길 26,K-apt 마스터에 없음
11290,11290-11,성북좋은,성북로6가길 23,K-apt 마스터에 없음
11290,11290-112,피오레,보국문로 183,K-apt 마스터에 없음
11290,11290-115,경헌그린아파트,월계로 154,K-apt 마스터에 없음
11290,11290-127,서라벌,정릉로48길 35,K-apt 마스터에 없음
11290,11290-13,고명,북악산로 865,K-apt 마스터에 없음
11290,11290-14,구현대,정릉로46길 17,K-apt 마스터에 없음
11290,11290-15,동소문현대,아리랑로5길 50-8,K-apt 마스터에 없음
11290,11290-17,돈암동삼성,동소문로34길 24,후보 2개 이상(모호)
11290,11290-178,중앙드림빌,종암로3길 46,K-apt 마스터에 없음
11290,11290-19,한신,성북로4길 52,후보 2개 이상(모호)
11290,11290-20,한진(609-1),성북로4길 52,후보 2개 이상(모호)
11290,11290-206,트라움하임,아리랑로4길 37,K-apt 마스터에 없음
11290,11290-212,길음뉴타운4단지(e편한세상),길음로 118,후보 2개 이상(모호)
11290,11290-213,한솔,화랑로18가길 51,K-apt 마스터에 없음
11290,11290-216,광남캐스빌,보문로27길 12,K-apt 마스터에 없음
11290,11290-26,청기와,동소문로13나길 15-11,K-apt 마스터에 없음
11290,11290-27,한신플러스B,동소문로13길 84,K-apt 마스터에 없음
11290,11290-28,한신플러스C,동소문로15길 99,K-apt 마스터에 없음
11290,11290-29,성종그린,삼선교로18가길 15,K-apt 마스터에 없음
11290,11290-30,공신,삼선교로 67-5,K-apt 마스터에 없음
11290,11290-3356,동아쉐르빌,고려대로12길 64,K-apt 마스터에 없음
11290,11290-3379,아이파크종암동2차,종암로9길 71,후보 2개 이상(모호)
11290,11290-3381,장위동동원베네스트,화랑로 271,K-apt 마스터에 없음
11290,11290-34,안암,안암로9가길 9-16,K-apt 마스터에 없음
11290,11290-3400,그린빌아파트,돌곶이로41가길 54,K-apt 마스터에 없음
11290,11290-3478,대원아파트,보국문로38길 34,K-apt 마스터에 없음
11290,11290-3492,래미안월곡,오패산로 90,후보 2개 이상(모호)
11290,11290-3494,스타팰리스,성북로9길 11,K-apt 마스터에 없음
11290,11290-3509,정릉한일유앤아이,보국문로37길 14-5,K-apt 마스터에 없음
11290,11290-3511,길음뉴타운5단지(래미안),길음로 74,후보 2개 이상(모호)
11290,11290-3530,삼성아지오아파트,아리랑로7길 28-9,K-apt 마스터에 없음
11290,11290-3555,월곡갑을명가,화랑로11길 26,K-apt 마스터에 없음
11290,11290-3559,성북힐스테이트(102동),동소문로44길 17,K-apt 마스터에 없음
11290,11290-3630,풍산쉐르빌(815-1),보국문로36길 26,K-apt 마스터에 없음
11290,11290-3678,광남캐스빌,종암로 166,K-apt 마스터에 없음
11290,11290-3718,한양수자인,동소문로27길 37,K-apt 마스터에 없음
11290,11290-3770,대성유니드(641-0),동소문로31길 6-1,K-apt 마스터에 없음
11290,11290-3786,래미안세레니티,종암로23길 35,후보 2개 이상(모호)
11290,11290-3797,코업스타클래스,화랑로 76,K-apt 마스터에 없음
11290,11290-3807,길음뉴타운8단지(래미안),길음로 33,후보 2개 이상(모호)
11290,11290-3809,코아루센타시아,동소문로20나길 47,K-apt 마스터에 없음
11290,11290-3815,길음뉴타운7단지(두산위브),길음로13길 22,후보 2개 이상(모호)
11290,11290-3825,길음뉴타운9단지(래미안),길음로9길 50,후보 2개 이상(모호)
11290,11290-3831,동일스카이,보국문로30길 34,K-apt 마스터에 없음
11290,11290-39,대창쉐르빌,보국문로16다길 51,K-apt 마스터에 없음
11290,11290-4,성북,성북로31길 40-12,K-apt 마스터에 없음
11290,11290-40,동우,솔샘로5길 60,K-apt 마스터에 없음
11290,11290-4041,삼전솔하임3차,동소문로46길 18,K-apt 마스터에 없음
11290,11290-4199,시티플레이스,동소문로 73,K-apt 마스터에 없음
11290,11290-4233,휴아름스튜디오,창경궁로 323,K-apt 마스터에 없음
11290,11290-4257,정릉꿈에그린,아리랑로19가길 21,K-apt 마스터에 없음
11290,11290-4663,성신여대역솔하임,보문로40길 11,K-apt 마스터에 없음
11290,11290-4953,베로니스,화랑로1길 7,K-apt 마스터에 없음
11290,11290-5001,DH팰리스타워,보문로 29,K-apt 마스터에 없음
11290,11290-51,청구,서경로 91,K-apt 마스터에 없음
11290,11290-5117,갤럭시더정릉,정릉로 262,K-apt 마스터에 없음
11290,11290-5255,스카이아파트,정릉로15길 33,K-apt 마스터에 없음
11290,11290-5264,해링턴플레이스안암,,도로명 키 생성 불가
11290,11290-55,길음현대,길음로13길 11,K-apt 마스터에 없음
11290,11290-56,길음동동부센트레빌(1278-0),숭인로2길 61,후보 2개 이상(모호)
11290,11290-5991,이니지오2,보국문로8나길 42,K-apt 마스터에 없음
11290,11290-5993,종암라온프라이빗,종암로21길 47,K-apt 마스터에 없음
11290,11290-61,고려,종암로19다길 42-12,K-apt 마스터에 없음
11290,11290-65,종암에스케이,종암로24가길 53,후보 2개 이상(모호)
11290,11290-66,동신주택,오패산로 47,K-apt 마스터에 없음
11290,11290-69,수산동양빌,오패산로4길 11,K-apt 마스터에 없음
11290,11290-71,동아에코빌,장월로1길 28,후보 2개 이상(모호)
11290,11290-73,신장위아파트,장위로 31,K-apt 마스터에 없음
11290,11290-75,삼성,한천로68길 51,K-apt 마스터에 없음
11290,11290-83,대동아파트,정릉로 185-4,K-apt 마스터에 없음
11290,11290-85,창방트윈(A동),오패산로1길 54,K-apt 마스터에 없음
11290,11290-86,창방트윈(B동),오패산로1길 50,K-apt 마스터에 없음
11290,11290-88,월곡두산위브,오패산로 46,후보 2개 이상(모호)
11290,11290-92,청기와,삼선교로22길 20,K-apt 마스터에 없음
11290,11290-93,태극에버빌,동소문로26마길 46,K-apt 마스터에 없음
11290,11290-94,동관아트빌,고려대로12길 38,K-apt 마스터에 없음
11290,11290-97,센트럴힐,종암로13길 16-11,K-apt 마스터에 없음
11290,11290-98,세영아파트,장월로9길 14,K-apt 마스터에 없음
11290,11290-99,선경(127),종암로24가길 50,K-apt 마스터에 없음
11305,11305-1,그린힐빌라트,솔매로 147-12,K-apt 마스터에 없음
11305,11305-113,삼성빌리지(223-14),노해로8가길 3,K-apt 마스터에 없음
11305,11305-134,다인플레움,삼양로163길 31,K-apt 마스터에 없음
11305,11305-156,월드,도봉로41길 42,K-apt 마스터에 없음
11305,11305-161,효성네오인텔리안,도봉로 352,K-apt 마스터에 없음
11305,11305-163,청솔,한천로148길 12,K-apt 마스터에 없음
11305,11305-164,진명,한천로148길 26,K-apt 마스터에 없음
11305,11305-165,한솔힐스빌,인수봉로61길 6-12,K-apt 마스터에 없음
11305,11305-166,화계맨숀,덕릉로 12,K-apt 마스터에 없음
11305,11305-167,진안골드밸리,4.19로11길 16,K-apt 마스터에 없음
11305,11305-168,은진,한천로150길 37,K-apt 마스터에 없음
11305,11305-18,쌍용,한천로124나길 10,K-apt 마스터에 없음
11305,11305-23,훼밀리힐,오현로 141,K-apt 마스터에 없음
11305,11305-29,현대(148-494),오현로 140,K-apt 마스터에 없음
11305,11305-3,두원프라자,도봉로 157,K-apt 마스터에 없음
11305,11305-30,장원(101),오현로 134,K-apt 마스터에 없음
11305,11305-32,대림(수유),도봉로71가길 11,K-apt 마스터에 없음
11305,11305-35,래미안수유,한천로159길 8,후보 2개 이상(모호)
11305,11305-36,수유삼호,도봉로 261,K-apt 마스터에 없음
11305,11305-3643,경남아너스빌,노해로8길 22,K-apt 마스터에 없음
11305,11305-3666,성북프라자,도봉로33길 18,K-apt 마스터에 없음
11305,11305-3672,신일해피트리,오패산로60길 22,K-apt 마스터에 없음
11305,11305-3692,젬스톤타운,오패산로 176,K-apt 마스터에 없음
11305,11305-3705,꿈의숲수림채,월계로37길 43,K-apt 마스터에 없음
11305,11305-3770,삼성타운,삼양로112길 15,K-apt 마스터에 없음
11305,11305-38,수유현대,한천로 1131,K-apt 마스터에 없음
11305,11305-3850,포엠빌,한천로139가길 26,K-apt 마스터에 없음
11305,11305-3875,세영,삼양로 366,K-apt 마스터에 없음
11305,11305-3884,다경하이빌,한천로140길 11-13,K-apt 마스터에 없음
11305,11305-39,대성월드빌,도봉로81길 24-1,K-apt 마스터에 없음
11305,11305-4,미아신구,오패산로60길 17-7,K-apt 마스터에 없음
11305,11305-4065,수유역두산위브2,덕릉로41길 15,K-apt 마스터에 없음
11305,11305-4093,청솔(269-25),노해로23길 105,K-apt 마스터에 없음
11305,11305-41,부강쉐르빌,삼양로129길 11-4,K-apt 마스터에 없음
11305,11305-4156,태솔타워,도봉로71가길 30,K-apt 마스터에 없음
11305,11305-4175,FIRSTVIEW,삼양로130길 9-21,K-apt 마스터에 없음
11305,11305-4179,더조은홈,한천로 965,K-apt 마스터에 없음
11305,11305-42,썬힐하우스,삼양로116길 17,K-apt 마스터에 없음
11305,11305-4232,태솔타운,도봉로71가길 30-5,K-apt 마스터에 없음
11305,11305-43,대우,삼양로149길 45,K-apt 마스터에 없음
11305,11305-4390,태솔캡슬,도봉로71가길 35,K-apt 마스터에 없음
11305,11305-4413,형인휴아름,수유로23길 48,K-apt 마스터에 없음
11305,11305-45,성원그린(103동),삼양로139가길 45,K-apt 마스터에 없음
11305,11305-4545,이너스내안에,도봉로76가길 15,K-apt 마스터에 없음
11305,11305-46,삼각산아이원,삼양로19길 113,후보 2개 이상(모호)
11305,11305-4704,수유역하이씨티,도봉로71가길 16,K-apt 마스터에 없음
11305,11305-4806,북한산네이처파크,4.19로9길 17,K-apt 마스터에 없음
11305,11305-4887,센트로힐,한천로 936,K-apt 마스터에 없음
11305,11305-49,훼밀리,인수봉로61길 38-8,K-apt 마스터에 없음
11305,11305-50,신일,도봉로76가길 27,K-apt 마스터에 없음
11305,11305-51,동아하이빌14차,덕릉로30길 85,K-apt 마스터에 없음
11305,11305-5110,수유프리미어엠,덕릉로 76,K-apt 마스터에 없음
11305,11305-5111,경원북한산휴그린,한천로 1139-2,K-apt 마스터에 없음
11305,11305-52,스카이빌(8-87),월계로21다길 17,K-apt 마스터에 없음
11305,11305-5209,대원쉐르빌(47-13),도봉로81길 37,K-apt 마스터에 없음
11305,11305-53,궁전,삼양로131길 30,K-apt 마스터에 없음
11305,11305-5308,수유다우아트리체,한천로 1174,K-apt 마스터에 없음
11305,11305-5393,예도팔라티움,노해로 34,K-apt 마스터에 없음
11305,11305-5432,한원힐트리움수유,노해로 104,K-apt 마스터에 없음
11305,11305-5438,북한산스카이뷰아파트,4.19로9길 18,K-apt 마스터에 없음
11305,11305-5443,JKapartment,수유로17나길 15,K-apt 마스터에 없음
11305,11305-5494,스카이캐슬,오패산로77길 36,K-apt 마스터에 없음
11305,11305-55,다우(459-63),한천로130길 24,K-apt 마스터에 없음
11305,11305-56,성덕,수유로12길 43,K-apt 마스터에 없음
11305,11305-5663,아츠스테이수유점,덕릉로 111,K-apt 마스터에 없음
11305,11305-5664,어반레프대원,수유로12길 51,K-apt 마스터에 없음
11305,11305-5678,수유시그니티,도봉로73길 13,K-apt 마스터에 없음
11305,11305-5686,미아에스하임,도봉로61길 5,K-apt 마스터에 없음
11305,11305-57,은석,삼양로138길 24,K-apt 마스터에 없음
11305,11305-5706,헤리움,덕릉로28길 54,K-apt 마스터에 없음
11305,11305-58,백두골드,노해로35길 67,K-apt 마스터에 없음
11305,11305-59,북한산굿모닝,삼양로171길 21,K-apt 마스터에 없음
11305,11305-6,에스케이북한산시티,솔샘로 174,후보 2개 이상(모호)
11305,11305-60,태솔,도봉로28길 22,K-apt 마스터에 없음
11305,11305-61,인성,솔매로43길 3,K-apt 마스터에 없음
11305,11305-63,번동완성주상복합아파트,오현로 137,K-apt 마스터에 없음
11305,11305-64,장원(503),오현로 132,K-apt 마스터에 없음
11305,11305-65,현대꿈에그린,월계로37길 137-8,K-apt 마스터에 없음
11305,11305-6569,프롬하우징,삼양로99길 10,K-apt 마스터에 없음
11305,11305-6578,수유아름채,덕릉로 69,K-apt 마스터에 없음
11305,11305-66,현대맨션(52-27),삼양로80길 63,K-apt 마스터에 없음
11305,11305-7,요진,도봉로76길 52,K-apt 마스터에 없음
11305,11305-70,두온리치벨리,삼양로 670,K-apt 마스터에 없음
11305,11305-71,북한산노블리스빌,삼양로139가길 80,K-apt 마스터에 없음
11305,11305-72,영남,한천로139길 42,K-apt 마스터에 없음
11305,11305-8,한일,오패산로60길 21,K-apt 마스터에 없음
11320,11320-10,백조,노해로38길 15,K-apt 마스터에 없음
11320,11320-104,우암쎈스뷰아파트,도봉로146길 48,K-apt 마스터에 없음
11320,11320-107,시그마팰리스,도봉로 601,K-apt 마스터에 없음
11320,11320-109,황지,도봉로110나길 97,K-apt 마스터에 없음
11320,11320-117,신주아파트(A동),방학로8길 29,K-apt 마스터에 없음
11320,11320-119,신일라이프(B동),노해로45길 48,K-apt 마스터에 없음
11320,11320-121,신동아,도봉로117길 70,K-apt 마스터에 없음
11320,11320-122,DK포시즌,덕릉로 283,K-apt 마스터에 없음
11320,11320-123,영창하모니A,덕릉로59자길 5,K-apt 마스터에 없음
11320,11320-124,동일씨티빌,도당로2길 16,K-apt 마스터에 없음
11320,11320-126,피스플하우스,도봉로129길 32-13,K-apt 마스터에 없음
11320,11320-127,성원팰리스,도봉로109길 24,K-apt 마스터에 없음
11320,11320-128,한솔캐스빌,도봉로117길 90,K-apt 마스터에 없음
11320,11320-13,신원2,해등로 190,K-apt 마스터에 없음
11320,11320-135,로얄,우이천로30길 43,K-apt 마스터에 없음
11320,11320-136,청화,우이천로38길 22,K-apt 마스터에 없음
11320,11320-137,한영,해등로17길 10-10,K-apt 마스터에 없음
11320,11320-138,동순미,해등로17길 10-5,K-apt 마스터에 없음
11320,11320-139,파라다이스빌,시루봉로 57,K-apt 마스터에 없음
11320,11320-14,에덴,도봉로137길 31,K-apt 마스터에 없음
11320,11320-143,부영팰리스,방학로6길 20-6,K-apt 마스터에 없음
11320,11320-144,신주아파트B,방학로8길 31,K-apt 마스터에 없음
11320,11320-145,이에스에이아파트3,도봉로150길 31,K-apt 마스터에 없음
11320,11320-15,신원에벤에셀,해등로 255,K-apt 마스터에 없음
11320,11320-150,중흥에스-클래스,도봉로180가길 32,K-apt 마스터에 없음
11320,11320-151,도봉산리베니움,도봉로181길 74-30,K-apt 마스터에 없음
11320,11320-155,신라샤르망,도봉로133길 8-6,K-apt 마스터에 없음
11320,11320-17,염광,우이천로30길 28,K-apt 마스터에 없음
11320,11320-2348,미소애,해등로 139,K-apt 마스터에 없음
11320,11320-2351,양우내안애,도봉로180나길 20,K-apt 마스터에 없음
11320,11320-2397,성원하이츠(C동),도봉로133길 8-9,K-apt 마스터에 없음
11320,11320-2443,태솔에버빌(712-5),방학로 55,K-apt 마스터에 없음
11320,11320-2473,태솔에버빌아파트,방학로 57,K-apt 마스터에 없음
11320,11320-2572,하우니티,도봉로110나길 79,K-apt 마스터에 없음
11320,11320-2644,동도센트리움,마들로 579-19,K-apt 마스터에 없음
11320,11320-2698,그린스테이트,시루봉로 2,K-apt 마스터에 없음
11320,11320-2704,한양수자인,마들로 724,K-apt 마스터에 없음
11320,11320-2818,새로움아파트,도봉로 588-5,K-apt 마스터에 없음
11320,11320-288,성원하이츠A동,도봉로133길 14,K-apt 마스터에 없음
11320,11320-289,삼보,우이천로38길 99,K-apt 마스터에 없음
11320,11320-290,선덕빌라트아파트,해등로 318,K-apt 마스터에 없음
11320,11320-291,북한산팰리스아파트,해등로 312-20,K-apt 마스터에 없음
11320,11320-294,부흥아파트,시루봉로 192-6,K-apt 마스터에 없음
11320,11320-2945,퍼스티안,도봉로150가길 27,K-apt 마스터에 없음
11320,11320-297,창동그린아파트,노해로63가길 22,K-apt 마스터에 없음
11320,11320-2971,파크힐,덕릉로 276,K-apt 마스터에 없음
11320,11320-298,신창빌라트,우이천로8길 57,K-apt 마스터에 없음
11320,11320-3,쌍문금용,노해로 170,K-apt 마스터에 없음
11320,11320-30,영진팰리스,노해로60길 17,K-apt 마스터에 없음
11320,11320-3002,삼성브래뉴,덕릉로 286,K-apt 마스터에 없음
11320,11320-3007,월가타워,마들로11가길 6-25,K-apt 마스터에 없음
11320,11320-302,"은성드림존101동,102동",덕릉로59나길 35,K-apt 마스터에 없음
11320,11320-305,한일아파트,도봉로110길 64,K-apt 마스터에 없음
11320,11320-3052,새울(715-25),해등로 121,K-apt 마스터에 없음
11320,11320-307,금강102,도봉로110라길 46,K-apt 마스터에 없음
11320,11320-308,한솔,도봉로110나길 85,K-apt 마스터에 없음
11320,11320-31,신성,도봉로117길 8-3,K-apt 마스터에 없음
11320,11320-310,금성파크A동,노해로62길 61,K-apt 마스터에 없음
11320,11320-311,우영,도봉산길 17,K-apt 마스터에 없음
11320,11320-3159,스마트빌,도봉로109길 8,K-apt 마스터에 없음
11320,11320-3231,그린힐스아파트,해등로17길 27,K-apt 마스터에 없음
11320,11320-33,신일라이프,노해로 184-9,K-apt 마스터에 없음
11320,11320-35,극동아파트,시루봉로11길 25-8,K-apt 마스터에 없음
11320,11320-3558,도봉금강아미움파크타운,방학로5길 33,K-apt 마스터에 없음
11320,11320-3564,솔밭노블리안,삼양로 580-11,K-apt 마스터에 없음
11320,11320-3574,성진파크뷰아파트,도당로 32,K-apt 마스터에 없음
11320,11320-3587,쌍문리버뷰,도봉로 415,K-apt 마스터에 없음
11320,11320-3610,창동역블루핀1동,마들로 550,K-apt 마스터에 없음
11320,11320-3611,창동역블루핀2동,마들로 548,K-apt 마스터에 없음
11320,11320-3673,스마트트라움,도봉로 504,K-apt 마스터에 없음
11320,11320-3716,시티프라디움,노해로 144,K-apt 마스터에 없음
11320,11320-3718,쌍문동LG트윈빌2,도당로 6,K-apt 마스터에 없음
11320,11320-3776,북한산청호아파트,방학로 112-29,K-apt 마스터에 없음
11320,11320-3835,빌드아르떼APT,우이천로24길 14,K-apt 마스터에 없음
11320,11320-39,삼익세라믹아파트,도당로 37,K-apt 마스터에 없음
11320,11320-41,성원아파트,방학로7길 16,K-apt 마스터에 없음
11320,11320-418,한성쉐르빌,노해로60길 29,K-apt 마스터에 없음
11320,11320-42,신동아아파트1,방학로 193,K-apt 마스터에 없음
11320,11320-43,신동아타워아파트,방학로 210,K-apt 마스터에 없음
11320,11320-45,우성아파트1,해등로 295,K-apt 마스터에 없음
11320,11320-47,청구아파트,시루봉로 71,K-apt 마스터에 없음
11320,11320-5,기용,도봉로127길 43-10,K-apt 마스터에 없음
11320,11320-50,효성하이타운아파트,방학로11길 33,K-apt 마스터에 없음
11320,11320-6,대우파크빌,시루봉로2길 80,K-apt 마스터에 없음
11320,11320-64,창동주공18단지,노해로70길 119,K-apt 마스터에 없음
11320,11320-65,중흥에스클래스,노해로62길 77,K-apt 마스터에 없음
11320,11320-69,한신APT,덕릉로60바길 21,K-apt 마스터에 없음
11320,11320-7,대웅,도당로 18,K-apt 마스터에 없음
11320,11320-72,세인트라디움,덕릉로 285,K-apt 마스터에 없음
11320,11320-75,원산아파트33차,도봉로110나길 71,K-apt 마스터에 없음
11320,11320-76,금성파크B동,노해로62길 65,K-apt 마스터에 없음
11320,11320-8,동익미라벨,우이천로32길 67,K-apt 마스터에 없음
11320,11320-80,삼환도봉,도봉로180길 6-83,K-apt 마스터에 없음
11320,11320-827,성원하이츠(B동),도봉로133길 8-5,K-apt 마스터에 없음
11320,11320-83,서원,마들로 684-19,K-apt 마스터에 없음
11320,11320-84,신도봉,도봉로171길 30-5,K-apt 마스터에 없음
11320,11320-89,삼안리치,도봉로187길 17,K-apt 마스터에 없음
11320,11320-9,미라보,시루봉로2길 62,K-apt 마스터에 없음
11320,11320-90,금호1,해등로26길 20,K-apt 마스터에 없음
11320,11320-94,신동아아파트5,방학로12길 53,K-apt 마스터에 없음
11350,11350-106,신일,한글비석로 366,K-apt 마스터에 없음
11350,11350-120,중계그린1단지,섬밭로 285,K-apt 마스터에 없음
11350,11350-122,중앙하이츠,한글비석로14길 37,K-apt 마스터에 없음
11350,11350-13,북부현대,동일로237바길 17,K-apt 마스터에 없음
11350,11350-131,화인상가,중계로 160,K-apt 마스터에 없음
11350,11350-132,경남아너스빌,덕릉로94길 6,K-apt 마스터에 없음
11350,11350-134,극동,덕릉로60길 268,K-apt 마스터에 없음
11350,11350-140,미성,마들로 59,K-apt 마스터에 없음
11350,11350-145,성북맨션,석계로 107,K-apt 마스터에 없음
11350,11350-158,건영아파트,동일로173가길 145,K-apt 마스터에 없음
11350,11350-159,건영장미아파트,공릉로51길 14-17,K-apt 마스터에 없음
11350,11350-165,대아아파트1차,공릉로 157,K-apt 마스터에 없음
11350,11350-1668,서일이츠뷰,동일로192가길 26,K-apt 마스터에 없음
11350,11350-1674,센트럴타워,상계로1길 54-4,K-apt 마스터에 없음
11350,11350-1677,비콘드림힐3,상계로1길 82-14,K-apt 마스터에 없음
11350,11350-1681,센트럴,덕릉로 845,K-apt 마스터에 없음
11350,11350-1683,동도센트리움(601),한글비석로19길 15,K-apt 마스터에 없음
11350,11350-1684,비콘드림힐(602),덕릉로82길 13,K-apt 마스터에 없음
11350,11350-1717,우성2차아파트101동,동일로179길 12-11,K-apt 마스터에 없음
11350,11350-1718,우성2차아파트102동,동일로179길 12-7,K-apt 마스터에 없음
11350,11350-1720,동일씨티빌,동일로231나길 14,K-apt 마스터에 없음
11350,11350-1722,탑스빌아파트(101동),섬밭로 5,K-apt 마스터에 없음
11350,11350-1723,탑스빌아파트(102동),섬밭로 5,K-apt 마스터에 없음
11350,11350-1724,우국리더스빌,동일로197길 85,K-apt 마스터에 없음
11350,11350-1726,세영아파트,동일로177길 12-18,K-apt 마스터에 없음
11350,11350-1727,충효파크타운,상계로23길 64,K-apt 마스터에 없음
11350,11350-1728,삼능스페이스향,석계로18길 23,K-apt 마스터에 없음
11350,11350-1729,우남푸르미아,초안산로2길 91,K-apt 마스터에 없음
11350,11350-1732,씨엠아파트,동일로179길 12-32,K-apt 마스터에 없음
11350,11350-1733,보람노블레스아파트,동일로178길 43,K-apt 마스터에 없음
11350,11350-1735,하늘공원(101동),공릉로 170,K-apt 마스터에 없음
11350,11350-1736,코지한주,덕릉로123길 53,K-apt 마스터에 없음
11350,11350-1739,한진아파트,공릉로41가길 19,K-apt 마스터에 없음
11350,11350-175,신명아파트,동일로191길 36,K-apt 마스터에 없음
11350,11350-1750,하늘공원아파트(102동),공릉로 168-5,K-apt 마스터에 없음
11350,11350-1751,하늘공원아파트(103동),공릉로 168-6,K-apt 마스터에 없음
11350,11350-1757,코지아뜨리에101,한글비석로20길 67,K-apt 마스터에 없음
11350,11350-1759,정진아트리움,덕릉로 721,K-apt 마스터에 없음
11350,11350-179,임성아파트,동일로192나길 16-14,K-apt 마스터에 없음
11350,11350-1817,수락산늘푸른,동일로242나길 20,K-apt 마스터에 없음
11350,11350-1828,태승훼미리아파트,공릉로51길 14-8,K-apt 마스터에 없음
11350,11350-1831,노원IPARK,상계로23다길 13-8,K-apt 마스터에 없음
11350,11350-1902,참다움아파트,동일로190길 11,K-apt 마스터에 없음
11350,11350-191,남청파인힐,동일로191가길 26,K-apt 마스터에 없음
11350,11350-1914,진명비베레,동일로190길 7,K-apt 마스터에 없음
11350,11350-193,동아하이빌아파트101동,섬밭로 22,K-apt 마스터에 없음
11350,11350-195,녹주아파트,동일로177길 29,K-apt 마스터에 없음
11350,11350-200,동아하이빌아파트102동,섬밭로 22,K-apt 마스터에 없음
11350,11350-202,보람아파트,한글비석로 479,K-apt 마스터에 없음
11350,11350-2053,소담빌,노해로85길 10-55,K-apt 마스터에 없음
11350,11350-207,상계주공3(저층),동일로215길 48,K-apt 마스터에 없음
11350,11350-209,풍림아파트B,섬밭로 134,K-apt 마스터에 없음
11350,11350-211,광덕파크빌아파트,동일로180길 48-9,K-apt 마스터에 없음
11350,11350-212,길성그랑프리텔아파트,동일로191가길 66,K-apt 마스터에 없음
11350,11350-2141,67디벨리움,화랑로 443,K-apt 마스터에 없음
11350,11350-215,문수해오름,노원로26나길 20,K-apt 마스터에 없음
11350,11350-216,건양노블레스빌,화랑로45길 42-18,K-apt 마스터에 없음
11350,11350-220,건영,덕릉로115다길 40,K-apt 마스터에 없음
11350,11350-221,삼성,동일로236길 42,K-apt 마스터에 없음
11350,11350-222,송암,광운로3길 20-5,K-apt 마스터에 없음
11350,11350-223,장은하이빌,석계로13길 6-9,K-apt 마스터에 없음
11350,11350-2231,미라쉘,화랑로 441,K-apt 마스터에 없음
11350,11350-227,주완위즈빌,공릉로39길 11,K-apt 마스터에 없음
11350,11350-228,엘림타운,동일로193가길 27,K-apt 마스터에 없음
11350,11350-2301,화랑대디오베이션,노원로1길 95,K-apt 마스터에 없음
11350,11350-231,서진프라자아파트,동일로173가길 115,K-apt 마스터에 없음
11350,11350-232,청우씨티아파트,동일로173가길 90,K-apt 마스터에 없음
11350,11350-2328,테라파크뷰,동일로192다길 51,K-apt 마스터에 없음
11350,11350-233,라메즈아파트,동일로177길 12-25,K-apt 마스터에 없음
11350,11350-234,하나플러스,동일로178길 53,K-apt 마스터에 없음
11350,11350-236,비콘아파트,공릉로 130,K-apt 마스터에 없음
11350,11350-238,현대하이츠,덕릉로109길 27,K-apt 마스터에 없음
11350,11350-24,상계신동아,한글비석로52길 54,K-apt 마스터에 없음
11350,11350-240,대동황토빌라트,동일로230길 26,K-apt 마스터에 없음
11350,11350-241,청솔,동일로237나길 9,K-apt 마스터에 없음
11350,11350-242,송이월드A동,동일로237마길 56,K-apt 마스터에 없음
11350,11350-245,우림루미아트201동,동일로238길 33,K-apt 마스터에 없음
11350,11350-246,비콘드림힐2,동일로242라길 21-11,K-apt 마스터에 없음
11350,11350-247,이연아마빌레,중계로12길 39,K-apt 마스터에 없음
11350,11350-25,노원우성,상계로7길 18,K-apt 마스터에 없음
11350,11350-251,청구빌아파트,노원로1바길 27,K-apt 마스터에 없음
11350,11350-2515,노원롯데캐슬시그니처,덕릉로 753,후보 2개 이상(모호)
11350,11350-2524,태릉입구역이니티움,화랑로 419-3,K-apt 마스터에 없음
11350,11350-254,백영아파트,동일로176길 19-15,K-apt 마스터에 없음
11350,11350-255,탑스빌아파트,동일로186길 75,K-apt 마스터에 없음
11350,11350-256,새울센스빌아파트,동일로176길 47-14,K-apt 마스터에 없음
11350,11350-277,남광아파트,화랑로 415-5,K-apt 마스터에 없음
11350,11350-278,남광미르빌,화랑로 415-9,K-apt 마스터에 없음
11350,11350-3093,해링턴플레이스노원센트럴,노원로 495,K-apt 마스터에 없음
11350,11350-31,상계주공11(고층),동일로227길 85,K-apt 마스터에 없음
11350,11350-34,상계주공14(고층),수락산로 174,K-apt 마스터에 없음
11350,11350-37,상계주공3(고층),동일로215길 48,K-apt 마스터에 없음
11350,11350-38,상계주공4(고층),동일로 1356,K-apt 마스터에 없음
11350,11350-424,서경하누리아파트,동일로183길 12-9,K-apt 마스터에 없음
11350,11350-425,주완위즈빌2,동일로186길 67-8,K-apt 마스터에 없음
11350,11350-427,한신월드,중계로8길 120,K-apt 마스터에 없음
11350,11350-428,극동의푸른별1차,중계로 107,K-apt 마스터에 없음
11350,11350-430,중계스타클래스,한글비석로14길 36,K-apt 마스터에 없음
11350,11350-431,신한양아파트,동일로173가길 140,K-apt 마스터에 없음
11350,11350-45,코오롱,노원로26가길 7,K-apt 마스터에 없음
11350,11350-54,현대4차,동일로231다길 23,K-apt 마스터에 없음
11350,11350-55,희락,수락산로 190,K-apt 마스터에 없음
11350,11350-58,수락파크,동일로237길 74,K-apt 마스터에 없음
11350,11350-59,양우,노원로30길 74,K-apt 마스터에 없음
11350,11350-63,상록수1단지,동일로239나길 31,K-apt 마스터에 없음
11350,11350-76,청구,공릉로 351,후보 2개 이상(모호)
11350,11350-77,청구3,노원로11길 23,K-apt 마스터에 없음
11350,11350-80,학여울청구,동일로207길 186,후보 2개 이상(모호)
11350,11350-81,한신1,공릉로 351,후보 2개 이상(모호)
11350,11350-82,한신2,공릉로 351,후보 2개 이상(모호)
11350,11350-86,아주,공릉로58길 111,K-apt 마스터에 없음
11350,11350-89,LIG건영,덕릉로 718,K-apt 마스터에 없음
11350,11350-91,금호타운(583),중계로12길 24,K-apt 마스터에 없음
11350,11350-93,대호,한글비석로 384,K-apt 마스터에 없음
11350,11350-94,동진,중계로16나길 11,K-apt 마스터에 없음
11380,11380-1,녹번2현대,서오릉로4길 7-8,K-apt 마스터에 없음
11380,11380-10081,모아아파트(103동),불광로1길 6,K-apt 마스터에 없음
11380,11380-101,"수정가,나동",은평터널로2길 21,K-apt 마스터에 없음
11380,11380-10114,정익제이원(4차),통일로82가길 1,K-apt 마스터에 없음
11380,11380-10123,모아아파트(104동),불광로1길 4,K-apt 마스터에 없음
11380,11380-10229,유일아트리움,응암로 351,K-apt 마스터에 없음
11380,11380-10284,세영아파트,서오릉로 267,K-apt 마스터에 없음
11380,11380-10357,모아아파트,응암로 282,K-apt 마스터에 없음
11380,11380-10359,유성아이비아파트,응암로13길 12,K-apt 마스터에 없음
11380,11380-10431,삼흥리치,응암로 279,K-apt 마스터에 없음
11380,11380-10502,베로니스,연서로17길 9,K-apt 마스터에 없음
11380,11380-10515,미소세상,응암로 271,K-apt 마스터에 없음
11380,11380-10517,힐데스하임,진관3로 11,K-apt 마스터에 없음
11380,11380-10527,은평뉴타운엘크루,진관3로 21,K-apt 마스터에 없음
11380,11380-10570,정익제이원6차,통일로 833-5,K-apt 마스터에 없음
11380,11380-106,인우,증산로5길 2,K-apt 마스터에 없음
11380,11380-10656,더위일,은평로 194,K-apt 마스터에 없음
11380,11380-10698,서경아파트,연서로28길 17-1,K-apt 마스터에 없음
11380,11380-10744,부호(103동),역말로4길 18,K-apt 마스터에 없음
11380,11380-10762,세민하이파크,가좌로 319,K-apt 마스터에 없음
11380,11380-10765,유호루하스,갈현로 300,K-apt 마스터에 없음
11380,11380-10798,은평뉴타운꿈에그린,진관3로 33,K-apt 마스터에 없음
11380,11380-10851,호림리슈리안,서오릉로 102,K-apt 마스터에 없음
11380,11380-10878,효민아크로뷰,불광로 9-1,K-apt 마스터에 없음
11380,11380-10900,위산엘리시움,진흥로9길 2,K-apt 마스터에 없음
11380,11380-10906,명남더블레스(19-162),가좌로 330,K-apt 마스터에 없음
11380,11380-10925,베로니스,증산로 315,K-apt 마스터에 없음
11380,11380-10927,플라잉캐슬,서오릉로 156-1,K-apt 마스터에 없음
11380,11380-10928,거장메카,가좌로10길 2,K-apt 마스터에 없음
11380,11380-10932,디우아르떼,응암로13길 14,K-apt 마스터에 없음
11380,11380-10994,승윤노블리안,은평로 11-1,K-apt 마스터에 없음
11380,11380-10996,벨로스아파트,가좌로11가길 10,K-apt 마스터에 없음
11380,11380-10998,베로니스,통일로80길 1-1,K-apt 마스터에 없음
11380,11380-11027,유진아이디움,연서로28길 8,K-apt 마스터에 없음
11380,11380-11029,거장메카,서오릉로2길 12,K-apt 마스터에 없음
11380,11380-11035,영화노블레스아파트,통일로65길 3,K-apt 마스터에 없음
11380,11380-11072,메트하임,연서로28길 12,K-apt 마스터에 없음
11380,11380-11083,SM벨리체,서오릉로 107,K-apt 마스터에 없음
11380,11380-11085,모아아파트(102동),불광로1길 8,K-apt 마스터에 없음
11380,11380-11087,서경아파트(15-58),통일로65길 12-6,K-apt 마스터에 없음
11380,11380-111,서강스카이빌2,응암로 295,K-apt 마스터에 없음
11380,11380-11101,위산일리온시티,은평로 116,K-apt 마스터에 없음
11380,11380-11103,DH팰리스타워,서오릉로 12,K-apt 마스터에 없음
11380,11380-11109,거장카운티,서오릉로 6,K-apt 마스터에 없음
11380,11380-11110,경인에버빌,연서로26길 3-8,K-apt 마스터에 없음
11380,11380-11157,벨뷰아파트,서오릉로 237-14,K-apt 마스터에 없음
11380,11380-11177,북한산포레스트,서오릉로 80,K-apt 마스터에 없음
11380,11380-11181,은평서해그랑블,서오릉로 253,K-apt 마스터에 없음
11380,11380-11186,효민아크로뷰,통일로 868,K-apt 마스터에 없음
11380,11380-11199,고도아파트,서오릉로 119,K-apt 마스터에 없음
11380,11380-11202,보성리엔빌,통일로65길 1,K-apt 마스터에 없음
11380,11380-11209,연신내역트리플라101동,통일로82길 6-3,K-apt 마스터에 없음
11380,11380-11215,연신내역트리플라102동,통일로82길 6-5,K-apt 마스터에 없음
11380,11380-11230,대경아르체아파트,진흥로 153,K-apt 마스터에 없음
11380,11380-11238,거장메카(116-22),응암로 293,K-apt 마스터에 없음
11380,11380-11289,디앤제이하우징(281-89),불광로 40-1,K-apt 마스터에 없음
11380,11380-113,프라임팰리스,은평로 96,K-apt 마스터에 없음
11380,11380-11333,펠리시티,응암로 277,K-apt 마스터에 없음
11380,11380-11364,제니더클래식,통일로 655,K-apt 마스터에 없음
11380,11380-11377,거성리젠시,은평로 42,K-apt 마스터에 없음
11380,11380-115,한국리치빌,연서로3가길 13-11,K-apt 마스터에 없음
11380,11380-116,에버그린,진흥로1다길 12-1,K-apt 마스터에 없음
11380,11380-11608,명남스카이뷰,응암로13길 6,K-apt 마스터에 없음
11380,11380-11609,루체하임,통일로65길 4,K-apt 마스터에 없음
11380,11380-11612,대경아르체,통일로 897,K-apt 마스터에 없음
11380,11380-11613,효민아크로뷰,통일로 871,K-apt 마스터에 없음
11380,11380-11614,거장메카,은평로 95,K-apt 마스터에 없음
11380,11380-11618,아르지움주상복합,응암로 217,K-apt 마스터에 없음
11380,11380-11628,더-위일이노펠리체,연서로 17,K-apt 마스터에 없음
11380,11380-11639,녹번타워,응암로 356,K-apt 마스터에 없음
11380,11380-117,명남더블레스(39-19),가좌로 297,K-apt 마스터에 없음
11380,11380-12,극동메트로타워,통일로 856,K-apt 마스터에 없음
11380,11380-121,뉴서울(277-2),갈현로1길 28-1,K-apt 마스터에 없음
11380,11380-122,뉴서울(277-19),갈현로1길 28,K-apt 마스터에 없음
11380,11380-124,대림e-편한세상2,서오릉로21길 48,K-apt 마스터에 없음
11380,11380-125,명남뉴(32-3),진흥로1길 41,K-apt 마스터에 없음
11380,11380-126,한아름,갈현로29길 37-2,K-apt 마스터에 없음
11380,11380-127,해오름,서오릉로20길 17,K-apt 마스터에 없음
11380,11380-13,삼익(217-9),불광로 153,K-apt 마스터에 없음
11380,11380-132,선구,갈현로 232,K-apt 마스터에 없음
11380,11380-133,갈현삼성,서오릉로 228,K-apt 마스터에 없음
11380,11380-136,세화샤이닝2,연서로 103,K-apt 마스터에 없음
11380,11380-138,명남뉴타운,불광로14길 20,K-apt 마스터에 없음
11380,11380-14,서강아파트,불광로20길 12-9,K-apt 마스터에 없음
11380,11380-140,신세계드림빌2,통일로77길 14,K-apt 마스터에 없음
11380,11380-142,월드그린,불광로6길 11-2,K-apt 마스터에 없음
11380,11380-143,역촌월드,역말로 84-8,K-apt 마스터에 없음
11380,11380-145,서안,연서로6길 8-9,K-apt 마스터에 없음
11380,11380-146,월드,역말로2길 11-5,K-apt 마스터에 없음
11380,11380-147,두일,서오릉로27길 6,K-apt 마스터에 없음
11380,11380-149,디케이,역말로 37-6,K-apt 마스터에 없음
11380,11380-150,뉴캐슬,연서로3가길 8,K-apt 마스터에 없음
11380,11380-151,신현,증산로 389,K-apt 마스터에 없음
11380,11380-152,에코벨리,증산로 431,K-apt 마스터에 없음
11380,11380-153,명진(348-7),증산로17길 26,K-apt 마스터에 없음
11380,11380-154,청운,증산로 449,K-apt 마스터에 없음
11380,11380-156,응암하이포롬,은평로8길 39,K-apt 마스터에 없음
11380,11380-16,신우아파트,불광로6길 4,K-apt 마스터에 없음
11380,11380-163,네르비,증산서길 146,K-apt 마스터에 없음
11380,11380-164,자선메르시안(102),증산로5길 5,K-apt 마스터에 없음
11380,11380-165,자선메르시안(103),증산로 273,K-apt 마스터에 없음
11380,11380-166,럭스빌(102동),증산로 271,K-apt 마스터에 없음
11380,11380-167,럭스빌(101동),증산로 269,K-apt 마스터에 없음
11380,11380-169,두성,증산서길 74,K-apt 마스터에 없음
11380,11380-170,자선메르시안(193),증산로11길 29,K-apt 마스터에 없음
11380,11380-171,자선메르시안(101),증산로5길 5-11,K-apt 마스터에 없음
11380,11380-174,대호아파트,불광로 98-8,K-apt 마스터에 없음
11380,11380-179,산수(86-20),은평로21가길 10,K-apt 마스터에 없음
11380,11380-18,현대아파트,불광로20길 9,K-apt 마스터에 없음
11380,11380-180,예원(86-126),은평로21가길 6,K-apt 마스터에 없음
11380,11380-181,청록MS(91-9),은평로21길 40-18,K-apt 마스터에 없음
11380,11380-184,태양아파트,불광로 156,K-apt 마스터에 없음
11380,11380-185,역촌맨션,연서로19길 9,K-apt 마스터에 없음
11380,11380-188,조이팰리스(90-23),은평로 103,K-apt 마스터에 없음
11380,11380-189,경향렉스빌,은평로 160,K-apt 마스터에 없음
11380,11380-19,선우아파트,불광로10길 20,K-apt 마스터에 없음
11380,11380-191,자선메르시안(119-15),응암로21가길 22,K-apt 마스터에 없음
11380,11380-194,월드빌(120-9),응암로21가길 23-1,K-apt 마스터에 없음
11380,11380-196,명남래희안(122-4),불광천길 514,K-apt 마스터에 없음
11380,11380-197,명남(122-10),불광천길 506,K-apt 마스터에 없음
11380,11380-198,예청B,불광천길 502-1,K-apt 마스터에 없음
11380,11380-199,예청A,불광천길 502,K-apt 마스터에 없음
11380,11380-200,재연,응암로25길 22,K-apt 마스터에 없음
11380,11380-203,자선메르시안102동(123-25),불광천길 482,K-apt 마스터에 없음
11380,11380-208,명진,응암로16길 8-13,K-apt 마스터에 없음
11380,11380-209,세종레디안,가좌로10길 25,K-apt 마스터에 없음
11380,11380-21,엘지아파트,연서로37길 37,K-apt 마스터에 없음
11380,11380-211,역촌,연서로16길 9-3,K-apt 마스터에 없음
11380,11380-212,프라우드아파트,연서로 78,K-apt 마스터에 없음
11380,11380-213,아이언,진흥로9길 12,K-apt 마스터에 없음
11380,11380-214,두성,진흥로1라길 12,K-apt 마스터에 없음
11380,11380-217,엔에스,연서로9길 17,K-apt 마스터에 없음
11380,11380-219,디딤빌아파트,갈현로 100,K-apt 마스터에 없음
11380,11380-22,삼흥아파트,통일로82가길 2,K-apt 마스터에 없음
11380,11380-220,부호(101동),역말로4길 12-5,K-apt 마스터에 없음
11380,11380-221,만민라이프(A동),역말로 30,K-apt 마스터에 없음
11380,11380-223,소망,연서로 47-2,K-apt 마스터에 없음
11380,11380-225,명남뉴아파트,갈현로9길 9-9,K-apt 마스터에 없음
11380,11380-226,두성아파트,갈현로11길 43,K-apt 마스터에 없음
11380,11380-227,임탑(12-1)100동,갈현로5길 26,K-apt 마스터에 없음
11380,11380-229,다원그린,가좌로 291,K-apt 마스터에 없음
11380,11380-23,갈현건영,갈현로45길 57,K-apt 마스터에 없음
11380,11380-231,명남(200-16),은평터널로 169-23,K-apt 마스터에 없음
11380,11380-232,명진(200-115),은평터널로 182,K-apt 마스터에 없음
11380,11380-235,구암,증산로17길 6-46,K-apt 마스터에 없음
11380,11380-236,자선메르시안(162-18),증산서길 130,K-apt 마스터에 없음
11380,11380-237,자선메르시안(162-20),증산서길 132,K-apt 마스터에 없음
11380,11380-238,자선메르시안(164-17),증산로9길 6-24,K-apt 마스터에 없음
11380,11380-239,자산메르시안(164-31),증산로9길 6-22,K-apt 마스터에 없음
11380,11380-240,청록,증산로 299,K-apt 마스터에 없음
11380,11380-241,청운,증산로3길 5-15,K-apt 마스터에 없음
11380,11380-243,월드메르시안(179-9),증산로 237-1,K-apt 마스터에 없음
11380,11380-248,새천년구산2차,갈현로 164,K-apt 마스터에 없음
11380,11380-249,에덴드림,갈현로 143-2,K-apt 마스터에 없음
11380,11380-253,건우샹그리라,연서로6길 12,K-apt 마스터에 없음
11380,11380-255,센타폴리스,연서로 9,K-apt 마스터에 없음
11380,11380-256,대운,갈현로2길 7,K-apt 마스터에 없음
11380,11380-259,웰빙,서오릉로18길 33-20,K-apt 마스터에 없음
11380,11380-26,동익파크1동(355-95),서오릉로21길 20,K-apt 마스터에 없음
11380,11380-260,웰빙존,서오릉로18길 33-14,K-apt 마스터에 없음
11380,11380-261,신사코아,갈현로 29,K-apt 마스터에 없음
11380,11380-266,청운제일(362-0),증산로 417,K-apt 마스터에 없음
11380,11380-267,대주파크빌,증산로15길 50,K-apt 마스터에 없음
11380,11380-269,정명네스트,가좌로 294,K-apt 마스터에 없음
11380,11380-270,우공101동,갈현로3길 33-7,K-apt 마스터에 없음
11380,11380-274,예청,연서로 22,K-apt 마스터에 없음
11380,11380-275,솔빛,갈현로12길 23,K-apt 마스터에 없음
11380,11380-276,신아굿모닝(64-15),연서로5길 19,K-apt 마스터에 없음
11380,11380-28,메카,갈현로29길 52,K-apt 마스터에 없음
11380,11380-29,명성,서오릉로18길 20,K-apt 마스터에 없음
11380,11380-31,우남,서오릉로 258,K-apt 마스터에 없음
11380,11380-32,인우(281-215),갈현로37길 59,K-apt 마스터에 없음
11380,11380-33,인우(281-236),갈현로37길 63,K-apt 마스터에 없음
11380,11380-336,디안(89-258),역말로 116,K-apt 마스터에 없음
11380,11380-338,청송아파트,은평로20길 6-12,K-apt 마스터에 없음
11380,11380-37,현재트윈빌,서오릉로20길 5-10,K-apt 마스터에 없음
11380,11380-376,그린라이프,불광로13가길 7,K-apt 마스터에 없음
11380,11380-379,은혜스카이빌아파트,불광로13가길 7-3,K-apt 마스터에 없음
11380,11380-381,금강포란재(101),서오릉로21길 34-20,K-apt 마스터에 없음
11380,11380-382,그린,갈현로16길 11,K-apt 마스터에 없음
11380,11380-383,온세,갈현로16길 10,K-apt 마스터에 없음
11380,11380-384,구산,서오릉로 179,K-apt 마스터에 없음
11380,11380-385,역산아이지아,진흥로 50-8,K-apt 마스터에 없음
11380,11380-386,서안에이스,백련산로 173,K-apt 마스터에 없음
11380,11380-387,연리지,연서로 28,K-apt 마스터에 없음
11380,11380-392,신현대,응암로 345,K-apt 마스터에 없음
11380,11380-393,장미아파트,진흥로13가길 10,K-apt 마스터에 없음
11380,11380-394,에버그린,응암로29길 12,K-apt 마스터에 없음
11380,11380-399,수정럭스(428-6),갈현로 274,K-apt 마스터에 없음
11380,11380-4,녹번현대아파트,녹번로 40,K-apt 마스터에 없음
11380,11380-40,행운,연서로19길 16-7,K-apt 마스터에 없음
11380,11380-400,송학,연서로11길 29-4,K-apt 마스터에 없음
11380,11380-402,엔에스아파트,갈현로15길 4,K-apt 마스터에 없음
11380,11380-403,신진뉴캐슬,은평로8길 18-1,K-apt 마스터에 없음
11380,11380-404,청우참조은,연서로2길 18-1,K-apt 마스터에 없음
11380,11380-405,궁전,연서로3길 34,K-apt 마스터에 없음
11380,11380-406,태경맨션,갈현로4길 23-1,K-apt 마스터에 없음
11380,11380-408,부흥아파트(33-10),증산로19길 14,K-apt 마스터에 없음
11380,11380-41,수정럭스,연서로21길 18,K-apt 마스터에 없음
11380,11380-42,경향파크,갈현로15길 53,K-apt 마스터에 없음
11380,11380-44,예승빌라트,갈현로17나길 14,K-apt 마스터에 없음
11380,11380-46,한성산장,갈현로15길 43,K-apt 마스터에 없음
11380,11380-47,우공아트빌,갈현로17나길 31,K-apt 마스터에 없음
11380,11380-54,남청파인힐,응암로 142-32,K-apt 마스터에 없음
11380,11380-55,상아,불광천길 526,K-apt 마스터에 없음
11380,11380-56,서강스카이빌,응암로 319,K-apt 마스터에 없음
11380,11380-59,청록,백련산로4길 14,K-apt 마스터에 없음
11380,11380-60,해태드림타운,은평로 82,K-apt 마스터에 없음
11380,11380-61,유로카운티,은평로14길 14-6,K-apt 마스터에 없음
11380,11380-62,자선메르시안(115),은평로8길 20,K-apt 마스터에 없음
11380,11380-6293,거성리젠시2차,연서로 14,K-apt 마스터에 없음
11380,11380-63,자선메르시안101동(123-26),불광천길 478,K-apt 마스터에 없음
11380,11380-68,삼부,증산로21길 11,K-apt 마스터에 없음
11380,11380-6833,정은노블스A,증산로 463-3,K-apt 마스터에 없음
11380,11380-74,형진,가좌로12길 12,K-apt 마스터에 없음
11380,11380-75,홍익,가좌로 342,K-apt 마스터에 없음
11380,11380-7599,아름(526-2),서오릉로18길 10,K-apt 마스터에 없음
11380,11380-76,유한베스트빌,갈현로5길 29-23,K-apt 마스터에 없음
11380,11380-7607,자선메르시안(400),응암로18길 18-9,K-apt 마스터에 없음
11380,11380-7609,뉴월드(402-120),응암로20길 22-21,K-apt 마스터에 없음
11380,11380-7611,뉴월드(403-32),응암로20길 22-23,K-apt 마스터에 없음
11380,11380-7630,명남뉴,연서로 25,K-apt 마스터에 없음
11380,11380-7649,두산위브,증산서길 79,K-apt 마스터에 없음
11380,11380-7654,남양구르미아파트,통일로94길 31,K-apt 마스터에 없음
11380,11380-7659,천지로얄,서오릉로15길 5-3,K-apt 마스터에 없음
11380,11380-7661,뉴월드(240-63),응암로20길 30-6,K-apt 마스터에 없음
11380,11380-7664,뉴월드(402-42),응암로20길 20,K-apt 마스터에 없음
11380,11380-7675,굿모닝기룡(369-0),은평터널로 167,K-apt 마스터에 없음
11380,11380-7708,모아(365-35),응암로16길 12,K-apt 마스터에 없음
11380,11380-7735,서강스카이빌3(116-24),은평로8길 29,K-apt 마스터에 없음
11380,11380-7744,선정(35-2),증산로19길 3,K-apt 마스터에 없음
11380,11380-7749,신아굿모닝(40-55),진흥로 59-4,K-apt 마스터에 없음
11380,11380-7756,새천년3차드림,서오릉로13길 3-6,K-apt 마스터에 없음
11380,11380-7762,리더스파크,연서로 1,K-apt 마스터에 없음
11380,11380-7777,애필리움,불광천길 536,K-apt 마스터에 없음
11380,11380-7799,미랜드,진흥로1길 11,K-apt 마스터에 없음
11380,11380-7804,캐슬아파트(18-10),연서로13길 29-32,K-apt 마스터에 없음
11380,11380-7818,벧엘블레스빌,응암로 263,K-apt 마스터에 없음
11380,11380-7823,다원,불광천길 510,K-apt 마스터에 없음
11380,11380-7824,동익파크2동(355-98),서오릉로23길 9-8,K-apt 마스터에 없음
11380,11380-7851,반도하우드,갈현로29길 30-14,K-apt 마스터에 없음
11380,11380-7854,하늘애,진흥로 27,K-apt 마스터에 없음
11380,11380-7858,호림리슈리안,갈현로36길 15,K-apt 마스터에 없음
11380,11380-79,유성,증산로23길 8-4,K-apt 마스터에 없음
11380,11380-7928,린든빌(29-26),증산로21길 38-3,K-apt 마스터에 없음
11380,11380-7939,송학파크팰리스,녹번로 6-29,K-apt 마스터에 없음
11380,11380-7962,무지개아파트(308-86),서오릉로27길 26-2,K-apt 마스터에 없음
11380,11380-7975,신호(199-24),서오릉로 181,K-apt 마스터에 없음
11380,11380-7983,메트로럭스,은평로 108,K-apt 마스터에 없음
11380,11380-8,남해그린힐,불광로6길 20,K-apt 마스터에 없음
11380,11380-80,명남(23-45),증산로23길 8,K-apt 마스터에 없음
11380,11380-8037,만민하늘愛,진흥로11길 5,K-apt 마스터에 없음
11380,11380-8055,푸른솔,역말로 84-6,K-apt 마스터에 없음
11380,11380-8058,거성,녹번로 6-28,K-apt 마스터에 없음
11380,11380-8078,신아,갈현로2가길 1-1,K-apt 마스터에 없음
11380,11380-8175,세민HIPARK,녹번로 8,K-apt 마스터에 없음
11380,11380-82,DMC덕원,증산로 221,K-apt 마스터에 없음
11380,11380-8211,벽산스카이파크,서오릉로21가길 16,K-apt 마스터에 없음
11380,11380-8225,정은노블스,연서로26길 7-7,K-apt 마스터에 없음
11380,11380-8243,삼성베스트빌,증산로 261-6,K-apt 마스터에 없음
11380,11380-8296,이안,서오릉로25길 22,K-apt 마스터에 없음
11380,11380-83,목화,증산로 319,K-apt 마스터에 없음
11380,11380-8437,동호스카이,진흥로 144,K-apt 마스터에 없음
11380,11380-8440,경원파발리안,백련산로14길 1,K-apt 마스터에 없음
11380,11380-8458,명남더블레스,은평로 182-8,K-apt 마스터에 없음
11380,11380-8471,DMC자이2단지,수색로 217-1,K-apt 마스터에 없음
11380,11380-8504,우물골2단지두산위브(201~203동)BL2-4,진관2로 67,K-apt 마스터에 없음
11380,11380-8516,개성하이뷰,갈현로4길 6-26,K-apt 마스터에 없음
11380,11380-8598,폭포동4단지힐스테이트(426~428동)BL3-11,연서로44길 55,K-apt 마스터에 없음
11380,11380-86,증산중앙하이츠,증산로 285,K-apt 마스터에 없음
11380,11380-8656,삼영노블레스,은평로 200-1,K-apt 마스터에 없음
11380,11380-8692,대조동아트캐슬주상복합,연서로 216,K-apt 마스터에 없음
11380,11380-8696,북한산래미안아파트(2단지),진흥로 265,K-apt 마스터에 없음
11380,11380-8699,북한산래미안아파트(1단지),진흥로 267,후보 2개 이상(모호)
11380,11380-87,자선메르시안(162-21),증산서길 134,K-apt 마스터에 없음
11380,11380-8700,동호스카이,불광로 149,K-apt 마스터에 없음
11380,11380-8798,경원파발리안,서오릉로2길 9,K-apt 마스터에 없음
11380,11380-88,DMC월드,증산로 333,K-apt 마스터에 없음
11380,11380-8827,푸른숲,백련산로 91-5,K-apt 마스터에 없음
11380,11380-8868,유성아이비,은평로 182-3,K-apt 마스터에 없음
11380,11380-8870,드림캐시아2,응암로 305,K-apt 마스터에 없음
11380,11380-8907,드림캐시아1,응암로 291,K-apt 마스터에 없음
11380,11380-9,대암아파트,불광로13가길 7-1,K-apt 마스터에 없음
11380,11380-90,선정(178),증산로3길 5-21,K-apt 마스터에 없음
11380,11380-9005,연서노벨(463-16),연서로19길 4,K-apt 마스터에 없음
11380,11380-9047,디오반,증산로 291,K-apt 마스터에 없음
11380,11380-9057,다원(107-4),응암로 290,K-apt 마스터에 없음
11380,11380-9151,은평신사두산위브2차,가좌로12길 15,K-apt 마스터에 없음
11380,11380-9190,백련산힐스테이트1차,백련산로2길 19,후보 2개 이상(모호)
11380,11380-9198,개성팰리스,갈현로11길 37,K-apt 마스터에 없음
11380,11380-92,무궁화,역말로6길 11,K-apt 마스터에 없음
11380,11380-9201,청안파인,응암로14길 1-15,K-apt 마스터에 없음
11380,11380-9203,해오름시티,통일로67길 11,K-apt 마스터에 없음
11380,11380-9207,나이스홈,통일로67길 8-8,K-apt 마스터에 없음
11380,11380-9233,벽산메트로시티,통일로 749-7,K-apt 마스터에 없음
11380,11380-9284,명남더블레스,응암로 215,K-apt 마스터에 없음
11380,11380-9292,예가크레시아,통일로67길 8,K-apt 마스터에 없음
11380,11380-93,청운퀸즈,연서로 27,K-apt 마스터에 없음
11380,11380-9301,제이타워1,통일로 749-9,K-apt 마스터에 없음
11380,11380-9311,아이안빌,통일로 749-11,K-apt 마스터에 없음
11380,11380-9318,미래하임,통일로67길 8-6,K-apt 마스터에 없음
11380,11380-9344,제이타워3,통일로 745-10,K-apt 마스터에 없음
11380,11380-9373,뉴캐슬,불광로1길 2-6,K-apt 마스터에 없음
11380,11380-9375,YS홈타운,통일로77길 6,K-apt 마스터에 없음
11380,11380-9377,제이타워4,통일로67길 15,K-apt 마스터에 없음
11380,11380-9385,모아아파트(101동),불광로1길 10,K-apt 마스터에 없음
11380,11380-9388,대덕타워,통일로 833-6,K-apt 마스터에 없음
11380,11380-9394,예성그린,가좌로 345,K-apt 마스터에 없음
11380,11380-94,현대타운,갈현로11길 7,K-apt 마스터에 없음
11380,11380-9400,갤럭시타운,불광로 40-9,K-apt 마스터에 없음
11380,11380-9403,월든힐스,통일로57길 14-1,K-apt 마스터에 없음
11380,11380-9413,제이타워,통일로82가길 4-4,K-apt 마스터에 없음
11380,11380-9431,북한산동호스카이,연서로34길 42,K-apt 마스터에 없음
11380,11380-9487,미래하임(9-46),불광로1길 12,K-apt 마스터에 없음
11380,11380-9491,대일아이안(9-25),불광로1길 9,K-apt 마스터에 없음
11380,11380-9529,DasHaus,통일로 741-1,K-apt 마스터에 없음
11380,11380-9604,정익제이원,통일로 745-4,K-apt 마스터에 없음
11380,11380-9606,대경홈타운,통일로67길 17-1,K-apt 마스터에 없음
11380,11380-9641,주주베에이,통일로67길 9,K-apt 마스터에 없음
11380,11380-9660,주주베B,불광로1길 2-4,K-apt 마스터에 없음
11380,11380-9676,뉴캐슬,통일로65길 13-2,K-apt 마스터에 없음
11380,11380-9708,정익제이원,통일로67길 12-6,K-apt 마스터에 없음
11380,11380-9710,밝은문,응암로 254,K-apt 마스터에 없음
11380,11380-9721,미래하임(6-19),통일로67길 8-10,K-apt 마스터에 없음
11380,11380-9772,유성아이비아파트,불광로 16-15,K-apt 마스터에 없음
11380,11380-9791,응암아네스트,은평로 123,K-apt 마스터에 없음
11380,11380-98,만민라이프,갈현로 97,K-apt 마스터에 없음
11380,11380-9811,대조리치빌III,통일로 745-6,K-apt 마스터에 없음
11380,11380-9854,삼영N-CITY,은평로 164,K-apt 마스터에 없음
11380,11380-9884,진흥펠리체,응암로 298,K-apt 마스터에 없음
11380,11380-9933,정익제이원아파트(15-114),통일로65길 13-10,K-apt 마스터에 없음
11380,11380-9946,미래하임(아파트),가좌로 341,K-apt 마스터에 없음
11380,11380-9996,위산엘리시움,진흥로9길 6,K-apt 마스터에 없음
11410,11410-1,현대,충정로7길 30,K-apt 마스터에 없음
11410,11410-10,독립문극동(200-0),독립문공원길 17,후보 2개 이상(모호)
11410,11410-100,백련미라보,가재울로6길 53-87,K-apt 마스터에 없음
11410,11410-102,DMC래미안클라시스,증가로 191,후보 2개 이상(모호)
11410,11410-103,창덕에버빌,모래내로 143,K-apt 마스터에 없음
11410,11410-104,남가좌동현대,가재울로 45,후보 2개 이상(모호)
11410,11410-105,요진,수색로 102,K-apt 마스터에 없음
11410,11410-106,북가좌삼호,거북골로 154,후보 2개 이상(모호)
11410,11410-110,대성,증가로24바길 23,K-apt 마스터에 없음
11410,11410-111,세라,증가로24바길 13,K-apt 마스터에 없음
11410,11410-112,한솔,증가로24길 21,K-apt 마스터에 없음
11410,11410-115,서강2차(2동),연희로41길 152,K-apt 마스터에 없음
11410,11410-116,홍연(723-9),홍연6길 40,K-apt 마스터에 없음
11410,11410-117,파크카운티,모래내로20길 24-17,K-apt 마스터에 없음
11410,11410-118,동호,경기대로9길 60,K-apt 마스터에 없음
11410,11410-12,경남(2차),북아현로6길 19-19,K-apt 마스터에 없음
11410,11410-121,유림그랑블,통일로48나길 2,K-apt 마스터에 없음
11410,11410-123,송도그린빌A동,모래내로24길 54,K-apt 마스터에 없음
11410,11410-124,송도그린빌B동,모래내로24길 52,K-apt 마스터에 없음
11410,11410-125,힐탑,송죽길 57-4,K-apt 마스터에 없음
11410,11410-126,경일,모래내로24다길 35-17,K-apt 마스터에 없음
11410,11410-127,동도하이츠에이동,응암로 134,K-apt 마스터에 없음
11410,11410-128,한울뉴타운,응암로 42,K-apt 마스터에 없음
11410,11410-129,늘푸른,북아현로6길 65-21,K-apt 마스터에 없음
11410,11410-133,파크빌,홍연길 60,K-apt 마스터에 없음
11410,11410-134,대성,북아현로22길 45,K-apt 마스터에 없음
11410,11410-136,그랜드(B동),연희로39길 26-7,K-apt 마스터에 없음
11410,11410-14,북아현경남,북아현로 40,K-apt 마스터에 없음
11410,11410-140,새롬,경기대로7길 19,K-apt 마스터에 없음
11410,11410-142,사랑채,서소문로 43-30,K-apt 마스터에 없음
11410,11410-143,건일팰리스,북아현로22길 81,K-apt 마스터에 없음
11410,11410-145,화신,북아현로22길 56,K-apt 마스터에 없음
11410,11410-146,그린빌,북아현로 72-4,K-apt 마스터에 없음
11410,11410-147,조은1차,북아현로 68-22,K-apt 마스터에 없음
11410,11410-148,조은2차,북아현로 68-20,K-apt 마스터에 없음
11410,11410-149,북아현2차,북아현로23길 15,K-apt 마스터에 없음
11410,11410-15,북아현맨션,북아현로6길 78,K-apt 마스터에 없음
11410,11410-150,북아현1차,북아현로 87,K-apt 마스터에 없음
11410,11410-152,홍제원그린뷰아파트,모래내로 460,K-apt 마스터에 없음
11410,11410-153,아름채,통일로35길 40,K-apt 마스터에 없음
11410,11410-154,홍일,세무서길 39,K-apt 마스터에 없음
11410,11410-155,원일,통일로 476,K-apt 마스터에 없음
11410,11410-158,초원드림빌,홍제내2길 60,K-apt 마스터에 없음
11410,11410-160,노블레스,연희로2길 46,K-apt 마스터에 없음
11410,11410-161,씨밀레,연희로2안길 7-18,K-apt 마스터에 없음
11410,11410-162,하이펠리스,연희로2안길 7-22,K-apt 마스터에 없음
11410,11410-163,엘르빌,신촌로1길 18,K-apt 마스터에 없음
11410,11410-17,우민A,북아현로22길 82,K-apt 마스터에 없음
11410,11410-170,연우,연희로11자길 14-23,K-apt 마스터에 없음
11410,11410-171,시민,증가로 61,K-apt 마스터에 없음
11410,11410-172,연희궁,증가로2길 40-16,K-apt 마스터에 없음
11410,11410-173,한인트윈빌,홍연길 77,K-apt 마스터에 없음
11410,11410-174,강림스위트빌(A동),연희로41가길 75-6,K-apt 마스터에 없음
11410,11410-177,Elleville,모래내로17길 79-14,K-apt 마스터에 없음
11410,11410-178,부림,명지길 33,K-apt 마스터에 없음
11410,11410-179,성우,가좌로 83,K-apt 마스터에 없음
11410,11410-18,우민B,북아현로22길 86,K-apt 마스터에 없음
11410,11410-181,충우팰리스2,증가로29길 30-14,K-apt 마스터에 없음
11410,11410-182,명진,증가로32안길 76,K-apt 마스터에 없음
11410,11410-185,성원쌍떼빌팰리스,연희로28길 35-28,K-apt 마스터에 없음
11410,11410-186,파크힐,통일로37나길 65,K-apt 마스터에 없음
11410,11410-187,인왕드림빌,통일로31길 6,K-apt 마스터에 없음
11410,11410-190,동도하이츠비동,응암로 132,K-apt 마스터에 없음
11410,11410-2,글로리,경기대로 21,K-apt 마스터에 없음
11410,11410-20,문영센스빌,북아현로20길 68,K-apt 마스터에 없음
11410,11410-24,혜우,신촌역로 10,K-apt 마스터에 없음
11410,11410-286,로얄패밀리아파트B동,경기대로9길 11,K-apt 마스터에 없음
11410,11410-287,충정솔레디움(102동),경기대로3길 19-5,K-apt 마스터에 없음
11410,11410-289,충정솔레디움(101동),경기대로3길 7,K-apt 마스터에 없음
11410,11410-29,동도아카데미하우스2차,연희로26가길 33,K-apt 마스터에 없음
11410,11410-292,건우그린,신촌로1길 69,K-apt 마스터에 없음
11410,11410-293,광남캐스빌1(512-4),연희로2안길 24,K-apt 마스터에 없음
11410,11410-297,충우,연희로15길 131,K-apt 마스터에 없음
11410,11410-298,우민,연희로11자길 14-31,K-apt 마스터에 없음
11410,11410-299,선명(102동),증가로 74,K-apt 마스터에 없음
11410,11410-3,미동,충정로7길 9,K-apt 마스터에 없음
11410,11410-300,선명(101동),증가로 76,K-apt 마스터에 없음
11410,11410-301,나영힐빌리지,연희로37안길 19-26,K-apt 마스터에 없음
11410,11410-302,세윤외인빌리지,연희로37안길 19-36,K-apt 마스터에 없음
11410,11410-303,현대하이츠,증가로6길 34,K-apt 마스터에 없음
11410,11410-304,주은스카이빌,증가로 193,K-apt 마스터에 없음
11410,11410-311,성암,증가로20가길 79,K-apt 마스터에 없음
11410,11410-312,동림아파트,증가로20나길 21,K-apt 마스터에 없음
11410,11410-32,연화,연희로25길 101,K-apt 마스터에 없음
11410,11410-33,연희아트빌,연희로24길 19-13,K-apt 마스터에 없음
11410,11410-34,은하,연희로15길 127,K-apt 마스터에 없음
11410,11410-3460,성우아파트,북아현로22길 24,K-apt 마스터에 없음
11410,11410-3469,그레이스(B동),홍제원길 26,K-apt 마스터에 없음
11410,11410-3481,싸이,증가로2길 53,K-apt 마스터에 없음
11410,11410-3485,일진아이윌,동교로 290,K-apt 마스터에 없음
11410,11410-3525,쌍용스윗닷홈,거북골로 91-6,K-apt 마스터에 없음
11410,11410-3530,센타폴리스,연희로2길 49,K-apt 마스터에 없음
11410,11410-3532,우국한마음,홍제천로 194,K-apt 마스터에 없음
11410,11410-3535,신원지벤스타1,명지길 86,K-apt 마스터에 없음
11410,11410-3537,신원지벤스타6,명지길 42,K-apt 마스터에 없음
11410,11410-3549,동평늘푸른,연희로37길 77-23,K-apt 마스터에 없음
11410,11410-3550,제이씨라디앙,모래내로17안길 18,K-apt 마스터에 없음
11410,11410-3582,행복한,경기대로5길 23,K-apt 마스터에 없음
11410,11410-3588,미든푸르지,연희로41라길 23,K-apt 마스터에 없음
11410,11410-3590,교수(B),모래내로17길 65-16,K-apt 마스터에 없음
11410,11410-3599,홍제비콘드림힐,세무서8길 49,K-apt 마스터에 없음
11410,11410-3607,우리유앤미,경기대로 26-7,K-apt 마스터에 없음
11410,11410-3609,드리밍아파트,홍제천로 204,K-apt 마스터에 없음
11410,11410-3610,장성미모아,모래내로 344-11,K-apt 마스터에 없음
11410,11410-3619,인왕산어울림,통일로26길 17,K-apt 마스터에 없음
11410,11410-3655,연희베벌리힐즈,명지길 104,K-apt 마스터에 없음
11410,11410-3656,베벌리힐즈,명지길 104,K-apt 마스터에 없음
11410,11410-37,홍연,홍연6길 19,K-apt 마스터에 없음
11410,11410-3702,우공팰리스,수색로8길 40,K-apt 마스터에 없음
11410,11410-3712,DMC이랜드해가든,수색로 157,K-apt 마스터에 없음
11410,11410-3713,예스에이피엠,이화여대1길 10,K-apt 마스터에 없음
11410,11410-3743,DMC서부인터빌,증가로30길 8,K-apt 마스터에 없음
11410,11410-3751,홍은드림아파트,연희로37길 25-14,K-apt 마스터에 없음
11410,11410-38,리베르떼-빌(LibertVille),연희로10길 43-16,K-apt 마스터에 없음
11410,11410-3841,마체스터,세검정로 106-8,K-apt 마스터에 없음
11410,11410-3865,명가,가좌로 100-21,K-apt 마스터에 없음
11410,11410-3869,삼우장미,증가로 51,K-apt 마스터에 없음
11410,11410-3874,에코빌리지,홍제천로 202,K-apt 마스터에 없음
11410,11410-3893,인왕산한신휴플러스,통일로 397,K-apt 마스터에 없음
11410,11410-39,충우하이빌,연희로18안길 13,K-apt 마스터에 없음
11410,11410-3902,경남102동,북아현로6길 15,K-apt 마스터에 없음
11410,11410-3912,로하스,모래내로17길 21,K-apt 마스터에 없음
11410,11410-3939,충림예하임,충정로5길 27,K-apt 마스터에 없음
11410,11410-3960,반석블레스,통일로48가길 15,K-apt 마스터에 없음
11410,11410-3961,연희에스엠,홍연2길 21,K-apt 마스터에 없음
11410,11410-40,제이아델리아,연희로25길 23,K-apt 마스터에 없음
11410,11410-4034,연대JK,성산로 394,K-apt 마스터에 없음
11410,11410-41,신원,연희로 239-5,K-apt 마스터에 없음
11410,11410-4202,3RU-City,신촌로 1,K-apt 마스터에 없음
11410,11410-4269,연희웨스트팰리스,연희로5길 54-11,K-apt 마스터에 없음
11410,11410-43,고은,모래내로 453,K-apt 마스터에 없음
11410,11410-4373,신촌자이엘라,신촌로 149,K-apt 마스터에 없음
11410,11410-4377,홍은동아더프라임,통일로 530,K-apt 마스터에 없음
11410,11410-4457,에이원,홍제원길 45,K-apt 마스터에 없음
11410,11410-4465,제일아파트,통일로37나길 12-6,K-apt 마스터에 없음
11410,11410-45,광산,모래내로 455,K-apt 마스터에 없음
11410,11410-4504,제니스APT,모래내로 376,K-apt 마스터에 없음
11410,11410-4617,e편한세상신촌3단지,북아현로 29,K-apt 마스터에 없음
11410,11410-4619,e편한세상신촌1단지,북아현로1가길 20,K-apt 마스터에 없음
11410,11410-4641,제니스,홍제원길 25-1,K-apt 마스터에 없음
11410,11410-4645,e편한세상신촌4단지,신촌로35길 10,K-apt 마스터에 없음
11410,11410-4714,서대문노블루체,연희로 265,K-apt 마스터에 없음
11410,11410-4730,이대경우타운,이화여대1안길 22,K-apt 마스터에 없음
11410,11410-4738,아르팰리스,연희로 261-60,K-apt 마스터에 없음
11410,11410-4746,홍제헤렌,통일로36가길 9,K-apt 마스터에 없음
11410,11410-4755,HDX휴팰리스,통일로 536,K-apt 마스터에 없음
11410,11410-4768,대경아르체,응암로 133,K-apt 마스터에 없음
11410,11410-48,무악재한화,통일로 357,K-apt 마스터에 없음
11410,11410-4847,파라타워,신촌로 163,K-apt 마스터에 없음
11410,11410-4902,제니스뷰아파트,홍제원길 51,K-apt 마스터에 없음
11410,11410-4942,신촌헤리센트,신촌로37길 22,K-apt 마스터에 없음
11410,11410-5,피어리스,충정로 50,K-apt 마스터에 없음
11410,11410-5006,(72-31),신촌로 59,K-apt 마스터에 없음
11410,11410-5010,홍제에스피엘,모래내로 424,K-apt 마스터에 없음
11410,11410-5018,반석블레스포레,독립문로8길 27,K-apt 마스터에 없음
11410,11410-5029,북한산삼부르네상스101동,포방터8길 30,K-apt 마스터에 없음
11410,11410-5030,북한산삼부르네상스201동,포방터8길 25,K-apt 마스터에 없음
11410,11410-5031,북한산삼부르네상스301동302동303동,포방터8길 1,K-apt 마스터에 없음
11410,11410-5032,북한산삼부르네상스304동305동,포방터8길 1,K-apt 마스터에 없음
11410,11410-5034,북한산삼부르네상스102동103동104동,포방터8길 30,K-apt 마스터에 없음
11410,11410-5035,북한산삼부르네상스202동203동204동,포방터8길 25,K-apt 마스터에 없음
11410,11410-5036,북한산삼부르네상스205동206동207동,포방터8길 25,K-apt 마스터에 없음
11410,11410-52,서울맨션,통일로37길 30,K-apt 마스터에 없음
11410,11410-54,안산맨숀,통일로32길 6,K-apt 마스터에 없음
11410,11410-55,유원하나,세검정로 134,후보 2개 이상(모호)
11410,11410-57,인왕,통일로32길 3,K-apt 마스터에 없음
11410,11410-58,인왕궁맨숀,통일로32길 14,K-apt 마스터에 없음
11410,11410-5978,서대문센트럴아이파크,,도로명 키 생성 불가
11410,11410-5996,흥연,홍연8길 7,K-apt 마스터에 없음
11410,11410-60,인왕산현대,통일로34길 46,후보 2개 이상(모호)
11410,11410-61,조한,홍제내길 174,K-apt 마스터에 없음
11410,11410-62,중앙하이츠,홍제내2길 67,K-apt 마스터에 없음
11410,11410-64,청구2차,통일로 344,K-apt 마스터에 없음
11410,11410-711,동양드림,통일로26길 12-2,K-apt 마스터에 없음
11410,11410-73,홍제원현대(459-0),통일로34길 43,후보 2개 이상(모호)
11410,11410-75,동일3차,통일로37나길 43,K-apt 마스터에 없음
11410,11410-80,동아빌라(188-72),연희로41길 162,K-apt 마스터에 없음
11410,11410-81,동일,홍은중앙로 81,K-apt 마스터에 없음
11410,11410-84,홍은미성,연희로41길 114,K-apt 마스터에 없음
11410,11410-86,부림베스트빌,증가로8길 88,K-apt 마스터에 없음
11410,11410-87,서강1차(1동),연희로41길 142,K-apt 마스터에 없음
11410,11410-88,서강주상복합,가좌로 65,K-apt 마스터에 없음
11410,11410-91,초원,홍은중앙로 156,K-apt 마스터에 없음
11410,11410-97,진흥,모래내로 319,K-apt 마스터에 없음
11410,11410-99,넥서스빌,모래내로17안길 30,K-apt 마스터에 없음
11440,11440-100,노블레스빌3,성미산로27길 15,K-apt 마스터에 없음
11440,11440-101,노블레스빌2,성미산로27길 15-1,K-apt 마스터에 없음
11440,11440-103,대원,성산로4길 75,K-apt 마스터에 없음
11440,11440-105,삼호빌라트,성미산로 72,K-apt 마스터에 없음
11440,11440-107,성산동성,모래내로3길 4,K-apt 마스터에 없음
11440,11440-108,세원,월드컵북로 194,K-apt 마스터에 없음
11440,11440-109,성산시영(유원),월드컵북로 235,K-apt 마스터에 없음
11440,11440-11,고려,큰우물로 76,K-apt 마스터에 없음
11440,11440-110,월드,월드컵북로12안길 74-10,K-apt 마스터에 없음
11440,11440-114,해피존,월드컵로26길 43,K-apt 마스터에 없음
11440,11440-115,그레이스,월드컵로26길 21,K-apt 마스터에 없음
11440,11440-1150,강변그린,대흥로2길 8,K-apt 마스터에 없음
11440,11440-117,유안,성미산로3가길 6-8,K-apt 마스터에 없음
11440,11440-119,상인파크빌,성미산로1길 92,K-apt 마스터에 없음
11440,11440-120,강림월드타운,성암로7길 14,K-apt 마스터에 없음
11440,11440-127,미원2,월드컵로29길 68,K-apt 마스터에 없음
11440,11440-128,성원1,월드컵로25길 125,K-apt 마스터에 없음
11440,11440-130,청화,월드컵로25길 75,K-apt 마스터에 없음
11440,11440-131,현진에버빌2,동교로3길 125,K-apt 마스터에 없음
11440,11440-132,함성월드빌,망원로11길 73,K-apt 마스터에 없음
11440,11440-133,밤섬리버베르빌,와우산로 1,K-apt 마스터에 없음
11440,11440-137,신세계드림빌,월드컵로16길 47,K-apt 마스터에 없음
11440,11440-138,골든빌(210-10),성미산로11길 8,K-apt 마스터에 없음
11440,11440-139,엘지(214-15),월드컵로30다길 23-15,K-apt 마스터에 없음
11440,11440-140,엘지(214-70),월드컵로30다길 23-13,K-apt 마스터에 없음
11440,11440-143,삼환나띠르빌,마포대로 183-16,K-apt 마스터에 없음
11440,11440-145,광남벨라스(VALLACE),성미산로15길 32,K-apt 마스터에 없음
11440,11440-146,코오롱,연남로 30,K-apt 마스터에 없음
11440,11440-148,예원,성암로 133,K-apt 마스터에 없음
11440,11440-150,펠리스아트빌,토정로 34,K-apt 마스터에 없음
11440,11440-152,신구강변연가,토정로 136-11,K-apt 마스터에 없음
11440,11440-153,두영,대흥로 20,K-apt 마스터에 없음
11440,11440-156,삼우하이뷰,월드컵로11길 50,K-apt 마스터에 없음
11440,11440-157,신부3차파스카,방울내로9안길 98,K-apt 마스터에 없음
11440,11440-158,목화,망원로 89,K-apt 마스터에 없음
11440,11440-159,태청,포은로6길 34,K-apt 마스터에 없음
11440,11440-16,성지,큰우물로 75,K-apt 마스터에 없음
11440,11440-161,노블레스(249-12),성미산로23길 4,K-apt 마스터에 없음
11440,11440-162,휴먼,연남로9길 20,K-apt 마스터에 없음
11440,11440-163,동원월드타운,성암로5길 12,K-apt 마스터에 없음
11440,11440-164,그레이스,양화진길 11,K-apt 마스터에 없음
11440,11440-166,리버아인,희우정로 16,K-apt 마스터에 없음
11440,11440-167,한강동원아파트,토정로2길 6-12,K-apt 마스터에 없음
11440,11440-168,성산시영(선경),월드컵북로 235,K-apt 마스터에 없음
11440,11440-170,라인성서,성미산로7안길 26,K-apt 마스터에 없음
11440,11440-173,로즈빌A,임정로25길 21,K-apt 마스터에 없음
11440,11440-174,로즈빌B,임정로25길 19,K-apt 마스터에 없음
11440,11440-178,대림2차,토정로32길 6,K-apt 마스터에 없음
11440,11440-179,우공,백범로25길 92,K-apt 마스터에 없음
11440,11440-18,정우상가맨션,토정로37길 46,K-apt 마스터에 없음
11440,11440-181,하나테크노빌,백범로 76,K-apt 마스터에 없음
11440,11440-183,기정MAY(247-28),월드컵북로7길 26-6,K-apt 마스터에 없음
11440,11440-185,현대하이츠,양화로3길 59,K-apt 마스터에 없음
11440,11440-187,삼우월드,월드컵로11길 37,K-apt 마스터에 없음
11440,11440-189,길명1차아파트,희우정로 105,K-apt 마스터에 없음
11440,11440-19,현대홈타운,새창로8길 72,후보 2개 이상(모호)
11440,11440-190,태경크레앙스(102동),희우정로17길 11,K-apt 마스터에 없음
11440,11440-191,태경크레앙스(101동),희우정로17길 9,K-apt 마스터에 없음
11440,11440-192,현대리버빌,동교로1길 48,K-apt 마스터에 없음
11440,11440-193,현대그린,방울내로3길 51,K-apt 마스터에 없음
11440,11440-197,노아아크빌,방울내로11길 27,K-apt 마스터에 없음
11440,11440-198,송주보르미타운,망원로7길 57,K-apt 마스터에 없음
11440,11440-199,시티,포은로6길 33,K-apt 마스터에 없음
11440,11440-200,함성드림빌,월드컵로31길 89,K-apt 마스터에 없음
11440,11440-201,탑건진선미,방울내로5길 49,K-apt 마스터에 없음
11440,11440-202,신부파스카4차,방울내로 43,K-apt 마스터에 없음
11440,11440-203,강림스위트빌,방울내로11길 147,K-apt 마스터에 없음
11440,11440-205,두영이지안,방울내로 36,K-apt 마스터에 없음
11440,11440-206,함성월드빌2차,월드컵로11길 35,K-apt 마스터에 없음
11440,11440-207,예지안파크뷰,방울내로1길 41-14,K-apt 마스터에 없음
11440,11440-208,서암,성미산로27길 6,K-apt 마스터에 없음
11440,11440-209,홍익하이빌,연남로5길 44,K-apt 마스터에 없음
11440,11440-212,한림101동,새터산5길 17,K-apt 마스터에 없음
11440,11440-214,함성참좋은,월드컵로20길 46,K-apt 마스터에 없음
11440,11440-215,광남벨라스(1차),동교로 126,K-apt 마스터에 없음
11440,11440-216,기정MAY(247-112),월드컵북로7길 26-10,K-apt 마스터에 없음
11440,11440-217,동보프리미아,방울내로11길 181,K-apt 마스터에 없음
11440,11440-218,대운행복,양화로1길 38,K-apt 마스터에 없음
11440,11440-219,백명TRENDYAPT,성암로7길 22,K-apt 마스터에 없음
11440,11440-220,대원파크빌,와우산로30길 44,K-apt 마스터에 없음
11440,11440-221,서교푸르지오,홍익로 10,K-apt 마스터에 없음
11440,11440-222,두영이지안,희우정로1길 48,K-apt 마스터에 없음
11440,11440-24,마포대림1,마포대로1길 21,K-apt 마스터에 없음
11440,11440-27,강변한신코아,마포대로4다길 18,K-apt 마스터에 없음
11440,11440-31,대흥동세양,독막로 288,K-apt 마스터에 없음
11440,11440-32,대흥동태영아파트,독막로 266,후보 2개 이상(모호)
11440,11440-34,염리삼성래미안,백범로25길 63,K-apt 마스터에 없음
11440,11440-35,중앙하이츠,독막로 289,K-apt 마스터에 없음
11440,11440-37,현대벤처빌,백범로 10,K-apt 마스터에 없음
11440,11440-3897,염리동세양청마루아파트101동,독막로42길 5,K-apt 마스터에 없음
11440,11440-3898,창전쌍용스윗닷홈,창전로 63,K-apt 마스터에 없음
11440,11440-3902,그레이스3차,양화진길 37,K-apt 마스터에 없음
11440,11440-3903,한국프라우드,희우정로 15,K-apt 마스터에 없음
11440,11440-3904,한강로얄스위트,망원로 36,K-apt 마스터에 없음
11440,11440-3905,참존2차(101동),망원로 16,K-apt 마스터에 없음
11440,11440-3906,참존2차(102동),망원로 14,K-apt 마스터에 없음
11440,11440-3908,일신건영휴먼빌아파트,토정로5길 9,K-apt 마스터에 없음
11440,11440-3910,삼화아크빌(470-2),방울내로9안길 11,K-apt 마스터에 없음
11440,11440-3911,삼화아크빌(470-39),방울내로9안길 7,K-apt 마스터에 없음
11440,11440-3912,함성월드빌3차301동,망원로11길 35,K-apt 마스터에 없음
11440,11440-3915,마포공덕파크팰리스Ⅱ,마포대로 143,K-apt 마스터에 없음
11440,11440-3920,경남아너스빌,창전로2길 42,K-apt 마스터에 없음
11440,11440-3924,광남벨라스2차,월드컵북로5길 68,K-apt 마스터에 없음
11440,11440-3931,성신,대흥로21길 14,K-apt 마스터에 없음
11440,11440-3932,공덕스카이아파트,만리재로 119,K-apt 마스터에 없음
11440,11440-3936,참존1차(419-3),망원로 19,K-apt 마스터에 없음
11440,11440-3941,광남벨라스1동,동교로27길 7,K-apt 마스터에 없음
11440,11440-3993,마포트라팰리스,마포대로 53,K-apt 마스터에 없음
11440,11440-3994,성일빌딩,월드컵북로 98,K-apt 마스터에 없음
11440,11440-4,공덕1삼성래미안,마포대로 115-8,후보 2개 이상(모호)
11440,11440-40,신촌삼익,신수로 107,K-apt 마스터에 없음
11440,11440-4006,한강월드컵,방울내로9안길 64,K-apt 마스터에 없음
11440,11440-4015,벨로스,월드컵로26길 23,K-apt 마스터에 없음
11440,11440-4027,KCC엠파이어리버,양화로 26,K-apt 마스터에 없음
11440,11440-4034,예림아너스,성미산로11길 32-7,K-apt 마스터에 없음
11440,11440-4037,성산동자담이움아파트,월드컵로26길 57,K-apt 마스터에 없음
11440,11440-4045,에덴지우,어울마당로3길 19,K-apt 마스터에 없음
11440,11440-4046,중앙하이츠102동,와우산로30길 135,K-apt 마스터에 없음
11440,11440-4061,중앙하이츠101동,와우산로30길 135,K-apt 마스터에 없음
11440,11440-4062,중앙하이츠103동,와우산로30길 135,K-apt 마스터에 없음
11440,11440-4063,중앙하이츠104동,와우산로30길 135,K-apt 마스터에 없음
11440,11440-4086,해오름2차,월드컵로17길 67,K-apt 마스터에 없음
11440,11440-4108,마포아크로타워,마포대로 68,K-apt 마스터에 없음
11440,11440-4142,해오름,월드컵로13길 79,K-apt 마스터에 없음
11440,11440-4155,벽산솔렌스힐,광성로 28,K-apt 마스터에 없음
11440,11440-4187,삼익플라주서교1,월드컵북로 39,K-apt 마스터에 없음
11440,11440-42,밤섬힐스테이트,신수로3길 23,K-apt 마스터에 없음
11440,11440-4213,뉴마인,마포대로14길 32,K-apt 마스터에 없음
11440,11440-4281,반도유보라아일랜드,신수로2길 6,K-apt 마스터에 없음
11440,11440-43,밤섬예가클래식,신수로2길 26,K-apt 마스터에 없음
11440,11440-4340,두영이지안101동,토정로 67,K-apt 마스터에 없음
11440,11440-4341,두영이지안102동,토정로 67,K-apt 마스터에 없음
11440,11440-44,영풍,토정로 198,K-apt 마스터에 없음
11440,11440-4462,두영이지안,만리재로14길 27,K-apt 마스터에 없음
11440,11440-4492,마포트라팰리스2차,마포대로 201,K-apt 마스터에 없음
11440,11440-4503,망원동동원데쟈뷰,방울내로9안길 57,K-apt 마스터에 없음
11440,11440-452,길명2차(455-4),희우정로 115-1,K-apt 마스터에 없음
11440,11440-453,상암마젤란21,방울내로11길 43,K-apt 마스터에 없음
11440,11440-454,한림201동,새터산5길 11,K-apt 마스터에 없음
11440,11440-4564,월드컵아이파크(666-0),모래내로9길 3,K-apt 마스터에 없음
11440,11440-4583,롯데캐슬프레지던트,마포대로 109,K-apt 마스터에 없음
11440,11440-4609,수풍,월드컵북로38가길 22-5,K-apt 마스터에 없음
11440,11440-4686,영화블렌하임,월드컵로25길 26,K-apt 마스터에 없음
11440,11440-47,창전래미안,서강로 95,후보 2개 이상(모호)
11440,11440-4802,대호강변,대흥로4길 54,K-apt 마스터에 없음
11440,11440-4849,성산힐아파트,성산로6길 37-10,K-apt 마스터에 없음
11440,11440-4855,래미안공덕5차,마포대로 173-15,K-apt 마스터에 없음
11440,11440-4872,에덴지우,동교로17길 45,K-apt 마스터에 없음
11440,11440-4876,kcc웰츠,백범로 202,K-apt 마스터에 없음
11440,11440-49,상수동월드메르디앙,와우산로 4,K-apt 마스터에 없음
11440,11440-4939,한강그린1차아파트,동교로1길 22,K-apt 마스터에 없음
11440,11440-5002,(91-511),신수로 89,K-apt 마스터에 없음
11440,11440-5003,대우월드마크마포,백범로 212,K-apt 마스터에 없음
11440,11440-5032,리츠,연남로1길 84,K-apt 마스터에 없음
11440,11440-5134,예인하우스,월드컵북로43길 38,K-apt 마스터에 없음
11440,11440-5145,비체힐리버뷰,마포대로4나길 71,K-apt 마스터에 없음
11440,11440-5233,예미원,마포대로 236,K-apt 마스터에 없음
11440,11440-5249,리츠,월드컵로25길 17,K-apt 마스터에 없음
11440,11440-5286,신부파스카5차,방울내로11길 73,K-apt 마스터에 없음
11440,11440-53,대아,와우산로33길 26-7,K-apt 마스터에 없음
11440,11440-5440,공덕프로포즈Ⅱ,만리재로 35,K-apt 마스터에 없음
11440,11440-5559,래미안웰스트림,토정로18길 11,K-apt 마스터에 없음
11440,11440-56,광남푸른마을,양화로7안길 35,K-apt 마스터에 없음
11440,11440-5634,애오개아이파크,굴레방로1길 25,K-apt 마스터에 없음
11440,11440-5657,신촌다올노블리움,백범로1길 83,K-apt 마스터에 없음
11440,11440-5673,합정한강아파트,포은로 34,K-apt 마스터에 없음
11440,11440-57,대운,양화로7안길 30,K-apt 마스터에 없음
11440,11440-5725,강변그린,대흥로2길 16,K-apt 마스터에 없음
11440,11440-5727,공덕더샵,백범로 170,K-apt 마스터에 없음
11440,11440-5754,엠제이더퍼스트홍대,양화로 114,K-apt 마스터에 없음
11440,11440-5776,솔리스타,만리재로 113,K-apt 마스터에 없음
11440,11440-5777,블레스하임,만리재로 45-1,K-apt 마스터에 없음
11440,11440-5803,스카이캐슬,월드컵로29길 14,K-apt 마스터에 없음
11440,11440-5822,마포한강제이스카이,방울내로 37,K-apt 마스터에 없음
11440,11440-59,엘림,월드컵북로7길 40,K-apt 마스터에 없음
11440,11440-5919,마포월드컵제이스카이,방울내로11길 38,K-apt 마스터에 없음
11440,11440-5944,솔루체,방울내로1길 24,K-apt 마스터에 없음
11440,11440-5972,뉴성신아파트,포은로 143,K-apt 마스터에 없음
11440,11440-60,센트레,월드컵북로7길 42,K-apt 마스터에 없음
11440,11440-6046,우리파크아파트,대흥로24길 27,K-apt 마스터에 없음
11440,11440-6074,솔루체2차아파트,월드컵로31길 116,K-apt 마스터에 없음
11440,11440-62,삼성강변,희우정로1길 21,K-apt 마스터에 없음
11440,11440-6229,신수동르끌레브아파트,토정로17길 6,K-apt 마스터에 없음
11440,11440-6234,만민하늘애,월드컵북로 127,K-apt 마스터에 없음
11440,11440-63,장미(466-0),어울마당로 11,K-apt 마스터에 없음
11440,11440-67,강변타운,동교로3길 79,K-apt 마스터에 없음
11440,11440-68,광남캐스빌,월드컵로31길 33,K-apt 마스터에 없음
11440,11440-69,대상3,월드컵로31길 103,K-apt 마스터에 없음
11440,11440-7,공덕2삼성래미안,마포대로20길 26,후보 2개 이상(모호)
11440,11440-70,대상4,포은로8길 8,K-apt 마스터에 없음
11440,11440-74,미원1,망원로11길 38,K-apt 마스터에 없음
11440,11440-75,성신,포은로 147,K-apt 마스터에 없음
11440,11440-7551,힐스테이트마포더퍼스트,신수로6길 12,K-apt 마스터에 없음
11440,11440-76,성원2,망원로4길 8,K-apt 마스터에 없음
11440,11440-77,신부,월드컵로29길 84,K-apt 마스터에 없음
11440,11440-78,예향,망원로2길 14,K-apt 마스터에 없음
11440,11440-8,신공덕래미안2차,만리재로 74,후보 2개 이상(모호)
11440,11440-80,함성백합,월드컵로29길 113,K-apt 마스터에 없음
11440,11440-81,뉴서울,월드컵로23길 46,K-apt 마스터에 없음
11440,11440-83,천우,방울내로5길 8,K-apt 마스터에 없음
11440,11440-84,광남캐스빌B,방울내로5길 41,K-apt 마스터에 없음
11440,11440-85,광남캐스빌D,방울내로5길 39,K-apt 마스터에 없음
11440,11440-87,광남캐스빌A,방울내로5길 41-1,K-apt 마스터에 없음
11440,11440-90,한강1차대주피오레,동교로3길 67,K-apt 마스터에 없음
11440,11440-91,한강2차대주피오레,동교로3길 115,K-apt 마스터에 없음
11440,11440-92,삼성화원,망원로10길 6,K-apt 마스터에 없음
11440,11440-94,대명,동교로39길 11,K-apt 마스터에 없음
11440,11440-96,새마을,성미산로23길 54,K-apt 마스터에 없음
11440,11440-97,엘르빌,성미산로29길 9,K-apt 마스터에 없음
11440,11440-98,청기와,연남로 27,K-apt 마스터에 없음
11470,11470-1,강산빌라트,목동중앙로 85,K-apt 마스터에 없음
11470,11470-100,해주,곰달래로2길 32,K-apt 마스터에 없음
11470,11470-101,해태,월정로 21,K-apt 마스터에 없음
11470,11470-102,호성파크1,화곡로3가길 11,K-apt 마스터에 없음
11470,11470-103,근상아트프리즘,남부순환로 328,K-apt 마스터에 없음
11470,11470-104,흥양훼미리,월정로 214,K-apt 마스터에 없음
11470,11470-105,은성,곰달래로5길 30,K-apt 마스터에 없음
11470,11470-106,탑건위너스빌,곰달래로1길 63,K-apt 마스터에 없음
11470,11470-108,대신,오목로13길 16-1,K-apt 마스터에 없음
11470,11470-11,동도(729-5),목동중앙남로9길 25,K-apt 마스터에 없음
11470,11470-112,수명산태승훼미리,월정로 262,K-apt 마스터에 없음
11470,11470-113,제일캐슬,오목로19길 1,K-apt 마스터에 없음
11470,11470-114,방주아크빌,오목로7길 35,K-apt 마스터에 없음
11470,11470-115,건영,목동로25길 9,K-apt 마스터에 없음
11470,11470-116,뉴타운,오목로 172,K-apt 마스터에 없음
11470,11470-118,마이홈,중앙로29길 120-13,K-apt 마스터에 없음
11470,11470-12,동도빌라트,국회대로 271,K-apt 마스터에 없음
11470,11470-127,목동우성3,목동남로4길 20,K-apt 마스터에 없음
11470,11470-13,목4현대,목동중앙본로1길 11,K-apt 마스터에 없음
11470,11470-130,보성주상복합,오목로 232,K-apt 마스터에 없음
11470,11470-131,블레스빌,신목로12길 5,K-apt 마스터에 없음
11470,11470-133,삼천리,목동로15길 8,K-apt 마스터에 없음
11470,11470-134,목동캐슬아파트,목동동로10길 22,K-apt 마스터에 없음
11470,11470-135,수정,신정로13길 35,K-apt 마스터에 없음
11470,11470-14,목동가든스위트,목동서로 65,K-apt 마스터에 없음
11470,11470-141,신호,오목로 160,K-apt 마스터에 없음
11470,11470-143,심미에셈빌,목동로23길 34,K-apt 마스터에 없음
11470,11470-145,은행,은행정로7길 8,K-apt 마스터에 없음
11470,11470-146,제이월드,은행정로4길 6,K-apt 마스터에 없음
11470,11470-149,파인빌,신목로12길 17,K-apt 마스터에 없음
11470,11470-152,푸른힐,오목로 166,K-apt 마스터에 없음
11470,11470-155,흥영,신정중앙로 58,K-apt 마스터에 없음
11470,11470-156,길훈로즈빌,목동동로 190,K-apt 마스터에 없음
11470,11470-16,목동성원초원,목동중앙본로 20,K-apt 마스터에 없음
11470,11470-161,삼백훼미리,오목로35길 22,K-apt 마스터에 없음
11470,11470-163,태경아파트,은행정로11길 12,K-apt 마스터에 없음
11470,11470-164,청원,은행정로 75,K-apt 마스터에 없음
11470,11470-165,심미,오목로 171,K-apt 마스터에 없음
11470,11470-166,대림아크로빌,목동서로 401,K-apt 마스터에 없음
11470,11470-167,정은SKY빌,중앙로29길 120-11,K-apt 마스터에 없음
11470,11470-168,팰리스필,신정중앙로15길 5-15,K-apt 마스터에 없음
11470,11470-169,동원데쟈뷰,오목로23길 31,K-apt 마스터에 없음
11470,11470-173,진도1103동,목동서로 254,K-apt 마스터에 없음
11470,11470-174,상진지오벨리,목동중앙남로3가길 127,K-apt 마스터에 없음
11470,11470-175,세종그랑시아,목동중앙남로3가길 59,K-apt 마스터에 없음
11470,11470-176,동구햇살아파트,목동중앙남로 51-18,K-apt 마스터에 없음
11470,11470-177,목동휘버스I,목동중앙남로7길 36,K-apt 마스터에 없음
11470,11470-178,지오트레벨,목동중앙남로9길 31,K-apt 마스터에 없음
11470,11470-180,로데오휘버스빌,목동로29길 16,K-apt 마스터에 없음
11470,11470-183,동문굿모닝탑,목동동로 53,K-apt 마스터에 없음
11470,11470-185,신일해피트리,중앙로29길 64,K-apt 마스터에 없음
11470,11470-186,로마아트빌,중앙로23길 22,K-apt 마스터에 없음
11470,11470-188,대영월드(B동),남부순환로31길 33,K-apt 마스터에 없음
11470,11470-191,오진참사랑,오목로 100-6,K-apt 마스터에 없음
11470,11470-192,대원칸타빌3,목동중앙로 9,K-apt 마스터에 없음
11470,11470-193,월드메르디앙3,목동동로 270,K-apt 마스터에 없음
11470,11470-194,보람쉬움1,남부순환로67길 15,K-apt 마스터에 없음
11470,11470-195,월드메르디앙2,목동중앙본로1길 5,K-apt 마스터에 없음
11470,11470-196,훼미리주상복합,가로공원로64길 13,K-apt 마스터에 없음
11470,11470-198,은일로즈힐,신월로 116,K-apt 마스터에 없음
11470,11470-199,원능한빛,남부순환로73길 16,K-apt 마스터에 없음
11470,11470-202,신성미소지움,오목로 76-1,K-apt 마스터에 없음
11470,11470-207,웨스트빌(102동),목동중앙본로 48,K-apt 마스터에 없음
11470,11470-212,상진,은행정로 87,K-apt 마스터에 없음
11470,11470-214,재훈,목동로23길 33,K-apt 마스터에 없음
11470,11470-215,춘당아네시스,신정중앙로19길 7,K-apt 마스터에 없음
11470,11470-217,삼성,국회대로8길 8,K-apt 마스터에 없음
11470,11470-219,보성제이드,은행정로 72,K-apt 마스터에 없음
11470,11470-220,동일아파트,은행정로17길 2,K-apt 마스터에 없음
11470,11470-223,예지보금자리(102동),오목로29길 25-1,K-apt 마스터에 없음
11470,11470-225,이지라이프,오목로 137,K-apt 마스터에 없음
11470,11470-227,주안펌니스아파트,오목로 174,K-apt 마스터에 없음
11470,11470-228,현대힐타운,중앙로48길 34,K-apt 마스터에 없음
11470,11470-229,신이모닝빌,은행정로 30,K-apt 마스터에 없음
11470,11470-231,제일에비앙101동,목동로21길 7,K-apt 마스터에 없음
11470,11470-232,목동동보,목동로19길 10,K-apt 마스터에 없음
11470,11470-233,이스타팰리스,목동로 163,K-apt 마스터에 없음
11470,11470-234,동림,은행정로6길 6,K-apt 마스터에 없음
11470,11470-235,태화상가빌라트,중앙로32길 67,K-apt 마스터에 없음
11470,11470-236,뉴목동,중앙로 218,K-apt 마스터에 없음
11470,11470-238,정은스카이빌3차,중앙로45길 28-12,K-apt 마스터에 없음
11470,11470-241,대성유니드1차,중앙로29길 102,K-apt 마스터에 없음
11470,11470-242,자성,중앙로39길 24-14,K-apt 마스터에 없음
11470,11470-244,주건드림빌,은행정로13길 3,K-apt 마스터에 없음
11470,11470-245,정은스카이빌2차,중앙로45길 42,K-apt 마스터에 없음
11470,11470-246,힐탑이루미,은행정로17길 80,K-apt 마스터에 없음
11470,11470-25,목화,목동중앙남로4길 11-17,K-apt 마스터에 없음
11470,11470-250,효원빌라트,목동중앙로13길 2,K-apt 마스터에 없음
11470,11470-251,힐타운,목동중앙본로19길 20,K-apt 마스터에 없음
11470,11470-252,목동성삼하이츠,목동서로 238,K-apt 마스터에 없음
11470,11470-254,래디앙아파트,오목로 276-5,K-apt 마스터에 없음
11470,11470-255,신화타워,목동중앙북로 60,K-apt 마스터에 없음
11470,11470-256,애드웰(534),목동중앙본로30길 54,K-apt 마스터에 없음
11470,11470-257,목동진흥,목동중앙북로16가길 47,K-apt 마스터에 없음
11470,11470-258,상진지오벨리(548),목동중앙북로10길 59,K-apt 마스터에 없음
11470,11470-259,태청,목동중앙북로4길 43,K-apt 마스터에 없음
11470,11470-26,미성,목동중앙본로5길 51,K-apt 마스터에 없음
11470,11470-260,행복자,목동중앙북로8가길 23,K-apt 마스터에 없음
11470,11470-261,목동다솔,목동중앙남로3가길 131,K-apt 마스터에 없음
11470,11470-262,두란,목동중앙남로3가길 116,K-apt 마스터에 없음
11470,11470-263,보경,목동중앙남로9길 29,K-apt 마스터에 없음
11470,11470-264,왕자상가아파트,목동중앙남로 38,K-apt 마스터에 없음
11470,11470-266,목동2차아이파크,목동중앙로 79,K-apt 마스터에 없음
11470,11470-267,목동글로리파크,목동중앙로 43,K-apt 마스터에 없음
11470,11470-268,애드웰(774-10),목동중앙서로 45,K-apt 마스터에 없음
11470,11470-269,상록,국회대로 269,K-apt 마스터에 없음
11470,11470-27,벽산,목동서로 236,K-apt 마스터에 없음
11470,11470-270,웨스트빌,목동중앙본로 50-12,K-apt 마스터에 없음
11470,11470-272,근상프리즘,목동중앙본로2길 45,K-apt 마스터에 없음
11470,11470-273,수명산타워빌,월정로 293,K-apt 마스터에 없음
11470,11470-274,샤인팰리스,화곡로3길 20-19,K-apt 마스터에 없음
11470,11470-275,행복한세상,남부순환로 297,K-apt 마스터에 없음
11470,11470-276,NEWSK아파트,가로공원로61길 20,K-apt 마스터에 없음
11470,11470-277,미리내아파트,화곡로4길 3,K-apt 마스터에 없음
11470,11470-278,청남,남부순환로31길 24,K-apt 마스터에 없음
11470,11470-28,벽산미라지타워,목동동로 385,K-apt 마스터에 없음
11470,11470-280,우진,곰달래로13길 71,K-apt 마스터에 없음
11470,11470-281,삼동,월정로31길 27,K-apt 마스터에 없음
11470,11470-283,은하아파트,곰달래로1길 50,K-apt 마스터에 없음
11470,11470-284,동도하이츠,곰달래로2길 41,K-apt 마스터에 없음
11470,11470-286,탑건위너빌,오목로1길 27,K-apt 마스터에 없음
11470,11470-287,보아스청와,오목로3길 32,K-apt 마스터에 없음
11470,11470-288,타워빌,오목로3길 24,K-apt 마스터에 없음
11470,11470-289,상신,오목로3길 3,K-apt 마스터에 없음
11470,11470-290,삼백,오목로3길 5-16,K-apt 마스터에 없음
11470,11470-291,두원빌드피아(444-7),오목로7길 6,K-apt 마스터에 없음
11470,11470-294,두원B동,오목로11길 17-8,K-apt 마스터에 없음
11470,11470-295,성림,오목로9길 20,K-apt 마스터에 없음
11470,11470-297,동양브로미(101동)A,오목로13길 14,K-apt 마스터에 없음
11470,11470-298,동양브로미(102동)B,오목로15길 11,K-apt 마스터에 없음
11470,11470-299,동양브로미(102동)A,오목로15길 9,K-apt 마스터에 없음
11470,11470-3,건진,목동중앙로3길 42,K-apt 마스터에 없음
11470,11470-301,홍익아파트,오목로17길 12,K-apt 마스터에 없음
11470,11470-302,예건미예뜰1동,오목로19길 5,K-apt 마스터에 없음
11470,11470-305,이형원앙,오목로 46-6,K-apt 마스터에 없음
11470,11470-306,세진아파트,오목로 30,K-apt 마스터에 없음
11470,11470-307,삼종레이빌101동,오목로4길 5,K-apt 마스터에 없음
11470,11470-308,삼종레이빌102동,오목로4길 7,K-apt 마스터에 없음
11470,11470-31,부영그린타운1,목동동로 393,K-apt 마스터에 없음
11470,11470-311,연흥,신월로15길 9,K-apt 마스터에 없음
11470,11470-312,오투힐,신월로9길 20,K-apt 마스터에 없음
11470,11470-313,세아쎄닛빌,남부순환로 569,K-apt 마스터에 없음
11470,11470-314,영남타운,남부순환로 571,K-apt 마스터에 없음
11470,11470-315,당곡,남부순환로 575,K-apt 마스터에 없음
11470,11470-317,조광,남부순환로 589,K-apt 마스터에 없음
11470,11470-318,삼도(101),남부순환로 591,K-apt 마스터에 없음
11470,11470-320,대림타운,신월로10길 8,K-apt 마스터에 없음
11470,11470-322,청정,신월로20길 5-11,K-apt 마스터에 없음
11470,11470-323,청송그린힐,신월로 119,K-apt 마스터에 없음
11470,11470-324,용민홈타워빌,지양로 25,K-apt 마스터에 없음
11470,11470-325,보금자리,남부순환로 586,K-apt 마스터에 없음
11470,11470-330,탑건진선미,화곡로4길 11,K-apt 마스터에 없음
11470,11470-333,방주기픈샘,월정로8길 8,K-apt 마스터에 없음
11470,11470-334,신도브래뉴2차,화곡로3길 34,K-apt 마스터에 없음
11470,11470-335,신월동방원,곰달래로2길 31,K-apt 마스터에 없음
11470,11470-336,대성유니드,신월로15길 21,K-apt 마스터에 없음
11470,11470-337,청성넥스빌,신월로9길 16,K-apt 마스터에 없음
11470,11470-338,거산,월정로 249,K-apt 마스터에 없음
11470,11470-339,목동동화옥시죤-7,목동중앙본로3길 7,K-apt 마스터에 없음
11470,11470-340,신정동로마,오목로38길 16,K-apt 마스터에 없음
11470,11470-341,장미,오목로35길 2,K-apt 마스터에 없음
11470,11470-342,수산팰리스,목동중앙북로16길 71,K-apt 마스터에 없음
11470,11470-343,목동태진드림피아,목동중앙로5가길 31,K-apt 마스터에 없음
11470,11470-346,동국화이트빌B동,은행정로19길 3,K-apt 마스터에 없음
11470,11470-347,동국화이트빌A동,은행정로19길 1,K-apt 마스터에 없음
11470,11470-354,에이원,월정로11길 9,K-apt 마스터에 없음
11470,11470-359,서울,오목로 36,K-apt 마스터에 없음
11470,11470-36,스카이빌아파트,목동중앙로 47-10,K-apt 마스터에 없음
11470,11470-361,벽산블루밍2단지,신정로13길 51,K-apt 마스터에 없음
11470,11470-39,에이스,목동중앙남로 21-15,K-apt 마스터에 없음
11470,11470-3924,보람,중앙로55길 16,K-apt 마스터에 없음
11470,11470-3925,신정동경남아너스빌2차,신목로5길 21,K-apt 마스터에 없음
11470,11470-3926,목동해오름101동,목동로9길 25,K-apt 마스터에 없음
11470,11470-3935,미래드림캐슬,목동중앙남로 99,K-apt 마스터에 없음
11470,11470-3936,목동두산위브,목동중앙본로 85,K-apt 마스터에 없음
11470,11470-3937,명지해드는터,목동중앙서로11길 49-5,K-apt 마스터에 없음
11470,11470-3940,빛여울,가로공원로 78,K-apt 마스터에 없음
11470,11470-3941,상아아름,월정로 62,K-apt 마스터에 없음
11470,11470-3942,한우리아파트,중앙로55길 31,K-apt 마스터에 없음
11470,11470-3943,한우리(101동),중앙로55길 29,K-apt 마스터에 없음
11470,11470-3944,신월2차미소지움,오목로10길 7-8,K-apt 마스터에 없음
11470,11470-3946,길훈엔트런스빌,곰달래로11길 21,K-apt 마스터에 없음
11470,11470-3954,목동미소래,목동중앙남로 46,K-apt 마스터에 없음
11470,11470-3957,목동휘버스,오목로50길 17,K-apt 마스터에 없음
11470,11470-3959,삼익플라주,신월로 181,K-apt 마스터에 없음
11470,11470-3960,신월6차보람,곰달래로7길 7,K-apt 마스터에 없음
11470,11470-3968,강국,월정로 245,K-apt 마스터에 없음
11470,11470-3993,동원로데오,목동로29길 7,K-apt 마스터에 없음
11470,11470-3997,정은스카이빌(959),목동중앙북로24길 83,K-apt 마스터에 없음
11470,11470-3998,신한이모르젠,목동중앙북로 7,K-apt 마스터에 없음
11470,11470-3999,삼익플라주(81-10),가로공원로 129,K-apt 마스터에 없음
11470,11470-40,우당,국회대로 276,K-apt 마스터에 없음
11470,11470-4002,정은스카이빌(1044),신월로11길 36,K-apt 마스터에 없음
11470,11470-4003,상진지오밸리가동,목동중앙본로5길 26,K-apt 마스터에 없음
11470,11470-4004,온누리,남부순환로27길 6,K-apt 마스터에 없음
11470,11470-4009,올림푸스(150-1),가로공원로 82,K-apt 마스터에 없음
11470,11470-4010,그린아파트빌,남부순환로71길 6,K-apt 마스터에 없음
11470,11470-4021,주함헤븐103동,남부순환로58길 24-16,K-apt 마스터에 없음
11470,11470-4023,주함헤븐101동,남부순환로58길 24-8,K-apt 마스터에 없음
11470,11470-4025,양천벽산블루밍2단지,월정로9길 20,K-apt 마스터에 없음
11470,11470-4026,양천벽산블루밍3단지,월정로7길 24,K-apt 마스터에 없음
11470,11470-4028,삼익2차플라주,신월로13길 13,K-apt 마스터에 없음
11470,11470-4043,아름다운세상,화곡로3길 31,K-apt 마스터에 없음
11470,11470-4046,목동보미리즌빌,목동중앙본로7길 45,K-apt 마스터에 없음
11470,11470-4052,동원,목동중앙남로16마길 27-5,K-apt 마스터에 없음
11470,11470-4063,이연에버리치,신정중앙로21길 10,K-apt 마스터에 없음
11470,11470-4065,디아이빌102동,지양로17길 9,K-apt 마스터에 없음
11470,11470-4071,정은스카이빌2차,신월로9길 36,K-apt 마스터에 없음
11470,11470-4115,주함헤븐106동,남부순환로62길 15,K-apt 마스터에 없음
11470,11470-4123,주함헤븐105동,남부순환로62길 17,K-apt 마스터에 없음
11470,11470-4124,주남헤븐107동,남부순환로62길 13,K-apt 마스터에 없음
11470,11470-4125,동도센트리움,오목로17길 7,K-apt 마스터에 없음
11470,11470-4129,지오프레저101동,은행정로11나길 10,K-apt 마스터에 없음
11470,11470-4145,엘림(986-13),지양로3길 8,K-apt 마스터에 없음
11470,11470-4151,신성미소지움3차아파트,오목로 39-22,K-apt 마스터에 없음
11470,11470-4164,목동노블레스,목동중앙남로 12-3,K-apt 마스터에 없음
11470,11470-4186,장수마을2단지동원데쟈뷰,오목로 76-2,K-apt 마스터에 없음
11470,11470-42,월드메르디앙,목동중앙본로 34,K-apt 마스터에 없음
11470,11470-4206,방주기픈샘2,중앙로55길 59,K-apt 마스터에 없음
11470,11470-4210,세진,월정로46길 11,K-apt 마스터에 없음
11470,11470-4234,삼익4차플라주,신월로 203,K-apt 마스터에 없음
11470,11470-4241,세양청마루2차주상복합,목동남로4길 2,K-apt 마스터에 없음
11470,11470-4256,SM엘루이아파트,은행정로4길 25,K-apt 마스터에 없음
11470,11470-4299,우영아파트,남부순환로59길 3,K-apt 마스터에 없음
11470,11470-43,일신파스텔,등촌로 110,K-apt 마스터에 없음
11470,11470-4303,ParkPalaceII,목동중앙북로16길 85,K-apt 마스터에 없음
11470,11470-4315,장수마을,오목로10길 11,K-apt 마스터에 없음
11470,11470-4324,예지팰리스50차,목동로27길 15,K-apt 마스터에 없음
11470,11470-4342,동양부로미(926-4),신정중앙로 24,K-apt 마스터에 없음
11470,11470-4382,코아루1단지,남부순환로56길 9,K-apt 마스터에 없음
11470,11470-4388,상진지오벨리,화곡로 85,K-apt 마스터에 없음
11470,11470-4405,엘리시아,목동중앙북로 108,K-apt 마스터에 없음
11470,11470-4409,청우,국회대로 224,K-apt 마스터에 없음
11470,11470-4414,코아루2단지,남부순환로56길 15,K-apt 마스터에 없음
11470,11470-4437,누리애,오목로1길 45,K-apt 마스터에 없음
11470,11470-4472,덕수펠리체(45),남부순환로 330,K-apt 마스터에 없음
11470,11470-4501,롯데캐슬(1057-1),오목로5길 20,K-apt 마스터에 없음
11470,11470-4532,성보,목동중앙서로 47,K-apt 마스터에 없음
11470,11470-4611,엘리온,목동중앙서로8길 29,K-apt 마스터에 없음
11470,11470-4614,흥인아이젠,신월로 155,K-apt 마스터에 없음
11470,11470-47,한신빌라트1,목동서로2길 16,K-apt 마스터에 없음
11470,11470-4729,동원데자뷰,화곡로3길 43,K-apt 마스터에 없음
11470,11470-4894,동구햇살아파트2차,목동중앙남로 80,K-apt 마스터에 없음
11470,11470-49,삼도,목동중앙본로19길 6,K-apt 마스터에 없음
11470,11470-4926,덕현해밀(101동),남부순환로35길 12,K-apt 마스터에 없음
11470,11470-4936,은성마을승윤노블리안,화곡로5길 15,K-apt 마스터에 없음
11470,11470-4948,삼익플라주행복한마을,오목로1길 35,K-apt 마스터에 없음
11470,11470-4958,동서,오목로9길 11,K-apt 마스터에 없음
11470,11470-4981,예지보금자리74차,오목로15길 20-1,K-apt 마스터에 없음
11470,11470-5010,수명산그린시아,월정로 299,K-apt 마스터에 없음
11470,11470-5095,태산,오목로 20,K-apt 마스터에 없음
11470,11470-5160,리슈리안,중앙로 311,K-apt 마스터에 없음
11470,11470-5215,CG아름채목동아파트,목동중앙본로28길 10,K-apt 마스터에 없음
11470,11470-53,연지프로빌,오목로54길 1,K-apt 마스터에 없음
11470,11470-5311,목동신세계아파트,신목로6길 36-7,K-apt 마스터에 없음
11470,11470-5318,신정숲속마을,신정로 110,K-apt 마스터에 없음
11470,11470-5354,온누리베일리,남부순환로 454,K-apt 마스터에 없음
11470,11470-5380,목동경동미르웰,중앙로 286,K-apt 마스터에 없음
11470,11470-54,두레,목동중앙북로 126,K-apt 마스터에 없음
11470,11470-5416,라온미브아파트,남부순환로 385,K-apt 마스터에 없음
11470,11470-55,삼성(528-7),목동중앙본로30가길 55,K-apt 마스터에 없음
11470,11470-5551,목동벨로스주상복합,등촌로 204,K-apt 마스터에 없음
11470,11470-5584,양천홈타운1차,중앙로57길 9,K-apt 마스터에 없음
11470,11470-5595,목동에버하임,목동중앙북로 68,K-apt 마스터에 없음
11470,11470-56,목동효성,목동중앙북로24길 65,K-apt 마스터에 없음
11470,11470-5604,양천홈타운2차아파트,중앙로55길 56,K-apt 마스터에 없음
11470,11470-5614,스위트드림아파트,곰달래로11길 56,K-apt 마스터에 없음
11470,11470-5618,스카이캐슬아파트(512-8),신월로 201,K-apt 마스터에 없음
11470,11470-5627,목동센트럴아이파크위브1단지,남부순환로83길 17,K-apt 마스터에 없음
11470,11470-5629,목동센트럴아이파크위브3단지,남부순환로83길 48,K-apt 마스터에 없음
11470,11470-5630,목동센트럴아이파크위브4단지,남부순환로83길 47,K-apt 마스터에 없음
11470,11470-5654,양천홈타운3차,중앙로53길 14,K-apt 마스터에 없음
11470,11470-57,목동길성그랑프리텔,목동중앙본로7길 37-20,K-apt 마스터에 없음
11470,11470-5733,중앙하이츠목동펠리시티,오목로 212,K-apt 마스터에 없음
11470,11470-5860,신목동비바힐스,신월로 123,K-apt 마스터에 없음
11470,11470-59,인우,목동중앙남로 11-32,K-apt 마스터에 없음
11470,11470-60,신동아파밀리에,목동중앙로 57,K-apt 마스터에 없음
11470,11470-61,현대파크빌(907-23),목동동로 391,K-apt 마스터에 없음
11470,11470-62,청학,목동동로12길 9,K-apt 마스터에 없음
11470,11470-63,궁전,곰달래로5길 11,K-apt 마스터에 없음
11470,11470-64,금강,남부순환로64길 23,K-apt 마스터에 없음
11470,11470-65,신월동금용,신월로17길 22,K-apt 마스터에 없음
11470,11470-66,길성,신월로15길 7,K-apt 마스터에 없음
11470,11470-67,길훈,지양로 101,K-apt 마스터에 없음
11470,11470-6754,예담파크뷰,국회대로 78,K-apt 마스터에 없음
11470,11470-68,나산,남부순환로65길 6,K-apt 마스터에 없음
11470,11470-69,나이아가라,오목로 88,K-apt 마스터에 없음
11470,11470-71,대림(주상복합),오목로 76,K-apt 마스터에 없음
11470,11470-72,동방,신월로 220,K-apt 마스터에 없음
11470,11470-78,새롬,중앙로57길 35,K-apt 마스터에 없음
11470,11470-80,성우,오목로7길 25,K-apt 마스터에 없음
11470,11470-81,세제뉴타운,신월로15길 15,K-apt 마스터에 없음
11470,11470-82,수명,화곡로3길 15,K-apt 마스터에 없음
11470,11470-9,대원,목동중앙북로10길 12-20,K-apt 마스터에 없음
11470,11470-91,우당,오목로 90,K-apt 마스터에 없음
11470,11470-92,우정,지양로15길 24,K-apt 마스터에 없음
11470,11470-94,중흥,중앙로57길 46,K-apt 마스터에 없음
11470,11470-95,청솔,월정로 50,K-apt 마스터에 없음
11470,11470-97,태진,중앙로55길 25,K-apt 마스터에 없음
11470,11470-98,태헌(신월프라자),곰달래로5길 17,K-apt 마스터에 없음
11470,11470-99,태형,곰달래로5길 37,K-apt 마스터에 없음
11500,11500-10,리버펠리스3동,양천로77길 31,K-apt 마스터에 없음
11500,11500-10139,센터스퀘어발산,공항대로 302,K-apt 마스터에 없음
11500,11500-10140,아르체움등촌,공항대로 553,K-apt 마스터에 없음
11500,11500-10188,등촌센트럴르씨엘,공항대로45나길 36,K-apt 마스터에 없음
11500,11500-102,진흥,곰달래로53길 66,K-apt 마스터에 없음
11500,11500-104,타워빌,강서로43길 28,K-apt 마스터에 없음
11500,11500-105,태영방송인,등촌로13자길 74,K-apt 마스터에 없음
11500,11500-106,해태드림타운,강서로7길 28,K-apt 마스터에 없음
11500,11500-107,현대그린,곰달래로26길 15,K-apt 마스터에 없음
11500,11500-11,리버펠리스4동,양천로77길 27,K-apt 마스터에 없음
11500,11500-111,화곡동복지,강서로17라길 3,K-apt 마스터에 없음
11500,11500-113,태성비리치,등촌로13자길 63-28,K-apt 마스터에 없음
11500,11500-114,오케이A,까치산로4길 98-25,K-apt 마스터에 없음
11500,11500-115,오케이B,까치산로4길 98-23,K-apt 마스터에 없음
11500,11500-117,신영,등촌로13길 170-7,K-apt 마스터에 없음
11500,11500-118,정원,월정로24길 22,K-apt 마스터에 없음
11500,11500-119,서부인터빌아파트,화곡로26가길 10,K-apt 마스터에 없음
11500,11500-12,리버펠리스2동,양천로77길 37,K-apt 마스터에 없음
11500,11500-121,우성(343-39),곰달래로23길 8,K-apt 마스터에 없음
11500,11500-1216,우성트윈캐슬A동,초록마을로 71,K-apt 마스터에 없음
11500,11500-123,호성그린아트빌,화곡로43가길 39,K-apt 마스터에 없음
11500,11500-124,지석,곰달래로18길 33-13,K-apt 마스터에 없음
11500,11500-125,투원씨B동,까치산로15길 13,K-apt 마스터에 없음
11500,11500-126,대종,강서로31길 9,K-apt 마스터에 없음
11500,11500-128,태흥그랑뷰,강서로15길 24,K-apt 마스터에 없음
11500,11500-129,계명아파트다동,강서로 43-18,K-apt 마스터에 없음
11500,11500-130,은창,국회대로7길 157,K-apt 마스터에 없음
11500,11500-131,투원씨A동,까치산로15길 11,K-apt 마스터에 없음
11500,11500-133,대우그린,월정로28길 20,K-apt 마스터에 없음
11500,11500-134,살렘,초록마을로 77,K-apt 마스터에 없음
11500,11500-135,서림골드,화곡로35길 23-17,K-apt 마스터에 없음
11500,11500-137,한백e,곰달래로20길 31-19,K-apt 마스터에 없음
11500,11500-138,성재,곰달래로 64,K-apt 마스터에 없음
11500,11500-139,희훈리치파크,강서로45다길 30-17,K-apt 마스터에 없음
11500,11500-140,청솔,강서로41길 20,K-apt 마스터에 없음
11500,11500-141,금호,강서로37길 71,K-apt 마스터에 없음
11500,11500-145,강나루2현대,양천로 497,K-apt 마스터에 없음
11500,11500-153,빛고을우방,양천로 521,K-apt 마스터에 없음
11500,11500-160,광성금강,강서로45라길 15,K-apt 마스터에 없음
11500,11500-161,낙원연립재건축조합아파트,강서로47나길 39,K-apt 마스터에 없음
11500,11500-162,문국,강서로47가길 24,K-apt 마스터에 없음
11500,11500-163,보람,강서로47길 80,K-apt 마스터에 없음
11500,11500-164,보람하이빌,강서로47라길 48-7,K-apt 마스터에 없음
11500,11500-165,삼대,강서로47길 55,K-apt 마스터에 없음
11500,11500-166,새신아,우장산로8길 45,K-apt 마스터에 없음
11500,11500-17,삼성한아름,양천로 686-5,K-apt 마스터에 없음
11500,11500-170,원다벨라빌,우장산로6길 21,K-apt 마스터에 없음
11500,11500-173,청솔102동,우장산로8길 29,K-apt 마스터에 없음
11500,11500-174,청솔101동,우장산로8길 23,K-apt 마스터에 없음
11500,11500-176,계명나동(56-29),초록마을로 75-3,K-apt 마스터에 없음
11500,11500-177,타워힐101동,공항대로42길 51-8,K-apt 마스터에 없음
11500,11500-178,계명가동,초록마을로 75,K-apt 마스터에 없음
11500,11500-179,제이월드에메랄드,우장산로8길 28-7,K-apt 마스터에 없음
11500,11500-180,우장산타워빌,우장산로4길 60,K-apt 마스터에 없음
11500,11500-181,수산오성,강서로45나길 15,K-apt 마스터에 없음
11500,11500-182,롯데1차,우장산로 38,K-apt 마스터에 없음
11500,11500-183,스카이,공항대로7길 40,K-apt 마스터에 없음
11500,11500-185,해태,방화대로 259,K-apt 마스터에 없음
11500,11500-189,마곡나루경남아파트,양천로30길 108,K-apt 마스터에 없음
11500,11500-19,삼천리,양천로67길 71-16,K-apt 마스터에 없음
11500,11500-191,길훈,양천로30길 98,K-apt 마스터에 없음
11500,11500-193,방화그린,방화대로48길 40,후보 2개 이상(모호)
11500,11500-200,삼도,양천로27길 95,K-apt 마스터에 없음
11500,11500-201,삼미,초원로 30,K-apt 마스터에 없음
11500,11500-203,성옥,양천로14길 85-17,K-apt 마스터에 없음
11500,11500-208,원미,개화동로27길 43,K-apt 마스터에 없음
11500,11500-214,한미(286-1),양천로23길 8,K-apt 마스터에 없음
11500,11500-216,한오,양천로14길 86-5,K-apt 마스터에 없음
11500,11500-218,형제,개화동로25길 39,K-apt 마스터에 없음
11500,11500-219,홍익아파트,양천로7길 8,K-apt 마스터에 없음
11500,11500-221,청성,금낭화로 100,K-apt 마스터에 없음
11500,11500-223,신안네트빌2단지,양천로14길 61,K-apt 마스터에 없음
11500,11500-225,예스빌,강서로47길 63,K-apt 마스터에 없음
11500,11500-228,등마루,공항대로58다길 13,K-apt 마스터에 없음
11500,11500-230,나성,화곡로66길 173,K-apt 마스터에 없음
11500,11500-231,등촌동보람쉬움아파트,화곡로66길 80,K-apt 마스터에 없음
11500,11500-234,청성(877-0),금낭화로 12,K-apt 마스터에 없음
11500,11500-236,마곡드림힐,양천로24길 54-9,K-apt 마스터에 없음
11500,11500-237,마곡우림1차아파트,양천로24길 34,K-apt 마스터에 없음
11500,11500-239,까치산(101동),까치산로2길 58,K-apt 마스터에 없음
11500,11500-24,주상복합태진가람,양천로 706,K-apt 마스터에 없음
11500,11500-240,까치산(102동),강서로 128,K-apt 마스터에 없음
11500,11500-241,화곡1차보람더하임,화곡로14길 19,K-apt 마스터에 없음
11500,11500-245,태창네스트힐,초록마을로 121,K-apt 마스터에 없음
11500,11500-246,근상프리즘(955-9),까치산로24가길 10-3,K-apt 마스터에 없음
11500,11500-249,계명(350-33),강서로17가길 16,K-apt 마스터에 없음
11500,11500-250,계명(350-34),강서로17가길 14,K-apt 마스터에 없음
11500,11500-251,향교,양천로49길 49-6,K-apt 마스터에 없음
11500,11500-252,덕현중앙타워빌,강서로48길 25,K-apt 마스터에 없음
11500,11500-254,이너스101동,강서로47길 83,K-apt 마스터에 없음
11500,11500-255,한울앤하우스,강서로47다길 28,K-apt 마스터에 없음
11500,11500-256,신세계,강서로47길 61-9,K-apt 마스터에 없음
11500,11500-257,천우캐슬,우장산로2길 72,K-apt 마스터에 없음
11500,11500-258,명진에버그린,강서로45라길 55-29,K-apt 마스터에 없음
11500,11500-259,다울아크로빌,강서로45나길 11-17,K-apt 마스터에 없음
11500,11500-260,신세계3차101동,강서로50길 72,K-apt 마스터에 없음
11500,11500-262,삼성,화곡로61길 49,K-apt 마스터에 없음
11500,11500-265,양용아네스,등촌로13바길 28-11,K-apt 마스터에 없음
11500,11500-266,송정제이빌101동,공항대로4길 21,K-apt 마스터에 없음
11500,11500-267,양진마니아,방화대로42길 30-3,K-apt 마스터에 없음
11500,11500-268,통일(479-3),금낭화로15길 33-5,K-apt 마스터에 없음
11500,11500-270,태진드림피아,양천로 663,K-apt 마스터에 없음
11500,11500-272,태승훼밀리,국회대로7길 175,K-apt 마스터에 없음
11500,11500-276,화곡동성재,월정로14길 56,K-apt 마스터에 없음
11500,11500-278,강서뉴,강서로7길 52-11,K-apt 마스터에 없음
11500,11500-279,태영,곰달래로22길 9,K-apt 마스터에 없음
11500,11500-280,크로스캐슬,곰달래로 110,K-apt 마스터에 없음
11500,11500-281,한백아파트,곰달래로20길 12,K-apt 마스터에 없음
11500,11500-282,덕현타워,화곡로31다길 21,K-apt 마스터에 없음
11500,11500-283,윤탁아트리움,화곡로31다길 11,K-apt 마스터에 없음
11500,11500-284,우림루미아트아파트,강서로45다길 45,K-apt 마스터에 없음
11500,11500-287,청성스카이,공항대로7길 27,K-apt 마스터에 없음
11500,11500-288,트윈캐슬B동(56-11),초록마을로15길 5,K-apt 마스터에 없음
11500,11500-289,제일에비앙,강서로5가길 42,K-apt 마스터에 없음
11500,11500-29,현대2,양천로73길 6,K-apt 마스터에 없음
11500,11500-290,굿이모션(1103-3),화곡로55길 22,K-apt 마스터에 없음
11500,11500-292,화성파크빌,화곡로42가길 21,K-apt 마스터에 없음
11500,11500-293,송정제이빌102동,공항대로4길 17,K-apt 마스터에 없음
11500,11500-294,여명,양천로67길 21,K-apt 마스터에 없음
11500,11500-296,이너스내안에,양천로75길 22-21,K-apt 마스터에 없음
11500,11500-301,세심,등촌로51라길 21,K-apt 마스터에 없음
11500,11500-303,등촌5차보람쉬움,공항대로61길 43,K-apt 마스터에 없음
11500,11500-305,신원2차(24-130),화곡로42가길 18,K-apt 마스터에 없음
11500,11500-306,동우(24-134),화곡로42가길 24,K-apt 마스터에 없음
11500,11500-308,거성훼미리(29-68),까치산로16길 6,K-apt 마스터에 없음
11500,11500-310,명주캐슬(61-9),화곡로34길 23,K-apt 마스터에 없음
11500,11500-312,일광,강서로 47-9,K-apt 마스터에 없음
11500,11500-313,계명아파트나동,강서로 43-22,K-apt 마스터에 없음
11500,11500-315,남경리버빌(343-48),강서로 43-10,K-apt 마스터에 없음
11500,11500-317,삼호그린(346-19),강서로13길 42,K-apt 마스터에 없음
11500,11500-318,태경(347-13),강서로15길 56,K-apt 마스터에 없음
11500,11500-319,꿈동산(355-22),곰달래로15가길 34-16,K-apt 마스터에 없음
11500,11500-320,진민그린상가(367-30),가로공원로 224,K-apt 마스터에 없음
11500,11500-321,태영(379-56),가로공원로77길 21,K-apt 마스터에 없음
11500,11500-322,"대성1,2호(379-57,가동)",가로공원로77길 25,K-apt 마스터에 없음
11500,11500-323,"대성3,4호(379-58,나동)",가로공원로77길 27,K-apt 마스터에 없음
11500,11500-326,동서3호(381-22),강서로29길 42,K-apt 마스터에 없음
11500,11500-327,세한(410-150),초록마을로 120,K-apt 마스터에 없음
11500,11500-328,가화(424-59)나동,곰달래로17길 29-20,K-apt 마스터에 없음
11500,11500-329,그레이스(786-10),곰달래로60가길 27,K-apt 마스터에 없음
11500,11500-33,강서,등촌로39다길 20,K-apt 마스터에 없음
11500,11500-333,효성A(923-17),월정로18길 34,K-apt 마스터에 없음
11500,11500-336,근상프리즘(957-1),까치산로 152,K-apt 마스터에 없음
11500,11500-339,광영다모은정아파트,강서로41길 48,K-apt 마스터에 없음
11500,11500-342,계명(1075-31),화곡로26길 19,K-apt 마스터에 없음
11500,11500-343,근상프리즘(1076-2),화곡로 176-8,K-apt 마스터에 없음
11500,11500-344,원흥타운,화곡로18길 30-11,K-apt 마스터에 없음
11500,11500-346,우영,국회대로7길 21,K-apt 마스터에 없음
11500,11500-349,화곡3차보람,등촌로13바길 18-11,K-apt 마스터에 없음
11500,11500-351,한림타운,강서로 511,K-apt 마스터에 없음
11500,11500-352,보광드림타운,화곡로72길 56,K-apt 마스터에 없음
11500,11500-354,마곡동후포아파트(14-21),양천로47나길 13-8,K-apt 마스터에 없음
11500,11500-355,신세계4차,강서로50길 38,K-apt 마스터에 없음
11500,11500-358,다울,우장산로6길 64-6,K-apt 마스터에 없음
11500,11500-359,청솔샤르망1001동,우장산로4길 40,K-apt 마스터에 없음
11500,11500-360,천우명덕,공항대로36길 126,K-apt 마스터에 없음
11500,11500-361,진한연립,공항대로36가길 25,K-apt 마스터에 없음
11500,11500-363,태승훼미리2,공항대로36가길 66,K-apt 마스터에 없음
11500,11500-365,내츄럴1차,강서로47마길 37-4,K-apt 마스터에 없음
11500,11500-366,내츄럴2차,강서로47마길 37-22,K-apt 마스터에 없음
11500,11500-367,신세계(697-5),강서로47다길 10-3,K-apt 마스터에 없음
11500,11500-369,한서3차,강서로47다길 10-6,K-apt 마스터에 없음
11500,11500-37,두보아파트,등촌로51길 128,K-apt 마스터에 없음
11500,11500-370,한서2차APT,강서로45라길 43-14,K-apt 마스터에 없음
11500,11500-371,그린씨티,강서로47라길 79,K-apt 마스터에 없음
11500,11500-372,광남캐스빌,강서로45나길 60,K-apt 마스터에 없음
11500,11500-373,태승훼미리,강서로45길 18,K-apt 마스터에 없음
11500,11500-374,태승훼미리3차,강서로45길 138,K-apt 마스터에 없음
11500,11500-375,삼정코아,방화동로 126,K-apt 마스터에 없음
11500,11500-380,보람,방화대로45길 78,K-apt 마스터에 없음
11500,11500-381,보람,월정로16길 38,K-apt 마스터에 없음
11500,11500-382,호용그린피아,화곡로43가길 44,K-apt 마스터에 없음
11500,11500-383,유니드,강서로45길 104,K-apt 마스터에 없음
11500,11500-3856,우공팰리스102동,화곡로31다길 9,K-apt 마스터에 없음
11500,11500-388,통일101동(597-38),금낭화로 32,K-apt 마스터에 없음
11500,11500-4,길훈,양천로65길 45,K-apt 마스터에 없음
11500,11500-40,보람,등촌로53길 18,K-apt 마스터에 없음
11500,11500-413,동진빌라(56-100),초록마을로 93,K-apt 마스터에 없음
11500,11500-417,신한빌라트(105-362),화곡로 186-28,K-apt 마스터에 없음
11500,11500-421,대호스카이빌,곰달래로31마길 43,K-apt 마스터에 없음
11500,11500-428,우성(410-56),초록마을로28길 27,K-apt 마스터에 없음
11500,11500-4288,우장산태승훼미리,우장산로6길 8,K-apt 마스터에 없음
11500,11500-43,삼형.그레이스빌,등촌로 91,K-apt 마스터에 없음
11500,11500-432,세양(453-5),곰달래로31라길 18-4,K-apt 마스터에 없음
11500,11500-4419,태일,강서로47가길 20-38,K-apt 마스터에 없음
11500,11500-45,등촌동성원,강서로56길 80,K-apt 마스터에 없음
11500,11500-451,A.G.S.드림,우장산로8길 54,K-apt 마스터에 없음
11500,11500-46,신송타워,화곡로63길 93,K-apt 마스터에 없음
11500,11500-47,신원,화곡로66길 50,K-apt 마스터에 없음
11500,11500-470,에이원B둥,까치산로14길 26-8,K-apt 마스터에 없음
11500,11500-471,은하(400-60),가로공원로 221,K-apt 마스터에 없음
11500,11500-472,우성(353-27),강서로17다길 16-9,K-apt 마스터에 없음
11500,11500-475,화곡6차보람쉬움,우장산로15길 47,K-apt 마스터에 없음
11500,11500-476,원당,강서로52길 76,K-apt 마스터에 없음
11500,11500-478,청솔해오름,공항대로42길 23-8,K-apt 마스터에 없음
11500,11500-4789,태청,방화대로49길 6-21,K-apt 마스터에 없음
11500,11500-48,우당,공항대로 461-45,K-apt 마스터에 없음
11500,11500-481,이너스102동,강서로47길 79,K-apt 마스터에 없음
11500,11500-482,한림리첸빌101동,양천로 128,K-apt 마스터에 없음
11500,11500-483,한림리첸빌102동,양천로 132,K-apt 마스터에 없음
11500,11500-484,길성그랑프리텔,방화대로 319,K-apt 마스터에 없음
11500,11500-485,강동,까치산로 88-15,K-apt 마스터에 없음
11500,11500-486,부영,초록마을로3길 28,K-apt 마스터에 없음
11500,11500-487,신원센스빌,까치산로12길 7,K-apt 마스터에 없음
11500,11500-489,한백e타운(46-219),까치산로12길 7-6,K-apt 마스터에 없음
11500,11500-492,수정,강서로18아길 22,K-apt 마스터에 없음
11500,11500-493,로즈힐(1101-3),화곡로59길 37-16,K-apt 마스터에 없음
11500,11500-494,광산(1122-4),까치산로 157,K-apt 마스터에 없음
11500,11500-5,대림,공항대로75길 42,K-apt 마스터에 없음
11500,11500-5101,염창동예성그린캐슬,양천로65길 46,K-apt 마스터에 없음
11500,11500-5102,송촌,공항대로71길 49,K-apt 마스터에 없음
11500,11500-5104,현대아이파크,공항대로 637,K-apt 마스터에 없음
11500,11500-5107,삼우지엔씨,공항대로59길 29-8,K-apt 마스터에 없음
11500,11500-5108,등촌6차보람,화곡로66길 174,K-apt 마스터에 없음
11500,11500-5110,강서타워,까치산로18라길 5-47,K-apt 마스터에 없음
11500,11500-5117,블루힐,강서로12길 45,K-apt 마스터에 없음
11500,11500-5118,에이원,강서로12길 41,K-apt 마스터에 없음
11500,11500-5121,화곡예다움,등촌로13자길 79,K-apt 마스터에 없음
11500,11500-5123,명지해드는터,등촌로13아길 44,K-apt 마스터에 없음
11500,11500-5131,강서아이파크,화곡로 296,K-apt 마스터에 없음
11500,11500-5132,우공팰리스101동,화곡로31다길 5,K-apt 마스터에 없음
11500,11500-5136,진성아파트102동,까치산로 160-9,K-apt 마스터에 없음
11500,11500-5137,탑건진선미,초록마을로 166,K-apt 마스터에 없음
11500,11500-5138,우장산휴먼빌,우현로 18,K-apt 마스터에 없음
11500,11500-5139,길성그랑프리텔,우장산로 82,K-apt 마스터에 없음
11500,11500-5142,청솔샤르망1004동,우장산로4길 25,K-apt 마스터에 없음
11500,11500-5144,강성레스트빌아파트,강서로45라길 52,K-apt 마스터에 없음
11500,11500-5145,내발산우신웨스트빌,우장산로2길 21-6,K-apt 마스터에 없음
11500,11500-5146,우장산월드메르디앙,우장산로 8,K-apt 마스터에 없음
11500,11500-5147,청솔샤르망1003동,우장산로2길 21-27,K-apt 마스터에 없음
11500,11500-5165,마곡보타닉경남아너스빌,양천로26길 38,K-apt 마스터에 없음
11500,11500-5166,마곡태승훼미리아파트,방화대로40길 66,K-apt 마스터에 없음
11500,11500-5167,방화동2차태승훼미리,양천로14길 86-13,K-apt 마스터에 없음
11500,11500-5172,수산동우,강서로37길 78,K-apt 마스터에 없음
11500,11500-5179,청솔파인힐(736-0),강서로47가길 20-35,K-apt 마스터에 없음
11500,11500-5181,염창2차보람,공항대로59다길 61,K-apt 마스터에 없음
11500,11500-5184,염창3차보람,양천로71가길 21,K-apt 마스터에 없음
11500,11500-5188,천우네오젠(693),강서로47바길 43,K-apt 마스터에 없음
11500,11500-5195,신세계5차,우장산로2길 21-22,K-apt 마스터에 없음
11500,11500-5202,지오빌,양천로67길 50-33,K-apt 마스터에 없음
11500,11500-5207,한솔,까치산로14길 33-10,K-apt 마스터에 없음
11500,11500-5210,탑건화곡동진선미,곰달래로60가길 31,K-apt 마스터에 없음
11500,11500-5212,가양1차보람더하임,양천로53길 66,K-apt 마스터에 없음
11500,11500-5214,천우네오젠아파트,우장산로 13,K-apt 마스터에 없음
11500,11500-5222,강서한강월드메르디앙,허준로 16-9,K-apt 마스터에 없음
11500,11500-5226,염창2차보람,공항대로61길 48-22,K-apt 마스터에 없음
11500,11500-5227,서광프리메라,화곡로 292,K-apt 마스터에 없음
11500,11500-5228,디아이빌101동,양천로49길 77,K-apt 마스터에 없음
11500,11500-5234,엠그린,양천로65길 13,K-apt 마스터에 없음
11500,11500-5236,내츄럴아파트3차,강서로47라길 22,K-apt 마스터에 없음
11500,11500-5247,이너스내안에201동,양천로67가길 49,K-apt 마스터에 없음
11500,11500-5250,한솔(61-116),초록마을로6길 20,K-apt 마스터에 없음
11500,11500-5254,근상프리즘(342-35),강서로12길 8-8,K-apt 마스터에 없음
11500,11500-5256,노블레스아파트,공항대로65가길 17,K-apt 마스터에 없음
11500,11500-5260,푸른숲,곰달래로35길 116,K-apt 마스터에 없음
11500,11500-5262,청솔숲속마을101동,강서로46길 60,K-apt 마스터에 없음
11500,11500-5263,정우아파트(570-11),등촌로13마길 29-3,K-apt 마스터에 없음
11500,11500-5266,개화산경남아너스빌,양천로14가길 23,K-apt 마스터에 없음
11500,11500-5270,마곡경남아너스빌,방화대로34길 62,K-apt 마스터에 없음
11500,11500-5271,화곡한강,화곡로31가길 18,K-apt 마스터에 없음
11500,11500-5281,천우네오젠102동,화곡로66길 101,K-apt 마스터에 없음
11500,11500-5282,쥴리앙,공항대로42길 45,K-apt 마스터에 없음
11500,11500-5283,천우네오젠101동,화곡로66길 99,K-apt 마스터에 없음
11500,11500-5284,올림푸스,화곡로59길 59,K-apt 마스터에 없음
11500,11500-5285,방화3차태승훼미리,초원로 27,K-apt 마스터에 없음
11500,11500-5287,푸른숲2차(474-18),등촌로13자길 39-10,K-apt 마스터에 없음
11500,11500-5290,천우네오젠5차,우장산로 21-8,K-apt 마스터에 없음
11500,11500-5296,화곡대진(1021-2),화곡로21길 83,K-apt 마스터에 없음
11500,11500-5297,강변코아루,양천로71길 54,K-apt 마스터에 없음
11500,11500-5299,천우네오젠6차,우장산로 12-5,K-apt 마스터에 없음
11500,11500-5306,오복뜨란체,강서로41길 33,K-apt 마스터에 없음
11500,11500-5311,노블레스2(267-4),공항대로65가길 49,K-apt 마스터에 없음
11500,11500-5329,뉴파인,가로공원로 233,K-apt 마스터에 없음
11500,11500-5346,이너스5차동진,양천로71가길 29,K-apt 마스터에 없음
11500,11500-5383,청솔숲속마을102동,강서로46길 78,K-apt 마스터에 없음
11500,11500-5389,우장산청솔(992-11),화곡로53길 75,K-apt 마스터에 없음
11500,11500-5392,천우네오젠(507-11),등촌로53길 10,K-apt 마스터에 없음
11500,11500-54,"등촌1,2단지주공아파트",강서로68길 36,후보 2개 이상(모호)
11500,11500-5401,천우네오젠,화곡로66길 168,K-apt 마스터에 없음
11500,11500-5404,근상프리즘,화곡로 242,K-apt 마스터에 없음
11500,11500-5412,청솔수(711-6),강서로47마길 71,K-apt 마스터에 없음
11500,11500-5415,보람더하임105동,공항대로65가길 4,K-apt 마스터에 없음
11500,11500-5441,우공팰리스,강서로7길 82,K-apt 마스터에 없음
11500,11500-5510,성광,곰달래로23길 16,K-apt 마스터에 없음
11500,11500-5621,삼현팰리채,양천로73가길 28,K-apt 마스터에 없음
11500,11500-5625,태승훼미리4차,금낭화로13길 36,K-apt 마스터에 없음
11500,11500-5639,프라임팰리스(1024-23),강서로33가길 86,K-apt 마스터에 없음
11500,11500-5641,마곡승윤노블리안아파트,방화대로44길 42,K-apt 마스터에 없음
11500,11500-57,"등촌7,8단지주공아파트",공항대로43길 104,후보 2개 이상(모호)
11500,11500-5728,수명산태송팰리채,강서로47마길 15,K-apt 마스터에 없음
11500,11500-5846,임탑-A,곰달래로20길 31-5,K-apt 마스터에 없음
11500,11500-5848,임탑-B,월정로20길 62-11,K-apt 마스터에 없음
11500,11500-5852,강서센트레빌3차,방화대로41길 6,K-apt 마스터에 없음
11500,11500-5853,강서센트레빌3차(894-0),방화대로41길 9,K-apt 마스터에 없음
11500,11500-5856,이너스양화6차,양천로73가길 38,K-apt 마스터에 없음
11500,11500-5883,천우네오젠,우장산로8길 42,K-apt 마스터에 없음
11500,11500-5893,동일스위트리버2차,금낭화로24가길 6,K-apt 마스터에 없음
11500,11500-5896,해태골든팰리스,등촌로51가길 15,K-apt 마스터에 없음
11500,11500-5908,천우네오젠9차,강서로7길 86,K-apt 마스터에 없음
11500,11500-5918,예지펠리스아파트,화곡로66길 93,K-apt 마스터에 없음
11500,11500-5933,염창힐스테이트,양천로73길 24,K-apt 마스터에 없음
11500,11500-6006,태승훼미리아파트5차,강서로45길 49-4,K-apt 마스터에 없음
11500,11500-6007,상진지오벨리,등촌로13다길 29,K-apt 마스터에 없음
11500,11500-6029,다담센트빌,곰달래로 119,K-apt 마스터에 없음
11500,11500-6048,강서그랜드아이파크주상복합,화곡로 341,K-apt 마스터에 없음
11500,11500-6124,삼익플로리아,강서로7길 44-4,K-apt 마스터에 없음
11500,11500-6212,이너스내안에,양천로67가길 56,K-apt 마스터에 없음
11500,11500-63,등촌동현대2차,화곡로64길 50,K-apt 마스터에 없음
11500,11500-6307,청솔펠리체,공항대로55길 9-37,K-apt 마스터에 없음
11500,11500-6327,동훈타마르(921-18),곰달래로 70,K-apt 마스터에 없음
11500,11500-6338,계명위너스,공항대로59길 35,K-apt 마스터에 없음
11500,11500-6350,내츄럴4차아파트,강서로47라길 11,K-apt 마스터에 없음
11500,11500-6370,갤러리빌,화곡로42길 19,K-apt 마스터에 없음
11500,11500-64,보람(640),화곡로 390,K-apt 마스터에 없음
11500,11500-6421,승윤노블리안,곰달래로20길 13,K-apt 마스터에 없음
11500,11500-6457,산내들,곰달래로26길 12,K-apt 마스터에 없음
11500,11500-6478,로얄홈타운(103동),강서로5나길 130-5,K-apt 마스터에 없음
11500,11500-6487,프라임하우스(342-44),강서로12길 8-28,K-apt 마스터에 없음
11500,11500-6491,로얄홈타운(928-23)101동,강서로5나길 130-10,K-apt 마스터에 없음
11500,11500-65,심미에셈빌,공항대로59다길 1,K-apt 마스터에 없음
11500,11500-6501,아녜스타워4,강서로7길 57,K-apt 마스터에 없음
11500,11500-6509,풍원팰리스,곰달래로20길 18,K-apt 마스터에 없음
11500,11500-6548,팔라이스타워,곰달래로22길 8,K-apt 마스터에 없음
11500,11500-6571,유원펠리체(924-17),곰달래로18길 21,K-apt 마스터에 없음
11500,11500-6594,마곡일성트루엘아파트,방화대로34길 110,K-apt 마스터에 없음
11500,11500-66,다울,양천로62길 38,K-apt 마스터에 없음
11500,11500-6622,강서동도센트리움,공항대로46길 28,K-apt 마스터에 없음
11500,11500-6624,경동엠파이어스테이트,화곡로 344,K-apt 마스터에 없음
11500,11500-6647,은하센트리움,강서로8길 11,K-apt 마스터에 없음
11500,11500-6652,강서뉴타워,화곡로18길 24,K-apt 마스터에 없음
11500,11500-6654,트리움팰리스,월정로20길 62-7,K-apt 마스터에 없음
11500,11500-6657,한신베네스트아파트,강서로7길 79,K-apt 마스터에 없음
11500,11500-6675,AirPalace(619-7),개화동로27가길 33,K-apt 마스터에 없음
11500,11500-6678,프라임하우스(916-9),월정로20길 82,K-apt 마스터에 없음
11500,11500-6679,현대홈타운(923-2),강서로7길 118,K-apt 마스터에 없음
11500,11500-6689,황제팰리체(And Pra space),곰달래로20길 31,K-apt 마스터에 없음
11500,11500-67,코오롱오투빌2,양천로62길 41,K-apt 마스터에 없음
11500,11500-6746,한양아이클래스,강서로7길 107,K-apt 마스터에 없음
11500,11500-6776,요산페어뷰,가로공원로 177-3,K-apt 마스터에 없음
11500,11500-68,대림아르빌아파트,양천로62길 46,K-apt 마스터에 없음
11500,11500-6801,AndPra레지던스,곰달래로 110-1,K-apt 마스터에 없음
11500,11500-6804,세교예지안2차,월정로20길 68-5,K-apt 마스터에 없음
11500,11500-6813,남광쉐르빌(923-10),강서로7길 128,K-apt 마스터에 없음
11500,11500-6825,프라임하우스(916-5),월정로20길 86-8,K-apt 마스터에 없음
11500,11500-6839,경동팰리스힐,양천로14길 44,K-apt 마스터에 없음
11500,11500-6874,스카이(924-10),곰달래로18길 15-3,K-apt 마스터에 없음
11500,11500-6888,SPACE(920-5),곰달래로 86,K-apt 마스터에 없음
11500,11500-69,월드메르디앙,양천로 420,K-apt 마스터에 없음
11500,11500-70,보람하이빌,등촌로39길 63-31,K-apt 마스터에 없음
11500,11500-7007,팔라이스아파트먼트(915-8),강서로7길 69-5,K-apt 마스터에 없음
11500,11500-7012,한경빌(938-26),곰달래로 64-1,K-apt 마스터에 없음
11500,11500-7090,삼성다빈치(917-14),강서로7길 70,K-apt 마스터에 없음
11500,11500-7098,성재센트리움아파트(343-35),곰달래로23길 20,K-apt 마스터에 없음
11500,11500-7109,세림,곰달래로24길 4,K-apt 마스터에 없음
11500,11500-7167,남광아파트,곰달래로22길 18,K-apt 마스터에 없음
11500,11500-7223,벨라팰리스,곰달래로23길 26,K-apt 마스터에 없음
11500,11500-7276,성재센트리움아파트,화곡로 176-19,K-apt 마스터에 없음
11500,11500-73,곰달래,국회대로7길 53,K-apt 마스터에 없음
11500,11500-7318,세림아파트,월정로20길 96,K-apt 마스터에 없음
11500,11500-7370,성재센트리움,곰달래로22길 5,K-apt 마스터에 없음
11500,11500-7402,풍성애뜨란아파트,공항대로51길 23,K-apt 마스터에 없음
11500,11500-7410,위하우스아파트,월정로20길 86-4,K-apt 마스터에 없음
11500,11500-7411,도양라비앙아파트,곰달래로22길 15,K-apt 마스터에 없음
11500,11500-7449,세교예지안5차,곰달래로22길 27,K-apt 마스터에 없음
11500,11500-7481,찬누리,월정로20길 78,K-apt 마스터에 없음
11500,11500-7495,세교예지안6차,곰달래로18길 25,K-apt 마스터에 없음
11500,11500-7595,남광아파트,곰달래로18길 3,K-apt 마스터에 없음
11500,11500-7611,에스타워,강서로7길 38-6,K-apt 마스터에 없음
11500,11500-7633,성재센트리움아파트,화곡로 186-22,K-apt 마스터에 없음
11500,11500-7666,동양하우징(899-4),곰달래로24길 12,K-apt 마스터에 없음
11500,11500-7668,루체비스타,강서로10길 19,K-apt 마스터에 없음
11500,11500-7708,드림시드아파트1차,강서로7길 20-10,K-apt 마스터에 없음
11500,11500-7716,방화메이빌,금낭화로 162,K-apt 마스터에 없음
11500,11500-7721,혜성오피아파트,강서로 43-6,K-apt 마스터에 없음
11500,11500-7730,드림시드아파트,곰달래로20길 31-7,K-apt 마스터에 없음
11500,11500-7733,GMValley,곰달래로 116,K-apt 마스터에 없음
11500,11500-7742,NS파크APT,화곡로 176-22,K-apt 마스터에 없음
11500,11500-7782,디아인스,곰달래로 122,K-apt 마스터에 없음
11500,11500-7784,신세계아파트,양천로10길 37,K-apt 마스터에 없음
11500,11500-7821,한울아파트,강서로7길 18,K-apt 마스터에 없음
11500,11500-7875,리치아파트,월정로20길 60,K-apt 마스터에 없음
11500,11500-7876,양지샤인아파트,강서로7길 20-20,K-apt 마스터에 없음
11500,11500-79,미주,등촌로13자길 51,K-apt 마스터에 없음
11500,11500-7910,스위트드림아파트,화곡로21길 71,K-apt 마스터에 없음
11500,11500-7916,마곡보타닉,양천로47나길 43,K-apt 마스터에 없음
11500,11500-7919,지엠벨리,화곡로 374,K-apt 마스터에 없음
11500,11500-7954,메종드로제,곰달래로18길 33-21,K-apt 마스터에 없음
11500,11500-7975,한울에이치밸리움B동,강서로33길 27,K-apt 마스터에 없음
11500,11500-7976,한울에이치밸리움A동,강서로33길 23,K-apt 마스터에 없음
11500,11500-7992,강서크라운팰리스,화곡로 305,K-apt 마스터에 없음
11500,11500-80,삼도,곰달래로20길 31-10,K-apt 마스터에 없음
11500,11500-8014,발쿠치네하우스,송정로 53,K-apt 마스터에 없음
11500,11500-8042,에스엠케이아파트,곰달래로 60-1,K-apt 마스터에 없음
11500,11500-8049,등촌파밀리에더클래식201동,공항대로53가길 29,K-apt 마스터에 없음
11500,11500-8050,등촌파밀리에더클래식101동,공항대로53가길 22,K-apt 마스터에 없음
11500,11500-8078,등촌퀸즈포디엄삼익,등촌로51가길 35,K-apt 마스터에 없음
11500,11500-81,삼백,곰달래로20길 31-11,K-apt 마스터에 없음
11500,11500-8101,한울밸리움,공항대로 531,K-apt 마스터에 없음
11500,11500-8132,등촌제이스카이,공항대로 557,K-apt 마스터에 없음
11500,11500-8150,마곡루나플라체,강서로56길 64,K-apt 마스터에 없음
11500,11500-82,삼성,국회대로7길 101,K-apt 마스터에 없음
11500,11500-8207,센트럴파크아파트,강서로7길 52-12,K-apt 마스터에 없음
11500,11500-8214,마곡센트레빌,양천로24길 13,K-apt 마스터에 없음
11500,11500-8242,마곡우촌아파트,금낭화로 36-5,K-apt 마스터에 없음
11500,11500-83,성삼하이츠,곰달래로59길 36,K-apt 마스터에 없음
11500,11500-8312,DH팰리스,양천로 714-1,K-apt 마스터에 없음
11500,11500-8362,다우하임더프라임아파트,양천로 77,K-apt 마스터에 없음
11500,11500-8366,화곡더리브스카이,가로공원로80길 40,K-apt 마스터에 없음
11500,11500-8375,마곡에이치밸리움,공항대로42길 13,K-apt 마스터에 없음
11500,11500-8377,우장산신일해피트리,강서로45길 92-5,K-apt 마스터에 없음
11500,11500-84,송이,화곡로58길 68,K-apt 마스터에 없음
11500,11500-8472,루나클래식2,공항대로81길 6,K-apt 마스터에 없음
11500,11500-8482,우장산동문디이스트,강서로45길 92-27,K-apt 마스터에 없음
11500,11500-85,신도금잔디,국회대로7길 91,K-apt 마스터에 없음
11500,11500-8519,더트루엘마곡HQ,공항대로 67,K-apt 마스터에 없음
11500,11500-87,신세계2차,강서로45다길 12-9,K-apt 마스터에 없음
11500,11500-9,리버펠리스1동,양천로77길 43,K-apt 마스터에 없음
11500,11500-92,우성(343-75),곰달래로23길 6,K-apt 마스터에 없음
11500,11500-94,웰라이빌,강서로5나길 104,K-apt 마스터에 없음
11500,11500-95,은하,강서로37길 75,K-apt 마스터에 없음
11500,11500-96,일성스카이빌,강서로5나길 50,K-apt 마스터에 없음
11500,11500-98,제이월드,강서로35길 58,K-apt 마스터에 없음
11530,11530-100,동보,오리로13가길 30,K-apt 마스터에 없음
11530,11530-102,동부골든,고척로 49,후보 2개 이상(모호)
11530,11530-108,시티월드,경인로 176,K-apt 마스터에 없음
11530,11530-111,한백힐,고척로 6,K-apt 마스터에 없음
11530,11530-113,목화수목원아파트101동,경인로2길 41,K-apt 마스터에 없음
11530,11530-1193,은진빌라,구로동로18길 53-5,K-apt 마스터에 없음
11530,11530-1198,(749-99),구로동로20길 58-12,K-apt 마스터에 없음
11530,11530-12,미래타워,디지털로32길 92,K-apt 마스터에 없음
11530,11530-123,두양그린B동,부일로1길 136-9,K-apt 마스터에 없음
11530,11530-134,신성은하수,경인로66길 5,K-apt 마스터에 없음
11530,11530-137,주공2,구일로4길 22,K-apt 마스터에 없음
11530,11530-140,우성2,신도림로 105,K-apt 마스터에 없음
11530,11530-1407,(807-37),구로동로12길 4-14,K-apt 마스터에 없음
11530,11530-1408,807-41,구로동로12길 4-8,K-apt 마스터에 없음
11530,11530-143,미래하이츠,남부순환로107길 12,K-apt 마스터에 없음
11530,11530-144,동도아르떼빌,가마산로27길 34,K-apt 마스터에 없음
11530,11530-145,순영웰라이빌1차,가마산로27길 24,K-apt 마스터에 없음
11530,11530-147,대림아르빌,도림천로12길 6,K-apt 마스터에 없음
11530,11530-149,성삼하이츠,구로중앙로18길 56,K-apt 마스터에 없음
11530,11530-151,대림e-편한세상6,경인로59길 7,K-apt 마스터에 없음
11530,11530-155,예인,중앙로15길 84,K-apt 마스터에 없음
11530,11530-16,성락,도림로20길 30,K-apt 마스터에 없음
11530,11530-160,호수2차B동,오리로22가길 34,K-apt 마스터에 없음
11530,11530-161,보람쉬움,디지털로 318,K-apt 마스터에 없음
11530,11530-162,아스타빌,가마산로27길 66,K-apt 마스터에 없음
11530,11530-164,한가람,경인로22길 62,K-apt 마스터에 없음
11530,11530-165,목화수목원102동,경인로2길 42,K-apt 마스터에 없음
11530,11530-166,예주유니츠,중앙로14길 7,K-apt 마스터에 없음
11530,11530-167,삼명,경서로1길 14,K-apt 마스터에 없음
11530,11530-169,예원아파트,새말로16길 56,K-apt 마스터에 없음
11530,11530-1694,진성,중앙로15길 88,K-apt 마스터에 없음
11530,11530-170,효성,구로중앙로28다길 24,K-apt 마스터에 없음
11530,11530-172,골드마인(가동),가마산로20다길 41,K-apt 마스터에 없음
11530,11530-173,골드마인(나동),가마산로20다길 45,K-apt 마스터에 없음
11530,11530-174,한일퍼스트빌(415-37),구로동로35길 30,K-apt 마스터에 없음
11530,11530-176,우민늘푸른,도림로20길 50,K-apt 마스터에 없음
11530,11530-178,해피그린(171-31),고척로60길 26,K-apt 마스터에 없음
11530,11530-185,제일아파트,개봉로3길 51,K-apt 마스터에 없음
11530,11530-186,태경하이빌,개봉로1길 46,K-apt 마스터에 없음
11530,11530-187,화신,고척로27길 76,K-apt 마스터에 없음
11530,11530-188,오류그린,고척로3길 112,K-apt 마스터에 없음
11530,11530-189,우창굿모닝,오리로13길 105,K-apt 마스터에 없음
11530,11530-19,신안타워,구로중앙로 68,K-apt 마스터에 없음
11530,11530-192,두양그린A동,부일로1길 136-3,K-apt 마스터에 없음
11530,11530-21,영화참마음,구일로8길 79,K-apt 마스터에 없음
11530,11530-223,왕궁,개봉로1길 22,K-apt 마스터에 없음
11530,11530-232,우진체리쉬,구로중앙로18길 53,K-apt 마스터에 없음
11530,11530-236,개봉동상우,남부순환로97길 74,K-apt 마스터에 없음
11530,11530-239,수정,부일로 985,K-apt 마스터에 없음
11530,11530-241,온수동,부일로1다길 16-8,K-apt 마스터에 없음
11530,11530-242,한백고은,고척로 19,K-apt 마스터에 없음
11530,11530-244,현암B동,도림로 16-8,K-apt 마스터에 없음
11530,11530-245,800-19,도림로 14-3,K-apt 마스터에 없음
11530,11530-248,(800-29),도림로6길 7,K-apt 마스터에 없음
11530,11530-25,우원그린빌,구로중앙로28다길 22,K-apt 마스터에 없음
11530,11530-254,(716-22)우진빌라C,구로동로15길 5-9,K-apt 마스터에 없음
11530,11530-257,(717-5)미래빌라,구로동로15길 5-8,K-apt 마스터에 없음
11530,11530-263,(717-21)경원주택2동,구로동로15길 13-6,K-apt 마스터에 없음
11530,11530-265,(717-23)함양주택,구로동로15길 13-10,K-apt 마스터에 없음
11530,11530-270,(718-10)옥천빌라,구로동로13길 30,K-apt 마스터에 없음
11530,11530-272,(718-12)부국주택,구로동로15길 21-8,K-apt 마스터에 없음
11530,11530-275,(718-18)삼성빌라트,구로동로15길 27,K-apt 마스터에 없음
11530,11530-276,(718-22),구로동로13길 34-8,K-apt 마스터에 없음
11530,11530-28,일신건영,새말로9길 22,K-apt 마스터에 없음
11530,11530-281,남촌홈타운(730-2),구로동로28길 64-12,K-apt 마스터에 없음
11530,11530-283,청우아트빌리지(738-39),구로동로14길 2-9,K-apt 마스터에 없음
11530,11530-286,(739-19),구로동로20길 28-3,K-apt 마스터에 없음
11530,11530-293,(740-7),구로동로12길 49,K-apt 마스터에 없음
11530,11530-294,청우아트빌라3차,구로동로12길 45,K-apt 마스터에 없음
11530,11530-299,(740-24),구로동로12길 59-16,K-apt 마스터에 없음
11530,11530-302,궁전아트빌라,구로동로12길 59-8,K-apt 마스터에 없음
11530,11530-311,안정빌라,구로동로12길 59-14,K-apt 마스터에 없음
11530,11530-3137,수영힐(나동),고척로 95-6,K-apt 마스터에 없음
11530,11530-314,(742-57),구로동로22길 57,K-apt 마스터에 없음
11530,11530-3146,이좋은집,경인로20나길 30,K-apt 마스터에 없음
11530,11530-3148,우림필유,서해안로 2368,K-apt 마스터에 없음
11530,11530-3149,은하수수목원,경인로2길 29,K-apt 마스터에 없음
11530,11530-3183,서원빌라,디지털로27라길 32-5,K-apt 마스터에 없음
11530,11530-3208,강남그린,오리로20길 28,K-apt 마스터에 없음
11530,11530-3215,다청림(104동),오리로20길 47,K-apt 마스터에 없음
11530,11530-3224,오류동휘버스,고척로18길 77,K-apt 마스터에 없음
11530,11530-3229,구로에스케이뷰,새말로 25,K-apt 마스터에 없음
11530,11530-3233,신도림팰러티움,경인로 584,K-apt 마스터에 없음
11530,11530-325,(743-10),구로동로8길 65,K-apt 마스터에 없음
11530,11530-3253,다청림(107동),오리로20길 44,K-apt 마스터에 없음
11530,11530-3262,우남푸르미아,부일로 927,K-apt 마스터에 없음
11530,11530-3263,은하수수목원2차(101동),경인로2길 34,K-apt 마스터에 없음
11530,11530-3264,은하수수목원2차(102동),경인로2길 30,K-apt 마스터에 없음
11530,11530-3268,초롱타운,구로동로43길 44-6,K-apt 마스터에 없음
11530,11530-3270,덕영드림,구로중앙로34길 17,K-apt 마스터에 없음
11530,11530-3276,뉴파인,오리로21길 90,K-apt 마스터에 없음
11530,11530-328,(743-19),구로동로20길 41-4,K-apt 마스터에 없음
11530,11530-3283,한신휴플러스(1280-1),디지털로31길 119,K-apt 마스터에 없음
11530,11530-3287,동보수목원,연동로13길 18-46,K-apt 마스터에 없음
11530,11530-3288,케어빌(98-8),구로중앙로18길 27,K-apt 마스터에 없음
11530,11530-3289,근상프리즘,구일로 168,K-apt 마스터에 없음
11530,11530-3291,신도림3차푸르지오,경인로 619-3,K-apt 마스터에 없음
11530,11530-33,한국현대,구일로8길 107,K-apt 마스터에 없음
11530,11530-3308,일동행복세상,가마산로19길 30,K-apt 마스터에 없음
11530,11530-331,(743-26),구로동로20길 41-15,K-apt 마스터에 없음
11530,11530-3311,유한수목원,경인로2길 51,K-apt 마스터에 없음
11530,11530-3319,우성에비뉴,디지털로32가길 26,K-apt 마스터에 없음
11530,11530-332,(743-27),구로동로22길 52-2,K-apt 마스터에 없음
11530,11530-3327,더메디치,오리로13길 76,K-apt 마스터에 없음
11530,11530-333,(743-31),구로동로20길 37-15,K-apt 마스터에 없음
11530,11530-3343,신도림2차푸르지오,경인로67길 23,K-apt 마스터에 없음
11530,11530-3348,늘푸른주상복합,구로중앙로28다길 30,K-apt 마스터에 없음
11530,11530-3359,서해그랑블,오리로13길 90-3,K-apt 마스터에 없음
11530,11530-3362,리치안풍산,부일로1길 126,K-apt 마스터에 없음
11530,11530-337,(743-35),구로동로20길 41-9,K-apt 마스터에 없음
11530,11530-3371,대림역경남아너스빌,구로중앙로8길 41-23,K-apt 마스터에 없음
11530,11530-3372,동보수목원(16-36),연동로13길 18-38,K-apt 마스터에 없음
11530,11530-3374,대명하이빌102동,오리로20길 26-10,K-apt 마스터에 없음
11530,11530-3375,대명하이빌101동,오리로20길 26-8,K-apt 마스터에 없음
11530,11530-3386,고척LIG리가2차,중앙로12길 17-8,K-apt 마스터에 없음
11530,11530-3397,SR친오애,가마산로 286,K-apt 마스터에 없음
11530,11530-34,한스타워,공원로 34,K-apt 마스터에 없음
11530,11530-3402,아이에스빌리브,부일로9길 133,K-apt 마스터에 없음
11530,11530-341,(743-39),구로동로20길 41-1,K-apt 마스터에 없음
11530,11530-3416,다울숲,가마산로20다길 46,K-apt 마스터에 없음
11530,11530-343,(743-52),구로동로20길 37-13,K-apt 마스터에 없음
11530,11530-3438,하나세인스톤1차,구로중앙로28다길 16,K-apt 마스터에 없음
11530,11530-344,(743-55),구로동로22길 48,K-apt 마스터에 없음
11530,11530-347,(744-3),구로동로8길 51,K-apt 마스터에 없음
11530,11530-3499,하나세인스톤3차,공원로6길 16-22,K-apt 마스터에 없음
11530,11530-3509,구로지웰,구로동로28길 42,K-apt 마스터에 없음
11530,11530-353,(744-15),구로동로18길 35-7,K-apt 마스터에 없음
11530,11530-3536,하나세인스톤2차,가마산로 284,K-apt 마스터에 없음
11530,11530-355,(744-18),구로동로20길 46-4,K-apt 마스터에 없음
11530,11530-356,(744-19),구로동로20길 42-2,K-apt 마스터에 없음
11530,11530-3583,종인아네스트,공원로7길 11,K-apt 마스터에 없음
11530,11530-359,(744-45),구로동로18길 29-5,K-apt 마스터에 없음
11530,11530-3600,신도림로제리움,공원로8길 36,K-apt 마스터에 없음
11530,11530-3601,비즈트위트레인보우,공원로6길 25,K-apt 마스터에 없음
11530,11530-3618,다청림101동(143-1),오리로22나길 16-9,K-apt 마스터에 없음
11530,11530-363,번영빌라,구로동로18길 38-8,K-apt 마스터에 없음
11530,11530-3641,대림역와이즈플레이스,가마산로 268,K-apt 마스터에 없음
11530,11530-365,(745-14),구로동로18길 30-6,K-apt 마스터에 없음
11530,11530-3652,비즈트위트그린,구로중앙로18길 23,K-apt 마스터에 없음
11530,11530-366,(745-15),구로동로18길 30-5,K-apt 마스터에 없음
11530,11530-3660,비즈트위트블루,공원로 15-12,K-apt 마스터에 없음
11530,11530-368,보성,구로동로18길 34-7,K-apt 마스터에 없음
11530,11530-3689,양지쉐르빌아파트,서해안로 2283,K-apt 마스터에 없음
11530,11530-37,현대로얄,가마산로 97,K-apt 마스터에 없음
11530,11530-3700,그린플러스구로해담채2,가마산로27길 11-7,K-apt 마스터에 없음
11530,11530-372,(745-40),구로동로12길 16-9,K-apt 마스터에 없음
11530,11530-3725,다청림,서해안로 2281,K-apt 마스터에 없음
11530,11530-373,(745-43),구로동로8길 29,K-apt 마스터에 없음
11530,11530-3730,비즈트위트오렌지,공원로6가길 8,K-apt 마스터에 없음
11530,11530-3734,다청림(356),서해안로 2275,K-apt 마스터에 없음
11530,11530-3740,대명그린(아),부일로13길 66-5,K-apt 마스터에 없음
11530,11530-375,(745-57),구로동로12길 16-12,K-apt 마스터에 없음
11530,11530-376,(745-60),구로동로12길 4-3,K-apt 마스터에 없음
11530,11530-3762,로제리움2차,가마산로26길 5,K-apt 마스터에 없음
11530,11530-3783,해담채3,가마산로27길 11-15,K-apt 마스터에 없음
11530,11530-3798,개봉푸르지오,남부순환로 775,후보 2개 이상(모호)
11530,11530-3799,썬앤빌,경인로19가길 40,K-apt 마스터에 없음
11530,11530-380,송림빌라,구로동로12길 4-11,K-apt 마스터에 없음
11530,11530-3802,코원,구로중앙로18길 59,K-apt 마스터에 없음
11530,11530-3818,포스시티,경인로20길 6,K-apt 마스터에 없음
11530,11530-3822,LIPe-푸른아파트,개봉로17아길 41-13,K-apt 마스터에 없음
11530,11530-387,(746-14),구로동로8길 22,K-apt 마스터에 없음
11530,11530-3900,다청림시티,부일로1길 26-12,K-apt 마스터에 없음
11530,11530-391,삼호빌라,구로동로18길 44-9,K-apt 마스터에 없음
11530,11530-393,(747-26),도림로3길 35-6,K-apt 마스터에 없음
11530,11530-394,(747-33),구로동로18길 44-15,K-apt 마스터에 없음
11530,11530-395,(747-34),도림로3길 35-5,K-apt 마스터에 없음
11530,11530-3957,대림역포스큐,공원로 11,K-apt 마스터에 없음
11530,11530-396,(747-35),도림로3길 35-3,K-apt 마스터에 없음
11530,11530-397,(747-51),구로동로8길 18-9,K-apt 마스터에 없음
11530,11530-3973,비즈트위트레드,가마산로 285,K-apt 마스터에 없음
11530,11530-399,(747-53),구로동로18길 44-17,K-apt 마스터에 없음
11530,11530-40,현대의보아파트,구일로8길 121,K-apt 마스터에 없음
11530,11530-4009,오류동역솔리스타,경인로20나길 63,K-apt 마스터에 없음
11530,11530-4014,파인마루오피스텔,구로중앙로18길 17,K-apt 마스터에 없음
11530,11530-403,(748-20),구로동로18길 56-9,K-apt 마스터에 없음
11530,11530-404,은진빌라(748-24),구로동로18길 62-12,K-apt 마스터에 없음
11530,11530-406,(748-32),구로동로18길 56-27,K-apt 마스터에 없음
11530,11530-41,현대파크빌,공원로 41,K-apt 마스터에 없음
11530,11530-410,(749-1),구로동로20길 56,K-apt 마스터에 없음
11530,11530-414,(749-8),구로동로20길 58-6,K-apt 마스터에 없음
11530,11530-419,(749-29),구로동로20길 58-8,K-apt 마스터에 없음
11530,11530-42,희훈타워빌,공원로 63,K-apt 마스터에 없음
11530,11530-4223,한양아이클래스구로,개봉로23가길 10,K-apt 마스터에 없음
11530,11530-425,(749-46),구로동로20길 64-2,K-apt 마스터에 없음
11530,11530-4297,신도림 아르디에,경인로66길 19,K-apt 마스터에 없음
11530,11530-431,(750-8),구로동로20길 52-12,K-apt 마스터에 없음
11530,11530-4316,마인드에코프라움,구로중앙로18길 11,K-apt 마스터에 없음
11530,11530-434,(751-3),구로동로8길 62-12,K-apt 마스터에 없음
11530,11530-435,(751-4),구로동로8길 62-14,K-apt 마스터에 없음
11530,11530-44,뉴홍현솔레디움,구로동로42길 77,K-apt 마스터에 없음
11530,11530-4404,M센트럴뷰,구로동로42길 9,K-apt 마스터에 없음
11530,11530-4408,루체비스타,고척로 5,K-apt 마스터에 없음
11530,11530-4422,승윤노블리안,구일로2길 29,K-apt 마스터에 없음
11530,11530-446,(752-10),구로동로22길 70-9,K-apt 마스터에 없음
11530,11530-4466,오류동삼전솔하임,경인로 187,K-apt 마스터에 없음
11530,11530-449,(752-15),구로동로22길 76-10,K-apt 마스터에 없음
11530,11530-450,(752-17),구로동로22길 76-6,K-apt 마스터에 없음
11530,11530-451,(752-19),구로동로22길 76-4,K-apt 마스터에 없음
11530,11530-454,(752-37),구로동로8길 70-21,K-apt 마스터에 없음
11530,11530-459,(768-2),구로동로22길 78-7,K-apt 마스터에 없음
11530,11530-46,효성,남부순환로 1299,K-apt 마스터에 없음
11530,11530-461,(770-8),구로동로22길 88-14,K-apt 마스터에 없음
11530,11530-4660,더헤리츠,경서로 17,K-apt 마스터에 없음
11530,11530-4683,신영지웰에스테이트개봉역,개봉로24길 46,K-apt 마스터에 없음
11530,11530-47,개봉청구,고척로40길 19,K-apt 마스터에 없음
11530,11530-472,(770-54),구로동로22길 78-15,K-apt 마스터에 없음
11530,11530-481,구로궁전빌리지(771-42),구로동로18길 57,K-apt 마스터에 없음
11530,11530-482,(777-3)두암호은리버빌,디지털로27라길 64,K-apt 마스터에 없음
11530,11530-483,(779-2),디지털로27라길 67,K-apt 마스터에 없음
11530,11530-484,(779-3),디지털로27라길 65,K-apt 마스터에 없음
11530,11530-485,(779-13),도림로14길 7-4,K-apt 마스터에 없음
11530,11530-487,(779-26),도림로14길 13,K-apt 마스터에 없음
11530,11530-489,경성아파트,도림로 44-9,K-apt 마스터에 없음
11530,11530-490,경성B,도림로 44-11,K-apt 마스터에 없음
11530,11530-493,미성빌라트,도림로12길 15-11,K-apt 마스터에 없음
11530,11530-497,(780-41),디지털로27라길 55,K-apt 마스터에 없음
11530,11530-50,그랜드,고척로27바길 47,K-apt 마스터에 없음
11530,11530-500,(780-48),도림로12길 5-8,K-apt 마스터에 없음
11530,11530-501,(780-50),도림로12길 5-7,K-apt 마스터에 없음
11530,11530-503,(780-58),도림로12길 5-6,K-apt 마스터에 없음
11530,11530-505,(780-62),도림로12길 15-5,K-apt 마스터에 없음
11530,11530-506,(780-67)우정빌라,도림로12길 15-3,K-apt 마스터에 없음
11530,11530-507,(780-72)삼익빌라,도림로12길 5-4,K-apt 마스터에 없음
11530,11530-509,(780-86),도림로12길 11,K-apt 마스터에 없음
11530,11530-515,(791-4),디지털로27다길 45-6,K-apt 마스터에 없음
11530,11530-517,동산빌라,디지털로27라길 42,K-apt 마스터에 없음
11530,11530-520,(791-16),디지털로27라길 36,K-apt 마스터에 없음
11530,11530-527,(791-62),디지털로27라길 34-7,K-apt 마스터에 없음
11530,11530-528,(792-2),도림로10길 5-38,K-apt 마스터에 없음
11530,11530-529,(792-6),도림로12길 10,K-apt 마스터에 없음
11530,11530-530,(792-9),도림로12길 12,K-apt 마스터에 없음
11530,11530-536,동산빌라1동,디지털로27라길 35,K-apt 마스터에 없음
11530,11530-539,(792-54),디지털로27라길 39-7,K-apt 마스터에 없음
11530,11530-540,미도빌라B동,디지털로27라길 39-9,K-apt 마스터에 없음
11530,11530-549,(792-102),도림로10길 5-32,K-apt 마스터에 없음
11530,11530-555,(793-16),도림로10길 5-15,K-apt 마스터에 없음
11530,11530-560,(793-44),도림로10길 5-5,K-apt 마스터에 없음
11530,11530-562,(793-54),도림로10길 5-1,K-apt 마스터에 없음
11530,11530-564,(794-12),도림로10길 18-3,K-apt 마스터에 없음
11530,11530-565,(794-13),도림로10길 18-5,K-apt 마스터에 없음
11530,11530-5665,남구로역동일센타시아,우마1다길 10,K-apt 마스터에 없음
11530,11530-5667,에드가개봉,경인로42길 34,K-apt 마스터에 없음
11530,11530-568,(794-22),도림로8길 13,K-apt 마스터에 없음
11530,11530-57,성원,경인로47가길 10,K-apt 마스터에 없음
11530,11530-576,(796-11),도림로6길 39-26,K-apt 마스터에 없음
11530,11530-577,(796-12),도림로6길 39-28,K-apt 마스터에 없음
11530,11530-582,(796-25),도림로6길 39-10,K-apt 마스터에 없음
11530,11530-588,대영빌라,도림로6길 33-1,K-apt 마스터에 없음
11530,11530-59,신원프라자,중앙로1길 18-18,K-apt 마스터에 없음
11530,11530-595,한마음(796-72),도림로6길 39-15,K-apt 마스터에 없음
11530,11530-596,(797-5),도림로6길 34,K-apt 마스터에 없음
11530,11530-597,봉일(797-8),도림로6길 36,K-apt 마스터에 없음
11530,11530-6,대림오페라타워,구로중앙로 60,K-apt 마스터에 없음
11530,11530-602,(797-22),디지털로27라길 6-17,K-apt 마스터에 없음
11530,11530-605,(797-26),도림로6길 30-3,K-apt 마스터에 없음
11530,11530-609,(797-43),디지털로27라길 6-18,K-apt 마스터에 없음
11530,11530-610,(797-57),디지털로27길 106-4,K-apt 마스터에 없음
11530,11530-612,삼주빌라,도림로6길 18-1,K-apt 마스터에 없음
11530,11530-614,(798-18)봉일주택,디지털로27길 124-12,K-apt 마스터에 없음
11530,11530-615,(798-21),디지털로27길 124-8,K-apt 마스터에 없음
11530,11530-616,(798-24),디지털로27길 120-9,K-apt 마스터에 없음
11530,11530-621,대성,도림로8길 12,K-apt 마스터에 없음
11530,11530-622,대길B,도림로8길 16,K-apt 마스터에 없음
11530,11530-626,(799-11),디지털로27라길 15,K-apt 마스터에 없음
11530,11530-627,풍안주택,도림로6길 15-6,K-apt 마스터에 없음
11530,11530-629,유진빌라,도림로6길 15-1,K-apt 마스터에 없음
11530,11530-630,한양하이츠,디지털로27길 124-18,K-apt 마스터에 없음
11530,11530-631,801-9,도림로 12-9,K-apt 마스터에 없음
11530,11530-635,(803-13)구로아트빌라8,도림로3길 22,K-apt 마스터에 없음
11530,11530-637,구로아트빌라9,도림로3길 24,K-apt 마스터에 없음
11530,11530-639,(805-16),도림로3길 3-3,K-apt 마스터에 없음
11530,11530-640,구로아트빌라3동,도림로3길 15,K-apt 마스터에 없음
11530,11530-641,(806-14),도림로3길 7,K-apt 마스터에 없음
11530,11530-644,구로아트빌라4동(806-33),구로동로8길 18-16,K-apt 마스터에 없음
11530,11530-649,(806-62),구로동로18길 44-24,K-apt 마스터에 없음
11530,11530-65,하이리빙,고척로 238,K-apt 마스터에 없음
11530,11530-650,(806-63)태영빌라,구로동로18길 44-28,K-apt 마스터에 없음
11530,11530-651,백록빌라,구로동로8길 14,K-apt 마스터에 없음
11530,11530-654,(807-1),구로동로8길 17,K-apt 마스터에 없음
11530,11530-659,(807-19),구로동로 82-7,K-apt 마스터에 없음
11530,11530-66,한성,중앙로15길 132-60,K-apt 마스터에 없음
11530,11530-661,(807-23),구로동로 82-13,K-apt 마스터에 없음
11530,11530-668,건양(346-33),개봉로11길 18-6,K-apt 마스터에 없음
11530,11530-669,대산,오리로13길 18,K-apt 마스터에 없음
11530,11530-67,한효,중앙로5길 20,K-apt 마스터에 없음
11530,11530-7,대림우성2,도림천로 344,K-apt 마스터에 없음
11530,11530-76,동인,서해안로34가길 22,K-apt 마스터에 없음
11530,11530-8,도림두산베어스타워,공원로 47,K-apt 마스터에 없음
11530,11530-85,우성,고척로19길 69-6,K-apt 마스터에 없음
11530,11530-86,진로,개봉로15길 84-15,K-apt 마스터에 없음
11530,11530-87,창동,고척로21나길 48-68,K-apt 마스터에 없음
11530,11530-9,구로두산,도림로 59,후보 2개 이상(모호)
11530,11530-93,건양,개봉로17나길 16,K-apt 마스터에 없음
11530,11530-94,율포그레이스빌,남부순환로95길 42-15,K-apt 마스터에 없음
11530,11530-96,동도센트리움(70-12),고척로22길 84,K-apt 마스터에 없음
11530,11530-97,신세기,개봉로19길 85,K-apt 마스터에 없음
11530,11530-99,길훈,오류로8라길 20-8,K-apt 마스터에 없음
11545,11545-1,덕산,시흥대로151길 45,K-apt 마스터에 없음
11545,11545-10,목화101,문성로3길 8,K-apt 마스터에 없음
11545,11545-100,성웅,문성로 15,K-apt 마스터에 없음
11545,11545-101,장미아파트A동,문성로 27,K-apt 마스터에 없음
11545,11545-102,힐탑,문성로 39,K-apt 마스터에 없음
11545,11545-104,세진웰빙102,독산로92길 26,K-apt 마스터에 없음
11545,11545-106,상진지오벨리A,시흥대로120길 40,K-apt 마스터에 없음
11545,11545-109,금광,탑골로2길 24,K-apt 마스터에 없음
11545,11545-11,목화102,문성로1길 7,K-apt 마스터에 없음
11545,11545-110,탑스빌,금하로30길 34,K-apt 마스터에 없음
11545,11545-111,예일,독산로10길 19,K-apt 마스터에 없음
11545,11545-113,한빛무궁화101동,독산로36길 62,K-apt 마스터에 없음
11545,11545-12,백운,범안로12길 47,K-apt 마스터에 없음
11545,11545-14,삼익,남부순환로120길 22,K-apt 마스터에 없음
11545,11545-1404,한아마인드,범안로17길 9,K-apt 마스터에 없음
11545,11545-1410,서초파레스,시흥대로128길 19,K-apt 마스터에 없음
11545,11545-1415,드림케슬3차,두산로3길 36-11,K-apt 마스터에 없음
11545,11545-1452,온누리,벚꽃로24길 7,K-apt 마스터에 없음
11545,11545-148,드림캐슬2차,두산로9가길 30,K-apt 마스터에 없음
11545,11545-1487,해찬행복드림,가산로5길 14,K-apt 마스터에 없음
11545,11545-149,태영아파트,범안로 1158,K-apt 마스터에 없음
11545,11545-15,삼환아파트,범안로12길 15,K-apt 마스터에 없음
11545,11545-151,은탑로얄클라스,가산로3길 77,K-apt 마스터에 없음
11545,11545-153,동은5차,문성로3길 43,K-apt 마스터에 없음
11545,11545-1536,리치힐(1052-5),시흥대로100길 21-8,K-apt 마스터에 없음
11545,11545-155,장미아파트B동,문성로 29,K-apt 마스터에 없음
11545,11545-157,힐탑아파트4차(894-5),문성로3길 70,K-apt 마스터에 없음
11545,11545-159,원평5차,벚꽃로24길 13,K-apt 마스터에 없음
11545,11545-16,설악솔내음,독산로85길 7-8,K-apt 마스터에 없음
11545,11545-161,목화103,문성로 4,K-apt 마스터에 없음
11545,11545-162,리치힐(976-6),독산로92길 17,K-apt 마스터에 없음
11545,11545-164,대광아파트,독산로 299,K-apt 마스터에 없음
11545,11545-165,리치힐103동(992-0),독산로92길 16,K-apt 마스터에 없음
11545,11545-170,세진(1037-31),독산로 211,K-apt 마스터에 없음
11545,11545-1716,힐캐슬,시흥대로12길 33,K-apt 마스터에 없음
11545,11545-172,한빛,독산로44길 51,K-apt 마스터에 없음
11545,11545-1734,와이즈플레이스,시흥대로 236,K-apt 마스터에 없음
11545,11545-1745,SM엘루이,시흥대로37길 20,K-apt 마스터에 없음
11545,11545-177,보르미아파트(948-9),시흥대로24길 44,K-apt 마스터에 없음
11545,11545-18,중앙아파트,범안로15길 65,K-apt 마스터에 없음
11545,11545-1825,가산양우내안에애플,남부순환로 1266,K-apt 마스터에 없음
11545,11545-1860,가산지웰에스테이트,가산로 147,K-apt 마스터에 없음
11545,11545-1863,애시안아파트,탑골로2길 55,K-apt 마스터에 없음
11545,11545-19,진도1차,벚꽃로18길 36,K-apt 마스터에 없음
11545,11545-1957,비즈트위트바이올렛5차,디지털로12길 15,K-apt 마스터에 없음
11545,11545-2267,리버스타운,범안로12길 41,K-apt 마스터에 없음
11545,11545-2270,우림메르디앙,시흥대로64길 27,K-apt 마스터에 없음
11545,11545-2332,가산피어니빌,디지털로12길 37,K-apt 마스터에 없음
11545,11545-24,호정타워,시흥대로88길 21,K-apt 마스터에 없음
11545,11545-2427,백운한비치5,시흥대로12길 10-8,K-apt 마스터에 없음
11545,11545-2452,가산지웰에스테이트2차,가산로9길 12-8,K-apt 마스터에 없음
11545,11545-25,아셈그린힐,독산로78다길 22,K-apt 마스터에 없음
11545,11545-2525,명도힐스티지,독산로 337,K-apt 마스터에 없음
11545,11545-2541,루체클래식,시흥대로2길 24,K-apt 마스터에 없음
11545,11545-26,동양드림아파트,독산로58나길 56,K-apt 마스터에 없음
11545,11545-2633,백운플러스타워,시흥대로59길 13,K-apt 마스터에 없음
11545,11545-2652,독산오르페움타워,독산로85길 36,K-apt 마스터에 없음
11545,11545-2676,G밸리페트라힐스,디지털로 207,K-apt 마스터에 없음
11545,11545-28,각산,한내로 52,K-apt 마스터에 없음
11545,11545-2805,더유엘아파트,시흥대로2길 57-18,K-apt 마스터에 없음
11545,11545-2820,독산솔리힐아파트,독산로54길 303,K-apt 마스터에 없음
11545,11545-29,대덕트윈빌,시흥대로112길 6,K-apt 마스터에 없음
11545,11545-30,경남아파트,독산로 78-1,K-apt 마스터에 없음
11545,11545-32,낙원,시흥대로26길 16,K-apt 마스터에 없음
11545,11545-35,대도훼미리,시흥대로45길 26,K-apt 마스터에 없음
11545,11545-3846,그린포레아파트,시흥대로2길 57-10,K-apt 마스터에 없음
11545,11545-39,벽산,금하로 793,후보 2개 이상(모호)
11545,11545-4,주상복합두산,가산로 106,K-apt 마스터에 없음
11545,11545-42,삼일,시흥대로24길 32,K-apt 마스터에 없음
11545,11545-45,시흥(817-29),독산로24나길 13,K-apt 마스터에 없음
11545,11545-47,영광아파트,시흥대로57길 17,K-apt 마스터에 없음
11545,11545-52,현대(220-2),탑골로3길 50,K-apt 마스터에 없음
11545,11545-54,유승셀르빌,독산로50길 151-1,K-apt 마스터에 없음
11545,11545-57,신세계,독산로24다길 22,K-apt 마스터에 없음
11545,11545-61,백운스위트빌,시흥대로14길 29,K-apt 마스터에 없음
11545,11545-64,금천,금하로14길 53-1,K-apt 마스터에 없음
11545,11545-66,백운한비치(나),남부순환로108길 23-14,K-apt 마스터에 없음
11545,11545-68,청광플러스원,두산로11길 22,K-apt 마스터에 없음
11545,11545-7,독산동아아파트,독산로78다길 52,K-apt 마스터에 없음
11545,11545-71,한아(987-21),시흥대로142길 11,K-apt 마스터에 없음
11545,11545-73,리치힐101동(993-25),독산로88길 19,K-apt 마스터에 없음
11545,11545-75,백운한비치,탑골로2길 19,K-apt 마스터에 없음
11545,11545-79,산호시티빌,시흥대로 251,K-apt 마스터에 없음
11545,11545-80,정심아파트,독산로80가길 26,K-apt 마스터에 없음
11545,11545-81,동심,독산로78다길 12,K-apt 마스터에 없음
11545,11545-84,동은노보빌(887-2),문성로 10,K-apt 마스터에 없음
11545,11545-86,청호센트레빌,문성로 14-1,K-apt 마스터에 없음
11545,11545-87,예전이룸(965-1),시흥대로150길 21-58,K-apt 마스터에 없음
11545,11545-88,거상홈타운701동,시흥대로22길 48,K-apt 마스터에 없음
11545,11545-89,거상홈타운801동,시흥대로22길 52,K-apt 마스터에 없음
11545,11545-92,칠성(3),시흥대로2길 8-31,K-apt 마스터에 없음
11545,11545-94,동은노보빌(887-54),문성로 6,K-apt 마스터에 없음
11545,11545-95,드림캐슬,두산로5길 58,K-apt 마스터에 없음
11545,11545-96,한아프라임102동,시흥대로149길 39,K-apt 마스터에 없음
11545,11545-98,세심아파트,독산로80가길 29,K-apt 마스터에 없음
11545,11545-99,문성,문성로 18,K-apt 마스터에 없음
11560,11560-1,영일,영신로19길 13,K-apt 마스터에 없음
11560,11560-108,삼환,여의대방로43나길 25,K-apt 마스터에 없음
11560,11560-11,리버타워,63로 36,K-apt 마스터에 없음
11560,11560-110,신미,신길로23길 20,K-apt 마스터에 없음
11560,11560-116,우창,여의대방로5길 6,K-apt 마스터에 없음
11560,11560-117,대방전철,여의대방로61길 1,K-apt 마스터에 없음
11560,11560-119,한신휴1차,디지털로69길 13,K-apt 마스터에 없음
11560,11560-121,무림,시흥대로 609,K-apt 마스터에 없음
11560,11560-1214,성재아이캐슬,국회대로55길 20,K-apt 마스터에 없음
11560,11560-1215,태영데시앙,문래북로 108,K-apt 마스터에 없음
11560,11560-1216,이너스삼성,선유서로26길 23,K-apt 마스터에 없음
11560,11560-122,문영칸타빌레,도림천로 391,K-apt 마스터에 없음
11560,11560-1221,월드메르디앙,선유서로 116,K-apt 마스터에 없음
11560,11560-1228,신풍두산위브,대방천로 155,K-apt 마스터에 없음
11560,11560-123,성락,대림로34다길 14,K-apt 마스터에 없음
11560,11560-1230,보라매길성그랑프리텔,여의대방로29길 10,K-apt 마스터에 없음
11560,11560-1246,드림시드,국회대로53길 30,K-apt 마스터에 없음
11560,11560-125,신동아,대림로31길 39,K-apt 마스터에 없음
11560,11560-1254,에이스리버티움,선유로53길 2,K-apt 마스터에 없음
11560,11560-1256,다울아파트102동,영등포로84길 42,K-apt 마스터에 없음
11560,11560-1277,다울103동,영등포로84길 42,K-apt 마스터에 없음
11560,11560-1278,다울101동,영등포로84길 42,K-apt 마스터에 없음
11560,11560-1286,하늘애,여의대방로43가길 10,K-apt 마스터에 없음
11560,11560-129,한신휴2차,디지털로69길 12,K-apt 마스터에 없음
11560,11560-1297,창방누리애,경인로114가길 11-1,K-apt 마스터에 없음
11560,11560-130,성원(1115-1),디지털로64길 15-9,K-apt 마스터에 없음
11560,11560-1321,창건애드웰,양산로 56,K-apt 마스터에 없음
11560,11560-1336,온누리,대림로22길 38,K-apt 마스터에 없음
11560,11560-1337,성재I캐슬2차,국회대로55길 16,K-apt 마스터에 없음
11560,11560-134,리치,버드나루로12가길 14,K-apt 마스터에 없음
11560,11560-1340,동훈노보빌,여의대방로29길 9,K-apt 마스터에 없음
11560,11560-1351,신대림자이2단지,시흥대로 589-8,K-apt 마스터에 없음
11560,11560-1365,다청림1동,대림로34다길 16,K-apt 마스터에 없음
11560,11560-1373,리버뷰신안인스빌2단지,도림로143길 27,K-apt 마스터에 없음
11560,11560-1381,태승훼밀리,선유서로34길 6,K-apt 마스터에 없음
11560,11560-1385,늘푸른,시흥대로181길 17,K-apt 마스터에 없음
11560,11560-140,강변한솔그라치아,버드나루로22길 5,K-apt 마스터에 없음
11560,11560-141,칸리버팰리스,버드나루로16길 5,K-apt 마스터에 없음
11560,11560-1418,삼익플라주101동,선유로42길 6,K-apt 마스터에 없음
11560,11560-143,삼성,버드나루로14가길 8,K-apt 마스터에 없음
11560,11560-144,대우,버드나루로15길 11,K-apt 마스터에 없음
11560,11560-1444,당산어울림2차,양산로17길 22,K-apt 마스터에 없음
11560,11560-1449,근상프리즘,국회대로54길 27,K-apt 마스터에 없음
11560,11560-146,계명,양평로18길 13,K-apt 마스터에 없음
11560,11560-147,한양,영등포로86길 32,K-apt 마스터에 없음
11560,11560-148,대성유니드,가마산로50길 27,K-apt 마스터에 없음
11560,11560-1483,종인아네스트,가마산로 315,K-apt 마스터에 없음
11560,11560-149,EL샤틀레,대방천로 255,K-apt 마스터에 없음
11560,11560-150,제일골드타워,신풍로22길 7,K-apt 마스터에 없음
11560,11560-151,브라운스톤영등포,버드나루로12가길 13,K-apt 마스터에 없음
11560,11560-1518,헤렌어반,경인로114가길 14,K-apt 마스터에 없음
11560,11560-1527,삼익플라주201동,선유로40길 7,K-apt 마스터에 없음
11560,11560-1530,훼미리하우스117,버드나루로 85,K-apt 마스터에 없음
11560,11560-1546,(1101-1),도림천로19길 12,K-apt 마스터에 없음
11560,11560-1549,내이처해밀,경인로114길 62,K-apt 마스터에 없음
11560,11560-155,정호샤인빌,도신로15라길 3,K-apt 마스터에 없음
11560,11560-1558,여의도의아침,경인로114길 12,K-apt 마스터에 없음
11560,11560-156,문래동원데자뷰,문래로20길 40,K-apt 마스터에 없음
11560,11560-1562,영등포그랑그루,문래로 191,K-apt 마스터에 없음
11560,11560-1564,휴브리지빌딩,버드나루로 116,K-apt 마스터에 없음
11560,11560-1573,유탑유블레스,당산로49길 11-4,K-apt 마스터에 없음
11560,11560-1574,여의도리버뷰,여의대방로61길 50,K-apt 마스터에 없음
11560,11560-1577,영등포메이준2011,영중로 120,K-apt 마스터에 없음
11560,11560-158,수성예술,선유로51길 32,K-apt 마스터에 없음
11560,11560-1580,훼미리하우스138,버드나루로17길 2,K-apt 마스터에 없음
11560,11560-1581,이지리움S,국회대로54길 65,K-apt 마스터에 없음
11560,11560-1582,THESILK,버드나루로15길 2,K-apt 마스터에 없음
11560,11560-159,여의,여의대방로61길 18,K-apt 마스터에 없음
11560,11560-1607,스테이72여의도,경인로112길 4-7,K-apt 마스터에 없음
11560,11560-1608,삼익플라주,당산로 175,K-apt 마스터에 없음
11560,11560-162,시원트레벨,여의대방로31길 13,K-apt 마스터에 없음
11560,11560-1626,선원가와인,신길로 214,K-apt 마스터에 없음
11560,11560-163,대방,여의대방로 99-3,K-apt 마스터에 없음
11560,11560-1637,여의도씨티아이,경인로 882,K-apt 마스터에 없음
11560,11560-1639,프리가,영등포로 390,K-apt 마스터에 없음
11560,11560-1656,리츠뷰,양평로28사길 45,K-apt 마스터에 없음
11560,11560-166,동도하이츠,신길로 276,K-apt 마스터에 없음
11560,11560-1680,포레스트힐시티,영중로6길 12,K-apt 마스터에 없음
11560,11560-1681,당산계룡리슈빌2단지,양산로25길 8,K-apt 마스터에 없음
11560,11560-1682,당산계룡리슈빌1단지,양산로25길 16,K-apt 마스터에 없음
11560,11560-1689,당산계룡리슈빌3단지,양산로25길 12,K-apt 마스터에 없음
11560,11560-1696,보라매정은벚꽃마을,대방천로14길 34,K-apt 마스터에 없음
11560,11560-1711,선유도삼성홈타운,양평로28가길 44,K-apt 마스터에 없음
11560,11560-1732,리버뷰,버드나루로 97,K-apt 마스터에 없음
11560,11560-1762,예지팰리스77차,영등포로20길 20,K-apt 마스터에 없음
11560,11560-1778,브라운스톤당산,영신로55길 8,K-apt 마스터에 없음
11560,11560-1868,현대팰리스,버드나루로5길 8,K-apt 마스터에 없음
11560,11560-1957,경동미르웰여의도,버드나루로7길 3,K-apt 마스터에 없음
11560,11560-1968,메트하임,신풍로 93,K-apt 마스터에 없음
11560,11560-1983,양평역미소지움,양산로 11,K-apt 마스터에 없음
11560,11560-2052,여의휴젠느,국회대로56길 13,K-apt 마스터에 없음
11560,11560-2073,어반힐,선유로25길 5,K-apt 마스터에 없음
11560,11560-2082,루나플라체,영등포로 395,K-apt 마스터에 없음
11560,11560-2107,"광장(1,2동)",여의나루로 12,K-apt 마스터에 없음
11560,11560-2213,라르파크,신길로61길 28,K-apt 마스터에 없음
11560,11560-2270,여의도리미티오148,버드나루로 5,K-apt 마스터에 없음
11560,11560-2281,여의도이튼브라운,경인로114길 6,K-apt 마스터에 없음
11560,11560-24,라이프콤비,63로 32,K-apt 마스터에 없음
11560,11560-30,코오롱,영등포로28길 5,K-apt 마스터에 없음
11560,11560-39,현대2,국회대로29길 5,K-apt 마스터에 없음
11560,11560-4,동남,영등포로37길 4,K-apt 마스터에 없음
11560,11560-48,반도유보라,당산로45길 7-3,K-apt 마스터에 없음
11560,11560-5,현대프라자,양산로 214,K-apt 마스터에 없음
11560,11560-51,드림리버빌,버드나루로22길 7,K-apt 마스터에 없음
11560,11560-55,한라,도신로15라길 5-7,K-apt 마스터에 없음
11560,11560-59,문래해태,영신로25길 8,K-apt 마스터에 없음
11560,11560-61,문래우정,도림로 456,K-apt 마스터에 없음
11560,11560-63,문래동삼환,도림로143길 32,K-apt 마스터에 없음
11560,11560-71,미주프라자,선유로 49,K-apt 마스터에 없음
11560,11560-73,유원문래,문래북로 22,K-apt 마스터에 없음
11560,11560-74,한신,선유서로 43,K-apt 마스터에 없음
11560,11560-76,현대1차,문래로4길 14,K-apt 마스터에 없음
11560,11560-78,삼환,영등포로 49,K-apt 마스터에 없음
11560,11560-90,현대3차,선유동2로 23,K-apt 마스터에 없음
11560,11560-96,약산,선유로 269,K-apt 마스터에 없음
11590,11590-1,건영(103동-106동),만양로 26,후보 2개 이상(모호)
11590,11590-101,대우유로카운티,양녕로 287,K-apt 마스터에 없음
11590,11590-107,초원,국사봉16길 26,K-apt 마스터에 없음
11590,11590-108,남성골든빌A동B동,사당로 164-1,K-apt 마스터에 없음
11590,11590-11,동아,양녕로23길 43,K-apt 마스터에 없음
11590,11590-110,삼성월드,동작대로11길 64,K-apt 마스터에 없음
11590,11590-111,해맑은,남부순환로255나길 18,K-apt 마스터에 없음
11590,11590-112,닷컴캐슬,남부순환로255나길 8,K-apt 마스터에 없음
11590,11590-113,다울,대방동2길 38,K-apt 마스터에 없음
11590,11590-115,대방홈타운,대방동27길 27,K-apt 마스터에 없음
11590,11590-116,그린힐,여의대방로36길 16,K-apt 마스터에 없음
11590,11590-117,삼인,여의대방로36길 7,K-apt 마스터에 없음
11590,11590-118,하나마을,대방동9길 4,K-apt 마스터에 없음
11590,11590-12,삼익,양녕로26나길 8,K-apt 마스터에 없음
11590,11590-121,남현그린,양녕로27길 45,K-apt 마스터에 없음
11590,11590-123,상도팰리스,상도로47바길 40,K-apt 마스터에 없음
11590,11590-125,성대아파트,성대로12길 11,K-apt 마스터에 없음
11590,11590-135,중앙궁전빌라트,흑석로13마길 40,K-apt 마스터에 없음
11590,11590-136,이수프라자,동작대로27다길 26,K-apt 마스터에 없음
11590,11590-137,사당해그린,사당로2길 40,K-apt 마스터에 없음
11590,11590-139,비전,등용로14길 40,K-apt 마스터에 없음
11590,11590-140,디어파크(파크빌리지),여의대방로36길 34,K-apt 마스터에 없음
11590,11590-146,원명,상도로13나길 12,K-apt 마스터에 없음
11590,11590-147,강남드리움2차,남부순환로 2005,K-apt 마스터에 없음
11590,11590-155,수정빌라트(56-45),상도로47길 36,K-apt 마스터에 없음
11590,11590-156,정호힐사이드,상도로49길 26,K-apt 마스터에 없음
11590,11590-164,장원빌리지,상도로47길 116-4,K-apt 마스터에 없음
11590,11590-17,약수맨션,양녕로26길 11,K-apt 마스터에 없음
11590,11590-171,라이즈1동,동작대로33마길 17,K-apt 마스터에 없음
11590,11590-18,현대201동,사당로2가길 10-5,K-apt 마스터에 없음
11590,11590-19,세레노,상도로68길 27,K-apt 마스터에 없음
11590,11590-193,오림센트빌,남부순환로257가길 8,K-apt 마스터에 없음
11590,11590-194,(99-1),여의대방로62길 24,K-apt 마스터에 없음
11590,11590-2,노량진맨션,장승배기로18길 27,K-apt 마스터에 없음
11590,11590-20,중앙아파트,상도로38길 3-50,K-apt 마스터에 없음
11590,11590-204,상진아파트,국사봉1길 18,K-apt 마스터에 없음
11590,11590-208,레디앙스,솔밭로 57,K-apt 마스터에 없음
11590,11590-21,장승,양녕로30길 25,K-apt 마스터에 없음
11590,11590-210,은성,장승배기로18길 20-3,K-apt 마스터에 없음
11590,11590-214,백촌빌라트,상도로38길 57,K-apt 마스터에 없음
11590,11590-215,태양아파트,성대로6가길 100,K-apt 마스터에 없음
11590,11590-216,청운아파트,국사봉18길 24,K-apt 마스터에 없음
11590,11590-217,성우2차아파트,국사봉1길 200,K-apt 마스터에 없음
11590,11590-218,성우아파트,국사봉1길 214,K-apt 마스터에 없음
11590,11590-22,상도동래미안1차,등용로 38,K-apt 마스터에 없음
11590,11590-220,숭실골드,상도로54길 24,K-apt 마스터에 없음
11590,11590-221,한주에코,상도로47나길 11,K-apt 마스터에 없음
11590,11590-222,대영테크빌,상도로47길 60,K-apt 마스터에 없음
11590,11590-223,방주샤인(428-7),상도로47가길 44,K-apt 마스터에 없음
11590,11590-227,현진베스트빌,강남초등길 23-3,K-apt 마스터에 없음
11590,11590-228,평화그린,매봉로2길 1,K-apt 마스터에 없음
11590,11590-231,삼성그린101동,사당로23아길 24,K-apt 마스터에 없음
11590,11590-232,삼성그린(205),사당로2가길 202,K-apt 마스터에 없음
11590,11590-233,동문아트빌,사당로8길 58,K-apt 마스터에 없음
11590,11590-234,중앙아트,남부순환로265길 108,K-apt 마스터에 없음
11590,11590-235,드림빌라트,대방동27길 4,K-apt 마스터에 없음
11590,11590-237,펭귄,여의대방로22나길 47,K-apt 마스터에 없음
11590,11590-24,오크밸리,매봉로2가길 3,K-apt 마스터에 없음
11590,11590-25,수정,상도로49길 18,K-apt 마스터에 없음
11590,11590-26,숭실그랜드,상도로47다길 29,K-apt 마스터에 없음
11590,11590-27,백경,상도로47길 56-5,K-apt 마스터에 없음
11590,11590-32,명수대,서달로 158,K-apt 마스터에 없음
11590,11590-3276,남양이룸,사당로16마길 24,K-apt 마스터에 없음
11590,11590-3279,대창센시티,사당로9가길 55,K-apt 마스터에 없음
11590,11590-3282,신일해피트리,여의대방로62길 8,K-apt 마스터에 없음
11590,11590-3295,현대(관악),상도로 421,K-apt 마스터에 없음
11590,11590-33,명수대한양,현충로10길 42,K-apt 마스터에 없음
11590,11590-3313,삼성아파트,사당로26길 130-6,K-apt 마스터에 없음
11590,11590-3317,갑을명가,솔밭로 65,K-apt 마스터에 없음
11590,11590-3349,원아파트,성대로6다길 11,K-apt 마스터에 없음
11590,11590-3356,상도1차갑을명가,국사봉길 178,K-apt 마스터에 없음
11590,11590-3358,상도2차갑을명가,국사봉길 175,K-apt 마스터에 없음
11590,11590-3372,케이씨씨,사당로20나길 57,K-apt 마스터에 없음
11590,11590-3388,삼환나우빌(520-0),상도로55길 25,K-apt 마스터에 없음
11590,11590-3418,샤인,상도로15가길 22,K-apt 마스터에 없음
11590,11590-3500,푸른숲,대방동27길 12,K-apt 마스터에 없음
11590,11590-3669,MARKHILLS,현충로2길 4,K-apt 마스터에 없음
11590,11590-3671,파크뷰아파트,성대로6가길 144,K-apt 마스터에 없음
11590,11590-37,이수교신동아아파트,동작대로43길 36,K-apt 마스터에 없음
11590,11590-3754,종인아네스트(409-3),양녕로23길 67,K-apt 마스터에 없음
11590,11590-3763,이수자이,사당로 300,K-apt 마스터에 없음
11590,11590-3769,종인아네스트,매봉로4가길 33,K-apt 마스터에 없음
11590,11590-3842,진성마블로스,상도로 63,K-apt 마스터에 없음
11590,11590-3869,이너스내안애,사당로13길 40,K-apt 마스터에 없음
11590,11590-3873,상도타워B동,성대로6가길 149,K-apt 마스터에 없음
11590,11590-3874,상도타워A동,성대로6가길 149,K-apt 마스터에 없음
11590,11590-3964,아데나339,여의대방로54길 39,K-apt 마스터에 없음
11590,11590-3991,씨티아모리움,상도로62길 81-1,K-apt 마스터에 없음
11590,11590-4,신동아리버파크,만양로 19,후보 2개 이상(모호)
11590,11590-41,르메이에르,사당로20길 119,K-apt 마스터에 없음
11590,11590-4322,사당휴브리지(206-127),사당로 158,K-apt 마스터에 없음
11590,11590-44,삼성,동작대로35아길 14,K-apt 마스터에 없음
11590,11590-4413,메가스터디타워,노량진로 140,K-apt 마스터에 없음
11590,11590-4568,반석블레스,사당로2길 76,K-apt 마스터에 없음
11590,11590-4728,다온아파트,성대로 52,K-apt 마스터에 없음
11590,11590-4792,대동아파트,매봉로4가길 13,K-apt 마스터에 없음
11590,11590-4933,상도고구아파트,매봉로4가길 42,K-apt 마스터에 없음
11590,11590-50,인정,사당로2길 72,K-apt 마스터에 없음
11590,11590-5076,공감지음포레뷰아파트,솔밭로 74,K-apt 마스터에 없음
11590,11590-5176,골든노블레스,상도로 36,K-apt 마스터에 없음
11590,11590-6,형인한강,만양로 36,K-apt 마스터에 없음
11590,11590-6105,스타팰리스이수,동작대로17길 5,K-apt 마스터에 없음
11590,11590-6122,한강더퍼스트타워,노량진로10길 15,K-apt 마스터에 없음
11590,11590-63,주공2,여의대방로44길 47,후보 2개 이상(모호)
11590,11590-64,한국개나리,여의대방로62길 15,K-apt 마스터에 없음
11590,11590-67,롯데관악타워,보라매로5길 51,K-apt 마스터에 없음
11590,11590-68,벽산,여의대방로22길 24,K-apt 마스터에 없음
11590,11590-69,보라매나산스위트,보라매로5가길 24,K-apt 마스터에 없음
11590,11590-72,보라매현대,보라매로5길 35,K-apt 마스터에 없음
11590,11590-73,삼성보라매옴니타워,보라매로5길 23,K-apt 마스터에 없음
11590,11590-74,신대방,보라매로 83,K-apt 마스터에 없음
11590,11590-77,캐릭터그린빌,보라매로5가길 7,K-apt 마스터에 없음
11590,11590-8,강남(488),상도로 357,K-apt 마스터에 없음
11590,11590-80,엘리스,여의대방로22카길 81,K-apt 마스터에 없음
11590,11590-87,경남아너스빌(대아3),동작대로29길 81,K-apt 마스터에 없음
11590,11590-9,건영,만양로 26,후보 2개 이상(모호)
11590,11590-92,신호리치빌,대방동길 99,K-apt 마스터에 없음
11590,11590-93,대방2차e-편한세상,알마타길 53,K-apt 마스터에 없음
11620,11620-1,갑을,관악로5길 42,K-apt 마스터에 없음
11620,11620-10,동아타운,봉천로 576,K-apt 마스터에 없음
11620,11620-100,우정하이비전2,양지길 52-1,K-apt 마스터에 없음
11620,11620-103,흥화브라운빌,남현길 144,K-apt 마스터에 없음
11620,11620-104,신림동신도브래뉴,조원로16길 12,K-apt 마스터에 없음
11620,11620-105,제창그로힐,조원로13길 36,K-apt 마스터에 없음
11620,11620-106,은선파인빌,중앙길 133,K-apt 마스터에 없음
11620,11620-108,흥원,남부순환로144길 71,K-apt 마스터에 없음
11620,11620-110,동아타운21,관악로37길 15,K-apt 마스터에 없음
11620,11620-111,보람하이빌,행운5길 8-9,K-apt 마스터에 없음
11620,11620-112,관악미래가,솔밭로 24,K-apt 마스터에 없음
11620,11620-113,경원로얄시티,남부순환로247길 99,K-apt 마스터에 없음
11620,11620-115,신부,중앙길 83-7,K-apt 마스터에 없음
11620,11620-117,봉천동,봉천로21길 77,K-apt 마스터에 없음
11620,11620-118,보람(685-100),당곡2길 109-13,K-apt 마스터에 없음
11620,11620-119,관악캠퍼스타워,남부순환로 1802,K-apt 마스터에 없음
11620,11620-12,보라매롯데캐슬,봉천로 209,K-apt 마스터에 없음
11620,11620-121,신양,봉천로21길 62,K-apt 마스터에 없음
11620,11620-122,봉천두솔,장군봉5길 27,K-apt 마스터에 없음
11620,11620-123,대경,장군봉8길 15,K-apt 마스터에 없음
11620,11620-126,로얄클래스,관악로 103-3,K-apt 마스터에 없음
11620,11620-13,무학,장군봉8길 16,K-apt 마스터에 없음
11620,11620-130,신성새실마을103동,관악로6길 76,K-apt 마스터에 없음
11620,11620-131,푸르빌3차,남부순환로230길 94,K-apt 마스터에 없음
11620,11620-132,반석블레스빌,남부순환로230길 93,K-apt 마스터에 없음
11620,11620-133,관악교수,관악로8길 49,K-apt 마스터에 없음
11620,11620-135,새진3차,남부순환로234길 58,K-apt 마스터에 없음
11620,11620-138,동원낙성대,낙성대역길 19,K-apt 마스터에 없음
11620,11620-140,새진(1653-10),인헌1길 59,K-apt 마스터에 없음
11620,11620-141,탑,남부순환로233길 19-12,K-apt 마스터에 없음
11620,11620-146,상목에버빌A,호암로 568,K-apt 마스터에 없음
11620,11620-147,상목에버빌B,호암로 566,K-apt 마스터에 없음
11620,11620-15,복권,은천로5길 39,K-apt 마스터에 없음
11620,11620-157,청화,호암로16길 11,K-apt 마스터에 없음
11620,11620-158,삼성홈타운,승방3나길 2,K-apt 마스터에 없음
11620,11620-159,동송하이클래스,승방3가길 31,K-apt 마스터에 없음
11620,11620-16,삼성,은천로 46,K-apt 마스터에 없음
11620,11620-160,양지네스코빌,승방3가길 16,K-apt 마스터에 없음
11620,11620-161,현대빌라트,승방3가길 1,K-apt 마스터에 없음
11620,11620-164,한솔아크로,승방1길 57,K-apt 마스터에 없음
11620,11620-166,별장,승방1길 101,K-apt 마스터에 없음
11620,11620-167,뉴타운1동(A동),승방3길 36-11,K-apt 마스터에 없음
11620,11620-169,풍산캐슬,남부순환로256길 16,K-apt 마스터에 없음
11620,11620-170,팔라시오,남부순환로260길 48,K-apt 마스터에 없음
11620,11620-171,남현현대아이빌라,남부순환로260길 30,K-apt 마스터에 없음
11620,11620-173,예촌그린,남부순환로256나길 21,K-apt 마스터에 없음
11620,11620-174,예촌BC,남부순환로256나길 15,K-apt 마스터에 없음
11620,11620-176,노블스톤,남부순환로256나길 7,K-apt 마스터에 없음
11620,11620-1794,뉴파크플러스(1608-27),남부순환로228길 85,K-apt 마스터에 없음
11620,11620-18,선경,청룡7길 55,K-apt 마스터에 없음
11620,11620-180,플라워스위트101동102동,남현1가길 43,K-apt 마스터에 없음
11620,11620-181,브라운스톤관악,관악로 263,K-apt 마스터에 없음
11620,11620-182,웰피아,관천로18길 27,K-apt 마스터에 없음
11620,11620-185,아이펠리스,남부순환로248길 78,K-apt 마스터에 없음
11620,11620-190,(685-103),당곡2길 109-11,K-apt 마스터에 없음
11620,11620-192,하이캐슬,성현로 14,K-apt 마스터에 없음
11620,11620-193,서초그린,신림로7길 34,K-apt 마스터에 없음
11620,11620-194,신림동이모르젠,신사로 84,K-apt 마스터에 없음
11620,11620-196,월드,난곡로 90-39,K-apt 마스터에 없음
11620,11620-197,미래한건(1563-78),미성7길 5-6,K-apt 마스터에 없음
11620,11620-198,카사빌,승방3나길 31,K-apt 마스터에 없음
11620,11620-201,현대이즈빌,남현1길 9,K-apt 마스터에 없음
11620,11620-203,우평,남부순환로262길 37,K-apt 마스터에 없음
11620,11620-2044,보라매우성,보라매로5길 5,K-apt 마스터에 없음
11620,11620-25,일두(1021),은천로39길 56,K-apt 마스터에 없음
11620,11620-26,해바라기,보라매로6길 33,K-apt 마스터에 없음
11620,11620-27,해태보라매타워,보라매로3길 29,K-apt 마스터에 없음
11620,11620-29,낙성대현대아파트,남부순환로248길 56,K-apt 마스터에 없음
11620,11620-30,대원,쑥고개로 31,K-apt 마스터에 없음
11620,11620-31,은선,관악로6길 8,K-apt 마스터에 없음
11620,11620-32,휴먼아파트A,인헌1길 34,K-apt 마스터에 없음
11620,11620-33,관악캐스빌,남부순환로249길 5-14,K-apt 마스터에 없음
11620,11620-34,부미아띠랑스힐,남부순환로230길 117,K-apt 마스터에 없음
11620,11620-35,하이캐슬101동,관악로6길 21,K-apt 마스터에 없음
11620,11620-4027,삼성아트빌(1690-163),남부순환로249길 5-10,K-apt 마스터에 없음
11620,11620-4046,태양,미성길 59,K-apt 마스터에 없음
11620,11620-41,LIG5차,신림로3가길 45-10,K-apt 마스터에 없음
11620,11620-42,관악,대학7길 26,K-apt 마스터에 없음
11620,11620-4215,새진6차,인헌16길 33-6,K-apt 마스터에 없음
11620,11620-4225,노블레스,봉천로29길 46,K-apt 마스터에 없음
11620,11620-4227,미래,남부순환로 1990,K-apt 마스터에 없음
11620,11620-4230,제창그로힐,남부순환로 1979,K-apt 마스터에 없음
11620,11620-4231,반석푸른숲,인헌16다길 14,K-apt 마스터에 없음
11620,11620-4233,청암두산위브센티움,신림로 318,K-apt 마스터에 없음
11620,11620-4238,신화아트벨리1차,난곡로48길 20-7,K-apt 마스터에 없음
11620,11620-4249,관악산대창센시티,남현12길 21,K-apt 마스터에 없음
11620,11620-4273,신원메트로빌,남부순환로 1811,K-apt 마스터에 없음
11620,11620-4291,VIP(602-284),승방1길 87,K-apt 마스터에 없음
11620,11620-4308,위너스이즈,남부순환로228길 87,K-apt 마스터에 없음
11620,11620-4322,한일유앤아이2차,남현길 113,K-apt 마스터에 없음
11620,11620-4326,경원시티,행운1나길 12,K-apt 마스터에 없음
11620,11620-4327,낙성대에메랄드,남부순환로 1961-1,K-apt 마스터에 없음
11620,11620-4331,e산이랑,승방3나길 41,K-apt 마스터에 없음
11620,11620-4336,캐릭터그린빌,보라매로5가길 7,K-apt 마스터에 없음
11620,11620-4342,낙성대늘푸른2차,남부순환로 1963,K-apt 마스터에 없음
11620,11620-4343,예성그랑펠리체,승방길 66,K-apt 마스터에 없음
11620,11620-4344,서울대입구아이원(1560-62),청룡길 77,K-apt 마스터에 없음
11620,11620-4348,관악산휴먼시아1단지,난곡로 30,K-apt 마스터에 없음
11620,11620-4351,늘푸른,법원단지24길 34,K-apt 마스터에 없음
11620,11620-4356,생모리츠타운,쑥고개로 100,K-apt 마스터에 없음
11620,11620-4362,코스코수,남부순환로230길 111,K-apt 마스터에 없음
11620,11620-4366,늘푸른3차,남부순환로249길 13-12,K-apt 마스터에 없음
11620,11620-4371,에메랄드102동,은천로34길 9,K-apt 마스터에 없음
11620,11620-4378,대우디오슈페리움2단지,관악로 168,K-apt 마스터에 없음
11620,11620-4379,대우디오슈페리움1단지,관악로 164,K-apt 마스터에 없음
11620,11620-4396,은천누리에뜰,은천로 61,K-apt 마스터에 없음
11620,11620-44,금호(1차),대학18길 6,K-apt 마스터에 없음
11620,11620-4417,효림다온,남부순환로198길 10,K-apt 마스터에 없음
11620,11620-4419,카후나빌,은천로34길 15,K-apt 마스터에 없음
11620,11620-4449,삼성아트빌(715-32),난곡로35길 68,K-apt 마스터에 없음
11620,11620-4460,관악산대창센시티2차,남부순환로260길 119,K-apt 마스터에 없음
11620,11620-4467,늘푸른5차,남부순환로249길 21,K-apt 마스터에 없음
11620,11620-4509,관악청광플러스원,은천로15길 16,K-apt 마스터에 없음
11620,11620-4516,에메랄드105동,은천로34길 14,K-apt 마스터에 없음
11620,11620-4520,파로스프라자,난곡로 100,K-apt 마스터에 없음
11620,11620-4543,늘푸른,청룡8길 10,K-apt 마스터에 없음
11620,11620-4549,관악유앤아이,은천로 137,K-apt 마스터에 없음
11620,11620-4551,늘푸른(569-5),조원로12길 28,K-apt 마스터에 없음
11620,11620-4553,에이스인헌,낙성대역16길 29,K-apt 마스터에 없음
11620,11620-4558,관악위버폴리스,관악로 195,K-apt 마스터에 없음
11620,11620-4562,삼원하이츠11차,승방1길 46,K-apt 마스터에 없음
11620,11620-4565,동훈CDI,조원로13길 23,K-apt 마스터에 없음
11620,11620-4567,금강아미움(102동),장군봉1길 12,K-apt 마스터에 없음
11620,11620-4568,금강아미움(103동),장군봉1길 16,K-apt 마스터에 없음
11620,11620-4569,금강아미움(105동),장군봉1길 10,K-apt 마스터에 없음
11620,11620-4570,금강아미움(106동),장군봉1길 14,K-apt 마스터에 없음
11620,11620-4571,금강아미움(104동),장군봉1길 8,K-apt 마스터에 없음
11620,11620-4572,금강아미움(101동),장군봉1길 6,K-apt 마스터에 없음
11620,11620-4573,뉴그린아파트,관악로6길 99,K-apt 마스터에 없음
11620,11620-4583,아데나,신사로 82,K-apt 마스터에 없음
11620,11620-46,뉴서울,미성10길 64,K-apt 마스터에 없음
11620,11620-4609,하이파크,남현길 96,K-apt 마스터에 없음
11620,11620-4694,프라비다1,관악로17길 8,K-apt 마스터에 없음
11620,11620-47,동마,호암로 527,K-apt 마스터에 없음
11620,11620-4719,보라매해담채,신사로 134,K-apt 마스터에 없음
11620,11620-4720,서울대역마에스트로,남부순환로218길 1,K-apt 마스터에 없음
11620,11620-4732,코스모그린,봉천로12길 28,K-apt 마스터에 없음
11620,11620-4792,코스모블루,남부순환로220길 29,K-apt 마스터에 없음
11620,11620-4794,마에스트로캠퍼스타운,남부순환로 1773,K-apt 마스터에 없음
11620,11620-4818,서울대역해담채,관악로15길 23-12,K-apt 마스터에 없음
11620,11620-4875,삼성,난곡로63길 26,K-apt 마스터에 없음
11620,11620-4929,더블유에스타워,은천로 110,K-apt 마스터에 없음
11620,11620-4979,GS파크뷰,신림로 175,K-apt 마스터에 없음
11620,11620-5002,프라비다트라움,신림로65길 27,K-apt 마스터에 없음
11620,11620-5091,푸리마타운,관천로 38,K-apt 마스터에 없음
11620,11620-51,미래,미성길 15,K-apt 마스터에 없음
11620,11620-5115,대영,청림6길 16,K-apt 마스터에 없음
11620,11620-5183,프라비다M,남부순환로 1777-7,K-apt 마스터에 없음
11620,11620-5185,보라매스카이아파트(1739),관천로18길 32,K-apt 마스터에 없음
11620,11620-5276,신림큐브,신림로66길 42,K-apt 마스터에 없음
11620,11620-5481,관악태우미소가,행운1마길 2,K-apt 마스터에 없음
11620,11620-5487,라움아파트,승방길 90-1,K-apt 마스터에 없음
11620,11620-5546,다청림라인씨티,승방4길 20,K-apt 마스터에 없음
11620,11620-5554,더갤러리테라스,행운5길 20,K-apt 마스터에 없음
11620,11620-57,신동아,신림로11길 151,K-apt 마스터에 없음
11620,11620-5740,CLOUDAPT,남부순환로 1448,K-apt 마스터에 없음
11620,11620-5860,서울대입구한양아이클래스,쑥고개로 123,K-apt 마스터에 없음
11620,11620-59,신안,신림로58길 62-5,K-apt 마스터에 없음
11620,11620-5916,벨라루체아파트,남부순환로 1446,K-apt 마스터에 없음
11620,11620-5926,e편한세상서울대입구2단지,청룡16길 43,후보 2개 이상(모호)
11620,11620-5993,앰팰리스아파트,신림로 194,K-apt 마스터에 없음
11620,11620-6,그린,봉천로23다길 13,K-apt 마스터에 없음
11620,11620-6036,네스코수피아,승방4길 6,K-apt 마스터에 없음
11620,11620-6050,네스코수피아아파트,승방4길 2,K-apt 마스터에 없음
11620,11620-6055,신림스카이아파트,신림로 185,K-apt 마스터에 없음
11620,11620-6063,G밸리마인드,시흥대로 558-1,K-apt 마스터에 없음
11620,11620-6068,위드비엠3,난곡로65길 13,K-apt 마스터에 없음
11620,11620-6102,관악중앙하이츠포레,장군봉13길 14,K-apt 마스터에 없음
11620,11620-62,윤정,조원로14길 16,K-apt 마스터에 없음
11620,11620-6363,닷컴힐즈(1653-3),인헌1길 55-11,K-apt 마스터에 없음
11620,11620-6373,닷컴힐즈,남부순환로 1990-3,K-apt 마스터에 없음
11620,11620-6396,신림더루나,신림로63길 23,K-apt 마스터에 없음
11620,11620-64,청광,신림로3가길 45-24,K-apt 마스터에 없음
11620,11620-6410,서울대입구역더하이브센트럴,관악로 242-11,K-apt 마스터에 없음
11620,11620-66,태영,신림로 350,K-apt 마스터에 없음
11620,11620-7,낙성대현대(296),낙성대로 37,K-apt 마스터에 없음
11620,11620-70,한라타운아파트,난곡로47길 9,K-apt 마스터에 없음
11620,11620-72,산장그린,문성로38라길 7,K-apt 마스터에 없음
11620,11620-74,우민조원,조원로11길 24,K-apt 마스터에 없음
11620,11620-76,태성,남부순환로172길 41,K-apt 마스터에 없음
11620,11620-77,두영,문성로16나길 25,K-apt 마스터에 없음
11620,11620-79,에셀비전21,남부순환로166길 90,K-apt 마스터에 없음
11620,11620-80,신림2차현대,조원로13길 15,K-apt 마스터에 없음
11620,11620-81,예성그린캐슬1차,남현7길 20,K-apt 마스터에 없음
11620,11620-84,성원나이스,승방3가길 22,K-apt 마스터에 없음
11620,11620-8466,백상앨리츠,양녕로6길 99,K-apt 마스터에 없음
11620,11620-85,쎈트앤빌2,승방7길 11,K-apt 마스터에 없음
11620,11620-86,네스코뮤즈빌,승방1길 51,K-apt 마스터에 없음
11620,11620-87,르메이르강남타운1,남부순환로 2068,K-apt 마스터에 없음
11620,11620-90,문영마운틴,남부순환로260길 91,K-apt 마스터에 없음
11620,11620-91,예성2차그린캐슬,남현7길 3,K-apt 마스터에 없음
11620,11620-92,예성그린캐슬III,남현길 141,K-apt 마스터에 없음
11620,11620-96,로마아트빌,국회단지15길 39,K-apt 마스터에 없음
11620,11620-97,도영힐,은천로10길 32,K-apt 마스터에 없음
11620,11620-99,로마,남부순환로194길 7,K-apt 마스터에 없음
11650,11650-103,미주파스텔,잠원로 166-4,K-apt 마스터에 없음
11650,11650-105,보미리아파트,신반포로41길 55,K-apt 마스터에 없음
11650,11650-106,블루힐하우스,잠원로 85,K-apt 마스터에 없음
11650,11650-107,새서울맨션,강남대로99길 28,K-apt 마스터에 없음
11650,11650-118,신반포20,나루터로4길 60,K-apt 마스터에 없음
11650,11650-122,신반포25,잠원로 136,K-apt 마스터에 없음
11650,11650-135,월드메르디앙,신반포로45길 71,K-apt 마스터에 없음
11650,11650-137,잠원중앙하이츠(A동),잠원로3길 16,K-apt 마스터에 없음
11650,11650-138,잠원현대훼밀리,신반포로 261,K-apt 마스터에 없음
11650,11650-139,중앙하이츠,잠원로3길 20,K-apt 마스터에 없음
11650,11650-14,두진한아름,효령로67길 52,K-apt 마스터에 없음
11650,11650-148,한신진일빌라트,잠원로 132,K-apt 마스터에 없음
11650,11650-149,한신타운,나루터로4길 70-5,K-apt 마스터에 없음
11650,11650-156,금호베스트빌,나루터로 46,K-apt 마스터에 없음
11650,11650-157,대주피오레아파트,강남대로95길 56,K-apt 마스터에 없음
11650,11650-160,궁전,사평대로 142,K-apt 마스터에 없음
11650,11650-161,그랑빌,사평대로14길 23,K-apt 마스터에 없음
11650,11650-163,다우탑스빌라트,서초중앙로31길 14-10,K-apt 마스터에 없음
11650,11650-169,라인,서래로10길 26,K-apt 마스터에 없음
11650,11650-175,반포주공1단지,신반포로 9,K-apt 마스터에 없음
11650,11650-187,산호아파트,강남대로79길 52-9,K-apt 마스터에 없음
11650,11650-197,상지리츠빌(73-10),사평대로28길 62,K-apt 마스터에 없음
11650,11650-2,그린빌라트,명달로8길 11,K-apt 마스터에 없음
11650,11650-21,밀라텔쉐르빌,강남대로61길 17,K-apt 마스터에 없음
11650,11650-212,예당하우스,동광로42길 4,K-apt 마스터에 없음
11650,11650-228,테마하우스,서래로7길 7,K-apt 마스터에 없음
11650,11650-237,현대반포빌라트B,동광로39길 37,K-apt 마스터에 없음
11650,11650-253,금정노블,서래로2길 54-6,K-apt 마스터에 없음
11650,11650-255,장원빌라트,사평대로 90,K-apt 마스터에 없음
11650,11650-256,몽마르뜨빌(577-3),동광로 158,K-apt 마스터에 없음
11650,11650-258,태평아트,주흥길 77,K-apt 마스터에 없음
11650,11650-259,반포훼미리(101동),주흥11길 40,K-apt 마스터에 없음
11650,11650-260,삼성에이스빌,주흥길 44-6,K-apt 마스터에 없음
11650,11650-261,반포훼미리(103동),주흥17길 25,K-apt 마스터에 없음
11650,11650-264,공작빌라트,방배로5길 33,K-apt 마스터에 없음
11650,11650-266,그랑씨엘2000,방배로32길 72,K-apt 마스터에 없음
11650,11650-271,방배대우(562-1),효령로4길 56-29,K-apt 마스터에 없음
11650,11650-275,동광빌라트,방배로37길 49,K-apt 마스터에 없음
11650,11650-281,두원,청두곶길 14,K-apt 마스터에 없음
11650,11650-283,레베빌(798-1),방배로34길 89,K-apt 마스터에 없음
11650,11650-285,롯데아파트,효령로34길 25,K-apt 마스터에 없음
11650,11650-286,롯데빌라트2차,효령로36길 28,K-apt 마스터에 없음
11650,11650-288,멤피스빌,동광로30길 17,K-apt 마스터에 없음
11650,11650-291,금강프리빌,서초대로18길 6,K-apt 마스터에 없음
11650,11650-294,방배비젼21빌라트,방배로28길 46,K-apt 마스터에 없음
11650,11650-302,방배씨티(보성),서초대로23길 74,K-apt 마스터에 없음
11650,11650-303,비젼21(2차),방배로28길 40,K-apt 마스터에 없음
11650,11650-304,빌라도르,서초대로33길 67,K-apt 마스터에 없음
11650,11650-309,삼호1동~3동,방배로43길 21,K-apt 마스터에 없음
11650,11650-31,삼성서초가든스위트,서운로 122,K-apt 마스터에 없음
11650,11650-310,삼호2,방배로43길 30,K-apt 마스터에 없음
11650,11650-311,삼호3,방배로43길 30,K-apt 마스터에 없음
11650,11650-315,삼호한숲,방배로3길 10-3,K-apt 마스터에 없음
11650,11650-3169,방배아트e편한세상101,효령로2길 73,K-apt 마스터에 없음
11650,11650-3170,방배아트e-편한세상102,효령로2길 81,K-apt 마스터에 없음
11650,11650-3171,방배아트e-편한세상103,효령로2길 87,K-apt 마스터에 없음
11650,11650-3172,방배아트e편한세상104,효령로2길 97,K-apt 마스터에 없음
11650,11650-3173,방배아트e편한세상105,효령로2길 101,K-apt 마스터에 없음
11650,11650-3174,방배아트e-편한세상106,효령로2길 109,K-apt 마스터에 없음
11650,11650-3181,래미안방배에버뉴,동광로19길 51,K-apt 마스터에 없음
11650,11650-3183,빌라일두오모,방배로34길 102,K-apt 마스터에 없음
11650,11650-319,신구,효령로 69,K-apt 마스터에 없음
11650,11650-3203,브라운스톤효령아파트,효령로26길 15,K-apt 마스터에 없음
11650,11650-3205,양재한신휴플러스,강남대로 224,K-apt 마스터에 없음
11650,11650-321,신구하이텍빌리지,방배천로 118,K-apt 마스터에 없음
11650,11650-3212,효성빌라26동,동광로49길 78,K-apt 마스터에 없음
11650,11650-3217,강남태영데시앙루브,강남대로 455,K-apt 마스터에 없음
11650,11650-3219,신원아침도시(1420),남부순환로337가길 52,K-apt 마스터에 없음
11650,11650-3220,경남아너스빌,남부순환로323길 56-18,K-apt 마스터에 없음
11650,11650-3221,서초지웰,반포대로10길 35,K-apt 마스터에 없음
11650,11650-3223,서초네스피아B,명달로4길 68,K-apt 마스터에 없음
11650,11650-3226,더샾오데움(103동),반포대로7길 45,K-apt 마스터에 없음
11650,11650-3227,"더샾오데움(101,102동)",효령로46길 21,K-apt 마스터에 없음
11650,11650-3228,서초두산위브2,명달로 112,K-apt 마스터에 없음
11650,11650-3229,래미안서초5차,반포대로21길 67,K-apt 마스터에 없음
11650,11650-3230,서초레몬,서초중앙로 45,K-apt 마스터에 없음
11650,11650-3235,서초파라곤,서초대로74길 29,K-apt 마스터에 없음
11650,11650-3241,제이씨라디앙,반포대로22길 54,K-apt 마스터에 없음
11650,11650-3245,세양아르비채101동,서초대로 12,K-apt 마스터에 없음
11650,11650-3246,세양아르비채102동,방배천로 92,K-apt 마스터에 없음
11650,11650-325,신호,효령로 48,K-apt 마스터에 없음
11650,11650-3250,두산위브(1362),강남대로39길 5,K-apt 마스터에 없음
11650,11650-3251,더샾오데움(104동),반포대로5길 43,K-apt 마스터에 없음
11650,11650-3252,서초트레져,명달로 79,K-apt 마스터에 없음
11650,11650-3254,상지리츠빌(7),명달로13길 25,K-apt 마스터에 없음
11650,11650-3255,황실자이,서초대로 156,K-apt 마스터에 없음
11650,11650-3257,경남아너스빌201동,반포대로10길 42,K-apt 마스터에 없음
11650,11650-3260,서초프레스턴,명달로22길 81,K-apt 마스터에 없음
11650,11650-3261,상지리츠빌(10),명달로16길 17-5,K-apt 마스터에 없음
11650,11650-3262,현대빌리지,사임당로17길 56,K-apt 마스터에 없음
11650,11650-3263,래미안서초3차,명달로6길 24,K-apt 마스터에 없음
11650,11650-3269,현대타운,남부순환로356길 109,K-apt 마스터에 없음
11650,11650-3271,반포TS프리우스,서래로8길 30,K-apt 마스터에 없음
11650,11650-3276,서초쌍용플래티넘,서초중앙로 18,K-apt 마스터에 없음
11650,11650-3277,레미안서초6차(1520-9),반포대로21길 74,K-apt 마스터에 없음
11650,11650-3278,브라운스톤서초(1677-1),서초대로 334,K-apt 마스터에 없음
11650,11650-3280,프레스턴-2(1506-42),명달로22길 89,K-apt 마스터에 없음
11650,11650-3284,더샵서초,서초중앙로2길 21,K-apt 마스터에 없음
11650,11650-3286,서초동에지앙,서초대로64길 13,K-apt 마스터에 없음
11650,11650-3289,한신휴플러스,동작대로 112,K-apt 마스터에 없음
11650,11650-329,영지아트빌라,사평대로6길 118,K-apt 마스터에 없음
11650,11650-3293,서초8차상지리츠빌,명달로13길 7,K-apt 마스터에 없음
11650,11650-3299,방배아이파크,동광로3길 18,K-apt 마스터에 없음
11650,11650-33,서초녹원,사임당로17길 83,K-apt 마스터에 없음
11650,11650-330,영진,서초대로23길 64,K-apt 마스터에 없음
11650,11650-3301,서초벽산블루밍,효령로74길 56,K-apt 마스터에 없음
11650,11650-3304,현대테라하임102동,강남대로34길 19,K-apt 마스터에 없음
11650,11650-3308,서초에스케이뷰,반포대로21길 62,K-apt 마스터에 없음
11650,11650-3309,서초우방유쉘,서초대로46길 62,K-apt 마스터에 없음
11650,11650-3311,디오수페리움2,동작대로 108,K-apt 마스터에 없음
11650,11650-3313,선데일,동광로27길 67,K-apt 마스터에 없음
11650,11650-3316,대상파크빌,남부순환로317길 66,K-apt 마스터에 없음
11650,11650-3320,서초노빌리에,서초대로46길 96,K-apt 마스터에 없음
11650,11650-3321,극동스타클래스2,효령로67길 35,K-apt 마스터에 없음
11650,11650-3322,경남아너스빌(1608-8),효령로67길 32,K-apt 마스터에 없음
11650,11650-3323,보아스힐(701-4),주흥17길 22,K-apt 마스터에 없음
11650,11650-3325,SK리더스뷰(파스텔시티),방배천로 11,K-apt 마스터에 없음
11650,11650-3328,반포루이캐슬,반포대로39길 64-5,K-apt 마스터에 없음
11650,11650-3329,서초동아,효령로45길 7,K-apt 마스터에 없음
11650,11650-3331,삼환바우스,서초대로 340,K-apt 마스터에 없음
11650,11650-3332,루이스캐슬,효령로4길 10,K-apt 마스터에 없음
11650,11650-3338,방배서리풀힐스,방배로11길 35,K-apt 마스터에 없음
11650,11650-3339,동일하이빌,서초대로 240,K-apt 마스터에 없음
11650,11650-3341,서초타운트라팰리스,서초대로74길 23,K-apt 마스터에 없음
11650,11650-3343,방배디오슈페리움Ⅰ,서초대로 3-4,K-apt 마스터에 없음
11650,11650-3344,반포에스케이뷰,사평대로14길 12,K-apt 마스터에 없음
11650,11650-3347,한솔로이젠트,남부순환로 2614,K-apt 마스터에 없음
11650,11650-335,월드빌라트(798-5),동광로 126,K-apt 마스터에 없음
11650,11650-3350,신호그린빌,효령로 41,K-apt 마스터에 없음
11650,11650-3356,베로니스5차,사평대로6길 109-13,K-apt 마스터에 없음
11650,11650-3358,방배아크로타워,방배로13길 18,K-apt 마스터에 없음
11650,11650-336,월드빌라트(999),명달로 5-103,K-apt 마스터에 없음
11650,11650-3361,대경벨로체,남부순환로317길 68,K-apt 마스터에 없음
11650,11650-3362,(1617-21),서리풀길 14,K-apt 마스터에 없음
11650,11650-3369,Venessere,방배로32길 84,K-apt 마스터에 없음
11650,11650-337,월드빌리지,서초대로25길 76,K-apt 마스터에 없음
11650,11650-3385,반포2차ApelBaum,사평대로12길 22,K-apt 마스터에 없음
11650,11650-3393,서초한일유앤아이주상복합,사평대로56길 7,K-apt 마스터에 없음
11650,11650-34,서초대우,명달로 20,K-apt 마스터에 없음
11650,11650-3406,도무스,명달로 109,K-apt 마스터에 없음
11650,11650-3407,다이너스티힐,동광로27길 66,K-apt 마스터에 없음
11650,11650-3414,벨루체팰리스,동광로24길 22,K-apt 마스터에 없음
11650,11650-3416,베네쎄레,동광로27길 29-9,K-apt 마스터에 없음
11650,11650-342,방배임광3차,방배로2길 24-6,K-apt 마스터에 없음
11650,11650-343,정림,청두곶14길 5,K-apt 마스터에 없음
11650,11650-3430,엘리제빌,동광로33길 9,K-apt 마스터에 없음
11650,11650-3431,아델스빌1,동광로27길 84,K-apt 마스터에 없음
11650,11650-3436,노블씨티,동광로28길 30,K-apt 마스터에 없음
11650,11650-3437,현대쉴러하우스,서초대로23길 31,K-apt 마스터에 없음
11650,11650-3443,베로니스6차,동광로43길 58,K-apt 마스터에 없음
11650,11650-3450,데뜨아르,잠원로 46-4,K-apt 마스터에 없음
11650,11650-3451,서래아르드빌,사평대로26길 112,K-apt 마스터에 없음
11650,11650-3456,방배어울림,명달로1길 51,K-apt 마스터에 없음
11650,11650-3458,라온채,사평대로6길 74,K-apt 마스터에 없음
11650,11650-3471,서초두산위브트레지움,서운로 194,K-apt 마스터에 없음
11650,11650-3483,동아빌리지,반포대로19길 9-26,K-apt 마스터에 없음
11650,11650-35,서초동아타워,서운로 138,K-apt 마스터에 없음
11650,11650-350,청광아트빌(14차),남부순환로291길 5,K-apt 마스터에 없음
11650,11650-3525,잠원동상지리츠빌카일룸,잠원로 221-19,K-apt 마스터에 없음
11650,11650-3526,상지리츠빌7차,방배로28길 51,K-apt 마스터에 없음
11650,11650-3534,리치팰리스,동광로22길 29,K-apt 마스터에 없음
11650,11650-3543,나인빌,방배로32길 103-13,K-apt 마스터에 없음
11650,11650-3546,골드아트빌,서초대로3길 20,K-apt 마스터에 없음
11650,11650-3548,방배롯데캐슬로제,방배로26길 41,K-apt 마스터에 없음
11650,11650-3568,롯데캐슬메디치,서초중앙로 110,K-apt 마스터에 없음
11650,11650-357,청암,효령로 65,K-apt 마스터에 없음
11650,11650-359,탑빌라트,방배로42길 65,K-apt 마스터에 없음
11650,11650-36,서초로얄,사임당로14길 10,K-apt 마스터에 없음
11650,11650-3628,리베하임,효령로2길 132,K-apt 마스터에 없음
11650,11650-369,방배한화,효령로33길 66-31,K-apt 마스터에 없음
11650,11650-370,한화엘르빌,방배로26길 50,K-apt 마스터에 없음
11650,11650-372,현대맨션,방배로 12,K-apt 마스터에 없음
11650,11650-373,현대멤피스,방배로 239,K-apt 마스터에 없음
11650,11650-3748,서초네이처힐2단지,형촌길 15,K-apt 마스터에 없음
11650,11650-378,방배현대빌라트(999-2),명달로 5-121,K-apt 마스터에 없음
11650,11650-3820,훼미리타운,방배로19길 40,K-apt 마스터에 없음
11650,11650-3827,서초자연인아파트(101동),서운로9길 18,K-apt 마스터에 없음
11650,11650-3832,힐스나인빌리지,방배로32길 103-8,K-apt 마스터에 없음
11650,11650-3843,신사레전드,강남대로105길 8,K-apt 마스터에 없음
11650,11650-3858,UPPERHOUSE,사평대로12길 45,K-apt 마스터에 없음
11650,11650-3867,써니힐즈,방배로32길 109,K-apt 마스터에 없음
11650,11650-3886,서초자연인아파트(102동),서운로9길 18,K-apt 마스터에 없음
11650,11650-391,방배리치빌,효령로5길 9,K-apt 마스터에 없음
11650,11650-392,방배2차상지리츠빌,남부순환로297라길 9,K-apt 마스터에 없음
11650,11650-3926,한라비발디스튜디오193,강남대로39길 15-10,K-apt 마스터에 없음
11650,11650-394,비욘디에,사평대로6길 44,K-apt 마스터에 없음
11650,11650-3944,서초중흥S-클래스(도시형생활주택),효령로52길 63,K-apt 마스터에 없음
11650,11650-396,현대오페라하우스,동광로4길 15,K-apt 마스터에 없음
11650,11650-397,판테옹빌라,동광로24길 37,K-apt 마스터에 없음
11650,11650-398,렉스빌,방배로28길 80,K-apt 마스터에 없음
11650,11650-399,방배대우유로카운티,방배로28길 90,K-apt 마스터에 없음
11650,11650-4,서초금호어울림,명달로 10,K-apt 마스터에 없음
11650,11650-4006,서초한양수자인,서운로11길 23,K-apt 마스터에 없음
11650,11650-401,롯데캐슬파크(38),방배로18길 91,K-apt 마스터에 없음
11650,11650-403,멤버스빌,효령로23길 31,K-apt 마스터에 없음
11650,11650-404,네스코,청두곶길 78,K-apt 마스터에 없음
11650,11650-406,방배현대멤피스2,방배로 63,K-apt 마스터에 없음
11650,11650-4065,우솔마을서초리슈빌S아파트,양재대로2길 100-11,K-apt 마스터에 없음
11650,11650-407,서초이에스에이3차,명달로 15,K-apt 마스터에 없음
11650,11650-4072,urbanplace,효령로77길 30,K-apt 마스터에 없음
11650,11650-4075,르가든5차,동광로32길 8,K-apt 마스터에 없음
11650,11650-41,서초태동스위트,서초중앙로22길 78,K-apt 마스터에 없음
11650,11650-4139,연우,명달로8길 8,K-apt 마스터에 없음
11650,11650-414,뉴현대,언남10길 27,K-apt 마스터에 없음
11650,11650-4143,르가든6차,방배로34길 109,K-apt 마스터에 없음
11650,11650-418,미라보,강남대로34길 18,K-apt 마스터에 없음
11650,11650-4194,폴라씨엘로,방배로30길 42,K-apt 마스터에 없음
11650,11650-420,블루하이츠,동산로12길 13-16,K-apt 마스터에 없음
11650,11650-423,삼익양재빌라,양재천로23길 16,K-apt 마스터에 없음
11650,11650-424,새티스,강남대로6길 70,K-apt 마스터에 없음
11650,11650-430,아원데코빌,매헌로6길 46,K-apt 마스터에 없음
11650,11650-433,우성112,바우뫼로 103,K-apt 마스터에 없음
11650,11650-435,양재테크노빌,논현로11길 20,K-apt 마스터에 없음
11650,11650-44,서초한신리빙타워,효령로 237,K-apt 마스터에 없음
11650,11650-440,우성,바우뫼로 91,후보 2개 이상(모호)
11650,11650-4471,서초동프레스티지아파트,서운로11길 17,K-apt 마스터에 없음
11650,11650-45,서초한일,서초대로64길 31,K-apt 마스터에 없음
11650,11650-4514,서초블레스,효령로47길 11,K-apt 마스터에 없음
11650,11650-4516,"마제스타시티(힐스테이트서리풀101,102동)",서초대로38길 12,K-apt 마스터에 없음
11650,11650-4533,잠원시티아파트,신반포로23길 76,K-apt 마스터에 없음
11650,11650-4538,TheHerren,서초대로23길 106,K-apt 마스터에 없음
11650,11650-4570,서초훼미리하우스,효령로 89,K-apt 마스터에 없음
11650,11650-462,양재동현대,언남10길 7,K-apt 마스터에 없음
11650,11650-464,파크사이드,동산로6길 2,K-apt 마스터에 없음
11650,11650-465,다원아파트,강남대로8길 64,K-apt 마스터에 없음
11650,11650-468,그린씨티아파트1,동산로10길 19,K-apt 마스터에 없음
11650,11650-4693,방배마에스트로,서초대로 13,K-apt 마스터에 없음
11650,11650-472,프라임,논현로1길 43,K-apt 마스터에 없음
11650,11650-4745,서초노블레스아파트,강남대로39길 15-11,K-apt 마스터에 없음
11650,11650-476,대흥,강남대로30길 73-11,K-apt 마스터에 없음
11650,11650-4764,DK밸리뷰시티,반포대로14길 14,K-apt 마스터에 없음
11650,11650-4766,스톤힐스,동광로27길 104,K-apt 마스터에 없음
11650,11650-4769,방배 서리풀 그랑블,서초대로34가길 52,K-apt 마스터에 없음
11650,11650-4779,디아레나서초,효령로53길 24,K-apt 마스터에 없음
11650,11650-478,양재파크뷰,바우뫼로39길 88-3,K-apt 마스터에 없음
11650,11650-4798,서리풀래디앙아파트,방배로32길 49,K-apt 마스터에 없음
11650,11650-4807,서리풀프라젠아파트,서초대로23길 47,K-apt 마스터에 없음
11650,11650-4810,리시본하우스,남부순환로356길 88,K-apt 마스터에 없음
11650,11650-4822,비버리캐슬,반포대로9길 70,K-apt 마스터에 없음
11650,11650-483,한라,바우뫼로 33,K-apt 마스터에 없음
11650,11650-484,신동아아파트(2차),사임당로 130,K-apt 마스터에 없음
11650,11650-485,삼환나띠르빌(1002-9),명달로 33,K-apt 마스터에 없음
11650,11650-486,삼환나띠르빌(1002-10),명달로 33,K-apt 마스터에 없음
11650,11650-487,삼환나띠르빌(1002-11),명달로 33,K-apt 마스터에 없음
11650,11650-488,우성KBS(113동),바우뫼로 91,후보 2개 이상(모호)
11650,11650-4896,신반포중앙하이츠,신반포로23길 78-10,K-apt 마스터에 없음
11650,11650-4909,방배중앙센트레빌,방배중앙로 158,K-apt 마스터에 없음
11650,11650-4927,반포센트레빌아스테리움,사평대로 310-4,K-apt 마스터에 없음
11650,11650-4967,지에스타워,서초대로58길 18,K-apt 마스터에 없음
11650,11650-499,반포대우멤버스카운티,사평대로16길 14,K-apt 마스터에 없음
11650,11650-4996,DK밸리뷰서초2차,사임당로 34,K-apt 마스터에 없음
11650,11650-4997,더샵반포리버파크,사평대로 73,K-apt 마스터에 없음
11650,11650-50,서초현대타워아파트,강남대로 375,K-apt 마스터에 없음
11650,11650-501,신성리더스카운티,서초중앙로31길 6-11,K-apt 마스터에 없음
11650,11650-5012,서초자이르네,남부순환로323길 33,K-apt 마스터에 없음
11650,11650-502,프라임빌라트,서래로 5,K-apt 마스터에 없음
11650,11650-5023,강남월드메르디앙프레스티지,남부순환로350길 19-11,K-apt 마스터에 없음
11650,11650-505,방배대우멤버스카운티(809-17),방배로34길 20,K-apt 마스터에 없음
11650,11650-506,방배대우멤버스카운티,방배로32길 17-16,K-apt 마스터에 없음
11650,11650-507,방배대우멤버스카운티201,동광로22길 32,K-apt 마스터에 없음
11650,11650-508,방배트리플,동광로18길 16,K-apt 마스터에 없음
11650,11650-509,효산빌라트,방배로26길 44,K-apt 마스터에 없음
11650,11650-510,방배2차e-편한세상,서초대로33길 22,K-apt 마스터에 없음
11650,11650-5111,서초아트래디앙,반포대로18길 13-3,K-apt 마스터에 없음
11650,11650-5115,파세지아타,방배로6길 10-3,K-apt 마스터에 없음
11650,11650-513,방배대성유니드아파트,도구로 73,K-apt 마스터에 없음
11650,11650-514,네스코뮤즈빌(B),도구로 45-7,K-apt 마스터에 없음
11650,11650-515,네스코뮤즈빌(A),도구로 45-3,K-apt 마스터에 없음
11650,11650-5150,엘루크방배서리풀,효령로31길 31,K-apt 마스터에 없음
11650,11650-5157,바흐하우스반포캐슬,사평대로2길 19-9,K-apt 마스터에 없음
11650,11650-516,모닝아트빌,효령로21길 47,K-apt 마스터에 없음
11650,11650-517,서초동아이파크,효령로68길 38,K-apt 마스터에 없음
11650,11650-52,수광빌라트,서초대로60길 33,K-apt 마스터에 없음
11650,11650-522,서초예성그린캐슬,서초대로58길 26,K-apt 마스터에 없음
11650,11650-525,미영(101),논현로31길 24-15,K-apt 마스터에 없음
11650,11650-528,빌폴라리스,잠원로 221-25,K-apt 마스터에 없음
11650,11650-530,브라운스톤잠원,잠원로 46-38,K-apt 마스터에 없음
11650,11650-531,두산위브,반포대로 310,K-apt 마스터에 없음
11650,11650-532,현대이에스에이아파트,효령로77길 20,K-apt 마스터에 없음
11650,11650-534,쏠레뉴,고무래로10길 13,K-apt 마스터에 없음
11650,11650-535,반포동피카소빌,동광로41길 32-1,K-apt 마스터에 없음
11650,11650-537,반포샤인힐4차,동광로43길 4,K-apt 마스터에 없음
11650,11650-539,브리앙뜨3차,서래로1길 13,K-apt 마스터에 없음
11650,11650-541,반포서래빌,동광로 155,K-apt 마스터에 없음
11650,11650-542,반포이안애1차,동광로33길 15,K-apt 마스터에 없음
11650,11650-543,서초블랑빌,사평대로20길 25,K-apt 마스터에 없음
11650,11650-544,팔라디오,사평대로28길 55,K-apt 마스터에 없음
11650,11650-545,삼광,동광로46길 7-14,K-apt 마스터에 없음
11650,11650-548,써니힐,주흥17길 19,K-apt 마스터에 없음
11650,11650-549,반포훼미리(102동),주흥13길 38,K-apt 마스터에 없음
11650,11650-55,아이파크빌,반포대로5길 65,K-apt 마스터에 없음
11650,11650-555,서초코아,남부순환로317길 18-16,K-apt 마스터에 없음
11650,11650-557,애지앙,명달로4길 82,K-apt 마스터에 없음
11650,11650-558,스위트빌,명달로20길 39,K-apt 마스터에 없음
11650,11650-559,예림,효령로47길 18,K-apt 마스터에 없음
11650,11650-561,풍림아이원(101동),효령로67길 20,K-apt 마스터에 없음
11650,11650-562,한아름,남부순환로358길 72,K-apt 마스터에 없음
11650,11650-564,서희융창,남부순환로289길 16,K-apt 마스터에 없음
11650,11650-565,방배노블힐스,남부순환로297다길 17,K-apt 마스터에 없음
11650,11650-568,푸른마을,동광로1길 84,K-apt 마스터에 없음
11650,11650-574,노블하우스(803-8),방배로34길 75,K-apt 마스터에 없음
11650,11650-576,위너스,바우뫼로37길 42-5,K-apt 마스터에 없음
11650,11650-577,리벨루스(804-1),방배로34길 64,K-apt 마스터에 없음
11650,11650-579,레베빌2,서초대로33길 102,K-apt 마스터에 없음
11650,11650-581,비젼(103),남부순환로356길 95-10,K-apt 마스터에 없음
11650,11650-583,엘르빌,효령로34길 17,K-apt 마스터에 없음
11650,11650-584,노블하임,동광로 98,K-apt 마스터에 없음
11650,11650-585,방배블레스밸리,효령로34길 92,K-apt 마스터에 없음
11650,11650-586,비젼(102),바우뫼로39길 27,K-apt 마스터에 없음
11650,11650-588,아이리스,효령로34길 48,K-apt 마스터에 없음
11650,11650-589,방배신동아럭스빌,방배로1길 9,K-apt 마스터에 없음
11650,11650-591,비젼아파트101동,바우뫼로39길 39,K-apt 마스터에 없음
11650,11650-593,우면파크아파트,논현로1길 67,K-apt 마스터에 없음
11650,11650-595,새티스,남부순환로337가길 51-6,K-apt 마스터에 없음
11650,11650-597,더-클라스,논현로1길 23,K-apt 마스터에 없음
11650,11650-598,다솔멤버스,명달로22길 33,K-apt 마스터에 없음
11650,11650-600,옥스포드빌라트,명달로20길 25,K-apt 마스터에 없음
11650,11650-602,서초극동스타클래스,서리풀4길 43,K-apt 마스터에 없음
11650,11650-604,롯데캐슬스파,사임당로23길 12,K-apt 마스터에 없음
11650,11650-607,대성유니드,서초대로64길 36,K-apt 마스터에 없음
11650,11650-609,금강,강남대로2길 48,K-apt 마스터에 없음
11650,11650-61,월드빌라트,명달로16길 31-13,K-apt 마스터에 없음
11650,11650-611,방배샤인힐6차,동광로24길 45,K-apt 마스터에 없음
11650,11650-612,성진준빌라트,신반포로41길 31,K-apt 마스터에 없음
11650,11650-613,롯데캐슬포레스트,방배로28길 63,K-apt 마스터에 없음
11650,11650-615,방배아크빌,서초대로33길 52,K-apt 마스터에 없음
11650,11650-616,선영베스트,동광로24길 81,K-apt 마스터에 없음
11650,11650-620,롯데캐슬쥬피터,서운로6길 15-20,K-apt 마스터에 없음
11650,11650-621,방배타운하우스,방배중앙로 147,K-apt 마스터에 없음
11650,11650-623,샹보르,효령로67길 64,K-apt 마스터에 없음
11650,11650-624,현대홈타운,반포대로23길 71,K-apt 마스터에 없음
11650,11650-625,래미안서초4차,남부순환로317길 34,K-apt 마스터에 없음
11650,11650-626,더미켈란,명달로 91,K-apt 마스터에 없음
11650,11650-627,상지리츠빌8차,동광로27길 47,K-apt 마스터에 없음
11650,11650-630,브라운스톤방배,서초대로26길 19,K-apt 마스터에 없음
11650,11650-631,보아스방배,서초대로15길 67,K-apt 마스터에 없음
11650,11650-632,잠원아이비,강남대로95길 81,K-apt 마스터에 없음
11650,11650-635,현대아르빌,청두곶14길 32,K-apt 마스터에 없음
11650,11650-636,파라다이스(477-7),효령로4길 13,K-apt 마스터에 없음
11650,11650-637,방배홈타운(479-11),남부순환로287길 7,K-apt 마스터에 없음
11650,11650-639,명지해드는터,남부순환로297나길 13,K-apt 마스터에 없음
11650,11650-642,방배5차상지리츠빌,사평대로6길 106,K-apt 마스터에 없음
11650,11650-645,상지리츠빌4차(843-11),서초대로33길 84-24,K-apt 마스터에 없음
11650,11650-6458,호반써밋양재,강남대로 187,K-apt 마스터에 없음
11650,11650-646,상지리츠빌4차(843-13),서초대로33길 84-20,K-apt 마스터에 없음
11650,11650-6462,방배더유엘포레,효령로29길 16,K-apt 마스터에 없음
11650,11650-649,태림,방배로11길 17,K-apt 마스터에 없음
11650,11650-650,광해리드빌,방배로11길 49,K-apt 마스터에 없음
11650,11650-652,뉴캐슬,도구로 47,K-apt 마스터에 없음
11650,11650-653,신원아침도시,효령로34길 39,K-apt 마스터에 없음
11650,11650-654,방배동동양파라곤,남부순환로309길 67,K-apt 마스터에 없음
11650,11650-655,삼환나띠르빌(1002-7),명달로 33,K-apt 마스터에 없음
11650,11650-656,삼환나띠르빌(1002-21),명달로 33,K-apt 마스터에 없음
11650,11650-657,삼환나띠르빌(1002-22),명달로 33,K-apt 마스터에 없음
11650,11650-659,동부센트레빌,방배로 278,K-apt 마스터에 없음
11650,11650-661,양재테크노2차,바우뫼로43길 23,K-apt 마스터에 없음
11650,11650-664,광정,강남대로34길 82,K-apt 마스터에 없음
11650,11650-665,양재,강남대로34길 58,K-apt 마스터에 없음
11650,11650-667,메르디안하우스,양재천로17길 11,K-apt 마스터에 없음
11650,11650-669,서초파크빌,강남대로16길 37,K-apt 마스터에 없음
11650,11650-673,동원,강남대로2길 38,K-apt 마스터에 없음
11650,11650-674,인랜드,강남대로2길 96,K-apt 마스터에 없음
11650,11650-676,리치스,동산로14길 17,K-apt 마스터에 없음
11650,11650-678,더-클라스(402-8),논현로1길 25,K-apt 마스터에 없음
11650,11650-679,새티스(402-10),논현로1길 33,K-apt 마스터에 없음
11650,11650-680,휴먼씨티,논현로1길 49,K-apt 마스터에 없음
11650,11650-684,대성유니드,고무래로10길 28,K-apt 마스터에 없음
11650,11650-686,골드넷멤버스빌리지,서래로2길 29,K-apt 마스터에 없음
11650,11650-688,리더스빌,동광로41길 14,K-apt 마스터에 없음
11650,11650-690,상지리츠빌2차,사평대로20길 113,K-apt 마스터에 없음
11650,11650-691,반포대우멤버스카운티2차,사평대로20길 79,K-apt 마스터에 없음
11650,11650-692,그랜드빌(100-8),사평대로20길 99,K-apt 마스터에 없음
11650,11650-693,정광아파트,사평대로18길 19,K-apt 마스터에 없음
11650,11650-694,브리앙뜨,사평대로16길 33,K-apt 마스터에 없음
11650,11650-699,반포쎄레노아파트,주흥3길 17,K-apt 마스터에 없음
11650,11650-70,초원현대,효령로68길 105,K-apt 마스터에 없음
11650,11650-700,현대성우주상복합아파트,강남대로61길 23,K-apt 마스터에 없음
11650,11650-702,우정에쉐르,서운로3길 29,K-apt 마스터에 없음
11650,11650-704,신원아침도시(1434),남부순환로337가길 51-9,K-apt 마스터에 없음
11650,11650-705,월드메르디앙(오페라),반포대로4길 24,K-apt 마스터에 없음
11650,11650-707,새티스2,반포대로3길 48,K-apt 마스터에 없음
11650,11650-710,상지리츠빌(1),명달로11길 31,K-apt 마스터에 없음
11650,11650-711,리안하우스,명달로11길 6,K-apt 마스터에 없음
11650,11650-713,상지리츠빌(6),명달로13길 21,K-apt 마스터에 없음
11650,11650-716,서초화원그랑빌,반포대로21길 27,K-apt 마스터에 없음
11650,11650-717,N-Suite102동(1511-3),명달로22길 64,K-apt 마스터에 없음
11650,11650-718,N-Suite101동(1511-6),명달로22길 64,K-apt 마스터에 없음
11650,11650-719,N-Suite(1513-2),명달로22길 42,K-apt 마스터에 없음
11650,11650-72,트라움하우스2,명달로17길 32,K-apt 마스터에 없음
11650,11650-723,상지리츠빌(1617-13),서리풀4길 36,K-apt 마스터에 없음
11650,11650-728,잠원동트루빌,신반포로41길 50,K-apt 마스터에 없음
11650,11650-729,해청3차,남부순환로356길 82,K-apt 마스터에 없음
11650,11650-73,트라움하우스3,명달로 97-14,K-apt 마스터에 없음
11650,11650-730,베누시아,강남대로30길 32-33,K-apt 마스터에 없음
11650,11650-731,성영,매헌로6길 42,K-apt 마스터에 없음
11650,11650-732,방배3차현대홈타운,방배중앙로21길 55,K-apt 마스터에 없음
11650,11650-733,상지리츠빌6차,서초대로33길 84-28,K-apt 마스터에 없음
11650,11650-734,햄프턴코트,서초중앙로2길 48,K-apt 마스터에 없음
11650,11650-739,서초아파트,강남대로45길 16-4,K-apt 마스터에 없음
11650,11650-741,서초동현대리츠빌,강남대로43길 51,K-apt 마스터에 없음
11650,11650-746,하늘바람,사평대로12길 65,K-apt 마스터에 없음
11650,11650-752,베로니스2차,서초대로33길 116,K-apt 마스터에 없음
11650,11650-753,티에스프리우스,서초중앙로12길 19,K-apt 마스터에 없음
11650,11650-754,상지리츠빌(4),명달로11길 29-3,K-apt 마스터에 없음
11650,11650-755,서초대림빌라트,명달로16길 17-4,K-apt 마스터에 없음
11650,11650-756,방배대우멤버스카운티301,방배로30길 41,K-apt 마스터에 없음
11650,11650-757,프레스턴(1-62),동광로27길 38,K-apt 마스터에 없음
11650,11650-761,프리우스,방배로30길 84,K-apt 마스터에 없음
11650,11650-762,방배CJ나인빌1차,방배로18길 57-13,K-apt 마스터에 없음
11650,11650-763,방배CJ나인빌2차,방배로18길 57-3,K-apt 마스터에 없음
11650,11650-764,한진로즈힐,서초대로1길 2,K-apt 마스터에 없음
11650,11650-765,길명오퍼스,강남대로30길 51-3,K-apt 마스터에 없음
11650,11650-766,반포서래월드메르디앙스칼라아파트B동,반포대로39길 69,K-apt 마스터에 없음
11650,11650-767,반포서래월드메르디앙스칼라아파트A동,반포대로39길 63-8,K-apt 마스터에 없음
11650,11650-769,프레스턴클레식,동광로27길 91,K-apt 마스터에 없음
11650,11650-772,서초로즈힐,효령로45길 15,K-apt 마스터에 없음
11650,11650-81,현대빌라트,명달로17길 40,K-apt 마스터에 없음
11650,11650-827,이연아마빌레,동광로 62,K-apt 마스터에 없음
11650,11650-828,성지라빌레뜨B,방배로30길 83,K-apt 마스터에 없음
11650,11650-829,반포파크빌,신반포로15길 33,K-apt 마스터에 없음
11650,11650-83,현대서초3,사임당로23길 58,K-apt 마스터에 없음
11650,11650-830,덕동반포빌라트,동광로49길 89,K-apt 마스터에 없음
11650,11650-831,APELBAUM,동광로43길 14-30,K-apt 마스터에 없음
11650,11650-834,현대임페리움,효령로67길 71-6,K-apt 마스터에 없음
11650,11650-835,멤버스카운티601,동광로28길 23,K-apt 마스터에 없음
11650,11650-841,브라운스톤로얄스위트서초,명달로15길 5,K-apt 마스터에 없음
11650,11650-88,동원베네스트아파트,서운로9길 63,K-apt 마스터에 없음
11650,11650-93,한성,반포대로21길 46,K-apt 마스터에 없음
11650,11650-96,서초힐하우스,서리풀길 28,K-apt 마스터에 없음
11650,11650-98,노블레스,신반포로 287,K-apt 마스터에 없음
11680,11680-1,강남상가,압구정로2길 46,K-apt 마스터에 없음
11680,11680-101,한신오페라하우스,삼성로135길 47,K-apt 마스터에 없음
11680,11680-104,거평프리젠,강남대로112길 41,후보 2개 이상(모호)
11680,11680-105,경남논현,언주로116길 12,K-apt 마스터에 없음
11680,11680-108,네오빌,강남대로132길 42,K-apt 마스터에 없음
11680,11680-124,삼성빌라트,학동로31길 29,K-apt 마스터에 없음
11680,11680-128,세호시티라이프,강남대로128길 27,K-apt 마스터에 없음
11680,11680-132,신동아,논현로118길 17,K-apt 마스터에 없음
11680,11680-1327,(828-21),테헤란로10길 25,K-apt 마스터에 없음
11680,11680-1364,아람손프라자/비바빌,논현로2길 22,K-apt 마스터에 없음
11680,11680-137,논현빌라트,선릉로137길 6,K-apt 마스터에 없음
11680,11680-141,"청학아파트에이동,비동,씨동",도산대로 232,K-apt 마스터에 없음
11680,11680-15,신사동씨티빌,강남대로162길 27-26,K-apt 마스터에 없음
11680,11680-155,현대인텔렉스,언주로 620,K-apt 마스터에 없음
11680,11680-16,대성아파트,논현로151길 45,K-apt 마스터에 없음
11680,11680-160,논현한가람빌라트,도산대로50길 54,K-apt 마스터에 없음
11680,11680-161,우민,언주로136길 21,K-apt 마스터에 없음
11680,11680-164,테크노빌라트,선릉로111길 38-16,K-apt 마스터에 없음
11680,11680-17,신사동닛시빌라트,압구정로42길 46,K-apt 마스터에 없음
11680,11680-171,삼부아파트102동,봉은사로111길 34,K-apt 마스터에 없음
11680,11680-172,강변삼부아파트,봉은사로113길 25,K-apt 마스터에 없음
11680,11680-179,세방타운하우스,삼성로120길 21,K-apt 마스터에 없음
11680,11680-18,알파임하우스1,언주로164길 20,K-apt 마스터에 없음
11680,11680-180,삼성파크,삼성로99길 14,K-apt 마스터에 없음
11680,11680-187,진흥아파트,학동로88길 5,K-apt 마스터에 없음
11680,11680-190,푸른솔아파트1동,학동로 420,K-apt 마스터에 없음
11680,11680-192,삼성풍림2차아파트,봉은사로105길 12-7,K-apt 마스터에 없음
11680,11680-193,풍림,테헤란로77길 22,K-apt 마스터에 없음
11680,11680-199,호산프라자,선릉로 604,K-apt 마스터에 없음
11680,11680-210,삼성3차,도곡로78길 13,K-apt 마스터에 없음
11680,11680-213,세영팔레스타운,영동대로65길 57,K-apt 마스터에 없음
11680,11680-22,현대빌라트,압구정로29길 49,K-apt 마스터에 없음
11680,11680-230,메트로,삼성로75길 34,K-apt 마스터에 없음
11680,11680-231,세연파크뷰,삼성로63길 16-5,K-apt 마스터에 없음
11680,11680-233,거평빌라트,도곡로17길 12,K-apt 마스터에 없음
11680,11680-235,네스빌(728-10),테헤란로28길 47,K-apt 마스터에 없음
11680,11680-236,대림역삼,언주로 316,K-apt 마스터에 없음
11680,11680-24,구산,도산대로101길 34,K-apt 마스터에 없음
11680,11680-248,리치타워,논현로105길 52,K-apt 마스터에 없음
11680,11680-25,골든아트빌,삼성로135길 28,K-apt 마스터에 없음
11680,11680-26,뉴현대리버빌,영동대로142길 7,K-apt 마스터에 없음
11680,11680-260,풍림지오빌,테헤란로5길 36,K-apt 마스터에 없음
11680,11680-261,명인갤러리,언주로75길 22,K-apt 마스터에 없음
11680,11680-263,역삼카이스아파트,도곡로7길 23,K-apt 마스터에 없음
11680,11680-265,역삼동칼라,논현로101길 6,K-apt 마스터에 없음
11680,11680-266,로얄빌리지,테헤란로21길 18,K-apt 마스터에 없음
11680,11680-267,역삼동하나빌,봉은사로 312,K-apt 마스터에 없음
11680,11680-269,세방하이빌1,역삼로 240,K-apt 마스터에 없음
11680,11680-27,대우리츠카운티,도산대로83길 35,K-apt 마스터에 없음
11680,11680-273,공간쉐르빌,언주로63길 32,K-apt 마스터에 없음
11680,11680-274,트레벨,도곡로57길 9-7,K-apt 마스터에 없음
11680,11680-290,개포주공6단지,개포로 516,후보 2개 이상(모호)
11680,11680-295,개포현대200동,언주로 105,K-apt 마스터에 없음
11680,11680-298,개포현대6차,개포로15길 32-8,K-apt 마스터에 없음
11680,11680-30,목화,도산대로85길 53,K-apt 마스터에 없음
11680,11680-302,삼성,개포로124길 27,K-apt 마스터에 없음
11680,11680-3176,학동,논현로124길 28,K-apt 마스터에 없음
11680,11680-322,대림,논현로41길 10,K-apt 마스터에 없음
11680,11680-326,럭키(462),남부순환로 2740,K-apt 마스터에 없음
11680,11680-329,벨라빌,남부순환로375길 6,K-apt 마스터에 없음
11680,11680-331,삼성래미안,남부순환로 2803,K-apt 마스터에 없음
11680,11680-341,우성캐릭터빌,언주로 122,K-apt 마스터에 없음
11680,11680-3479,도곡하이빌,남부순환로363길 9-6,K-apt 마스터에 없음
11680,11680-351,현대아파트1동~3동,도곡로18길 35,K-apt 마스터에 없음
11680,11680-355,도곡현대힐스테이트103동,남부순환로379길 19,K-apt 마스터에 없음
11680,11680-356,도곡현대힐스테이트101동,남부순환로379길 15,K-apt 마스터에 없음
11680,11680-3570,역삼동월드메르디앙,도곡로21길 15,K-apt 마스터에 없음
11680,11680-3575,한신오페라하우스2차,학동로63길 14,K-apt 마스터에 없음
11680,11680-3577,대우멤버스카운티501,봉은사로55길 36,K-apt 마스터에 없음
11680,11680-3578,대우멤버스카운티301,봉은사로57길 33,K-apt 마스터에 없음
11680,11680-3581,시티(B동),봉은사로109길 66-7,K-apt 마스터에 없음
11680,11680-3583,삼성웰피아,테헤란로77길 31,K-apt 마스터에 없음
11680,11680-3600,파크힐,도곡로14길 14-1,K-apt 마스터에 없음
11680,11680-3613,도곡푸르지오,강남대로54길 6,K-apt 마스터에 없음
11680,11680-3624,래미안삼성1차(105-0),영동대로114길 56,후보 2개 이상(모호)
11680,11680-3626,강남한솔,도곡로19길 17,K-apt 마스터에 없음
11680,11680-3628,블루밍하우스,학동로82길 25,K-apt 마스터에 없음
11680,11680-3632,레미안삼성1차(101동),영동대로114길 56,후보 2개 이상(모호)
11680,11680-3633,청담2차이-편한세상(204동),도산대로70길 43,K-apt 마스터에 없음
11680,11680-3635,현대삼성동1차,삼성로120길 52-5,K-apt 마스터에 없음
11680,11680-3645,삼성동신영지웰,봉은사로 448,K-apt 마스터에 없음
11680,11680-3651,래미안삼성1차(103-22),영동대로114길 56,후보 2개 이상(모호)
11680,11680-3659,이니그마빌-III,남부순환로373길 21,K-apt 마스터에 없음
11680,11680-366,도곡현대힐스테이트102동,남부순환로377길 18,K-apt 마스터에 없음
11680,11680-3660,우찬현대(1260-2),개포로31길 9-9,K-apt 마스터에 없음
11680,11680-3661,우찬현대(1260-4),개포로31길 9-5,K-apt 마스터에 없음
11680,11680-3665,영무예다음,봉은사로72길 33,K-apt 마스터에 없음
11680,11680-3667,동양파라곤,학동로97길 31,K-apt 마스터에 없음
11680,11680-3670,프리우스역삼101동,강남대로94길 51-14,K-apt 마스터에 없음
11680,11680-3672,신성미소시티,역삼로 451,K-apt 마스터에 없음
11680,11680-3673,신사아이빌(522),압구정로2길 15,K-apt 마스터에 없음
11680,11680-368,삼호빌라B동,도산대로83길 49,K-apt 마스터에 없음
11680,11680-3683,역삼디오슈페리움,강남대로 324,K-apt 마스터에 없음
11680,11680-3685,상지리츠빌카일룸2차,압구정로79길 87,K-apt 마스터에 없음
11680,11680-3686,래미안삼성1차(201동),영동대로114길 56,후보 2개 이상(모호)
11680,11680-369,상지리츠빌4B,압구정로77길 39,K-apt 마스터에 없음
11680,11680-3690,논현프라임아파트,봉은사로11길 11,K-apt 마스터에 없음
11680,11680-3697,선릉역풍림아이원레몬,테헤란로64길 13,K-apt 마스터에 없음
11680,11680-3698,삼환SOGOOD,도곡로 413,K-apt 마스터에 없음
11680,11680-370,상지리츠빌5B,도산대로101길 17-5,K-apt 마스터에 없음
11680,11680-3704,청담2차이-편한세상(205동),도산대로78길 51,K-apt 마스터에 없음
11680,11680-3705,한화꿈에그린2차,봉은사로21길 19,K-apt 마스터에 없음
11680,11680-3709,채널리저브,삼성로 517,K-apt 마스터에 없음
11680,11680-371,개포2차현대아파트(220),언주로 103,K-apt 마스터에 없음
11680,11680-3712,상지리츠빌역삼2차,도곡로43길 37,K-apt 마스터에 없음
11680,11680-3721,쎄비앙102동,역삼로34길 25,K-apt 마스터에 없음
11680,11680-3730,논현동월드메르디앙,학동로38길 22,K-apt 마스터에 없음
11680,11680-3731,도곡스타클래스,남부순환로 2615,K-apt 마스터에 없음
11680,11680-3740,RudenHouse,강남대로162길 41-8,K-apt 마스터에 없음
11680,11680-3755,리갈팰리스,도산대로35길 46,K-apt 마스터에 없음
11680,11680-3773,청담3차이-편한세상(301동),선릉로132길 54,K-apt 마스터에 없음
11680,11680-3779,아펠바움,영동대로114길 72,K-apt 마스터에 없음
11680,11680-378,한양1차(영동한양),압구정로 321,K-apt 마스터에 없음
11680,11680-3780,하이캐슬,삼성로64길 40,K-apt 마스터에 없음
11680,11680-380,한양3,압구정로 321,K-apt 마스터에 없음
11680,11680-3803,조이너스도곡,강남대로48길 24,K-apt 마스터에 없음
11680,11680-3814,예지인,테헤란로10길 42,K-apt 마스터에 없음
11680,11680-3819,아델하우스,학동로82길 29,K-apt 마스터에 없음
11680,11680-383,한양8(81동한개동),압구정로 403,K-apt 마스터에 없음
11680,11680-384,한양7,압구정로61길 37,K-apt 마스터에 없음
11680,11680-3840,네오블로썸,선릉로112길 47,K-apt 마스터에 없음
11680,11680-3843,논현웰스톤,학동로43길 38,K-apt 마스터에 없음
11680,11680-3844,로체샤르캐슬,언주로136길 16,K-apt 마스터에 없음
11680,11680-3855,상지리츠빌카일룸3차,압구정로79길 72,K-apt 마스터에 없음
11680,11680-3860,삼성동브라운스톤레전드,선릉로 660,K-apt 마스터에 없음
11680,11680-3861,로덴하우스이스트빌리지,남부순환로378길 9,K-apt 마스터에 없음
11680,11680-3862,로덴하우스웨스트빌리지,남부순환로378길 11,K-apt 마스터에 없음
11680,11680-3863,빌폴라리스,압구정로79길 76,K-apt 마스터에 없음
11680,11680-3879,도곡지웰카운티101동,남부순환로373길 3,K-apt 마스터에 없음
11680,11680-3881,청담파라곤Ⅱ2단지,선릉로190길 68,K-apt 마스터에 없음
11680,11680-3899,마크힐스이스트윙,영동대로142길 19,K-apt 마스터에 없음
11680,11680-39,삼호빌라A동,도산대로83길 43,K-apt 마스터에 없음
11680,11680-3923,삼성동신도브래뉴,삼성로103길 12,K-apt 마스터에 없음
11680,11680-394,풍림아이원아파트,역삼로 436,K-apt 마스터에 없음
11680,11680-3946,청담4차이-편한세상,학동로73길 33,K-apt 마스터에 없음
11680,11680-395,풍림아이원1차103동(910-5),역삼로 438,K-apt 마스터에 없음
11680,11680-3958,이산,논현로111길 34,K-apt 마스터에 없음
11680,11680-396,풍림아이원2차202동,역삼로74길 8,K-apt 마스터에 없음
11680,11680-3981,상지리츠빌카일룸(1009-4),도곡로 603,K-apt 마스터에 없음
11680,11680-399,롯데캐슬모닝,도곡로14길 12,K-apt 마스터에 없음
11680,11680-40,삼호빌라씨동,도산대로83길 55,K-apt 마스터에 없음
11680,11680-401,미켈란107,영동대로 602,K-apt 마스터에 없음
11680,11680-402,아셈,영동대로112길 22,K-apt 마스터에 없음
11680,11680-403,쌍용플래티넘,봉은사로 474,K-apt 마스터에 없음
11680,11680-4036,대명벨리온,역삼로25길 27,K-apt 마스터에 없음
11680,11680-404,포스코트,봉은사로 510,K-apt 마스터에 없음
11680,11680-4050,강남서해그랑블,논현로63길 16,K-apt 마스터에 없음
11680,11680-4069,요진와이시티미니,역삼로25길 21,K-apt 마스터에 없음
11680,11680-407,삼부아그레빌,영동대로114길 63,K-apt 마스터에 없음
11680,11680-4082,상지리츠빌카일룸(65-4),삼성로 636,K-apt 마스터에 없음
11680,11680-4096,논현라폴리움,학동로46길 32,K-apt 마스터에 없음
11680,11680-410,역삼르비앙1,도곡로11길 13,K-apt 마스터에 없음
11680,11680-412,영풍마드레빌,학동로63길 13,K-apt 마스터에 없음
11680,11680-4129,EGSoulLeader,테헤란로14길 34,K-apt 마스터에 없음
11680,11680-417,현대3차(61~64동),압구정로39길 58,K-apt 마스터에 없음
11680,11680-418,현대4차저층(51~56동),압구정로33길 70,K-apt 마스터에 없음
11680,11680-419,"현대5차(71,72동)",압구정로29길 68,K-apt 마스터에 없음
11680,11680-4197,삼성동라테라스,봉은사로 645,K-apt 마스터에 없음
11680,11680-420,"현대6차(78~81,83,84,86,87동)",압구정로 201,K-apt 마스터에 없음
11680,11680-4202,한양수자인어반게이트,봉은사로29길 35,K-apt 마스터에 없음
11680,11680-421,"현대7차(73~77,82,85동)",압구정로 201,K-apt 마스터에 없음
11680,11680-4218,엘에이치삼성도시형생활주택,영동대로112길 46,K-apt 마스터에 없음
11680,11680-427,현대13차(208~211동),압구정로29길 23,K-apt 마스터에 없음
11680,11680-428,"현대14차(203,204,205,206동)",압구정로29길 57,K-apt 마스터에 없음
11680,11680-4284,청담신원아침도시마인,도산대로85길 30,K-apt 마스터에 없음
11680,11680-431,비쥬힐,학동로21길 23,K-apt 마스터에 없음
11680,11680-4317,이스턴오피스텔,테헤란로14길 13,K-apt 마스터에 없음
11680,11680-432,지고하임(101동),학동로9길 21,K-apt 마스터에 없음
11680,11680-433,필로스(193-45),남부순환로381길 57,K-apt 마스터에 없음
11680,11680-434,LG선릉에클라트(A),선릉로100길 42,K-apt 마스터에 없음
11680,11680-435,우성리빙텔,언주로30길 27,K-apt 마스터에 없음
11680,11680-4359,청담아르지움,삼성로135길 15,K-apt 마스터에 없음
11680,11680-436,연세리버테라스,선릉로190길 64,K-apt 마스터에 없음
11680,11680-4364,청담스위트,학동로73길 13,K-apt 마스터에 없음
11680,11680-439,은탑리더스카운티,학동로9길 15,K-apt 마스터에 없음
11680,11680-4394,래미안대치팰리스,삼성로51길 35,K-apt 마스터에 없음
11680,11680-4399,강남한신휴플러스8단지,밤고개로27길 20,K-apt 마스터에 없음
11680,11680-441,요진보네르,학동로5길 20,K-apt 마스터에 없음
11680,11680-442,월드쉐르빌,강남대로124길 51,K-apt 마스터에 없음
11680,11680-444,논현아트빌,논현로124길 7,K-apt 마스터에 없음
11680,11680-447,한양팰리스,삼성로61길 9,K-apt 마스터에 없음
11680,11680-449,상지리츠빌,개포로 405,K-apt 마스터에 없음
11680,11680-450,신동아빌라트,도산대로81길 61,K-apt 마스터에 없음
11680,11680-452,우찬,압구정로18길 14-12,K-apt 마스터에 없음
11680,11680-454,청담파크빌,학동로 437-5,K-apt 마스터에 없음
11680,11680-4542,현대썬앤빌테헤란,삼성로85길 33,K-apt 마스터에 없음
11680,11680-4584,더갤러리파크,영동대로141길 14,K-apt 마스터에 없음
11680,11680-459,프리마빌,역삼로25길 17,K-apt 마스터에 없음
11680,11680-46,상지리츠빌6,도산대로85길 52,K-apt 마스터에 없음
11680,11680-461,노블스위트,역삼로19길 14,K-apt 마스터에 없음
11680,11680-463,노블카운티,도곡로19길 13,K-apt 마스터에 없음
11680,11680-4643,청담디에브스아파트,도산대로92길 28,K-apt 마스터에 없음
11680,11680-4653,청담린든그로브,학동로97길 51,K-apt 마스터에 없음
11680,11680-4655,프리빌리지,언주로81길 28,K-apt 마스터에 없음
11680,11680-4667,동원스위트뷰역삼,역삼로19길 25,K-apt 마스터에 없음
11680,11680-467,지고하임(102동),강남대로136길 40,K-apt 마스터에 없음
11680,11680-469,마블하우스,봉은사로51길 36,K-apt 마스터에 없음
11680,11680-471,하이페리온,도곡로4길 31,K-apt 마스터에 없음
11680,11680-4730,더원센트럴,학동로53길 3-8,K-apt 마스터에 없음
11680,11680-4756,라테라스청담,학동로81길 9,K-apt 마스터에 없음
11680,11680-476,대우로얄카운티2,도산대로81길 26,K-apt 마스터에 없음
11680,11680-4763,이지마루역삼,테헤란로27길 8-14,K-apt 마스터에 없음
11680,11680-477,리더스,논현로2길 62,K-apt 마스터에 없음
11680,11680-479,포이벨리,양재대로 379,K-apt 마스터에 없음
11680,11680-4802,효성빌라청담101(B동),압구정로71길 28,K-apt 마스터에 없음
11680,11680-483,청담그랑빌,학동로77길 5,K-apt 마스터에 없음
11680,11680-485,진흥아마란스,언주로157길 23,K-apt 마스터에 없음
11680,11680-4862,청담어퍼하우스,학동로81길 28,K-apt 마스터에 없음
11680,11680-4863,강남웅진베어스빌,도곡로 113,K-apt 마스터에 없음
11680,11680-4871,BRUNNEN청담,도산대로99길 68,K-apt 마스터에 없음
11680,11680-49,씨티2차(202동),선릉로190길 90,K-apt 마스터에 없음
11680,11680-490,역삼예명,봉은사로34길 53,K-apt 마스터에 없음
11680,11680-4909,PH129,압구정로79길 88,K-apt 마스터에 없음
11680,11680-4911,논현아이파크,언주로 615,K-apt 마스터에 없음
11680,11680-4914,에비뉴나인티,도산대로59길 24,K-apt 마스터에 없음
11680,11680-493,역삼우정에쉐르2,테헤란로48길 10,K-apt 마스터에 없음
11680,11680-494,우정에쉐르멤버스,선릉로87길 14,K-apt 마스터에 없음
11680,11680-4957,시티프라디움더강남201동,언주로 555,K-apt 마스터에 없음
11680,11680-4958,시티프라디움더강남101동,언주로 557,K-apt 마스터에 없음
11680,11680-496,브라운스톤역삼,역삼로 171,K-apt 마스터에 없음
11680,11680-498,상지리츠빌(2호라인),언주로 322,K-apt 마스터에 없음
11680,11680-4994,펜트힐루논현,언주로 641,K-apt 마스터에 없음
11680,11680-50,씨티2차(201동),선릉로190길 92,K-apt 마스터에 없음
11680,11680-500,경일역삼,논현로72길 32,K-apt 마스터에 없음
11680,11680-5002,브르넨삼성,영동대로122길 2,K-apt 마스터에 없음
11680,11680-5015,개포더샵트리에,개포로 311,후보 2개 이상(모호)
11680,11680-5027,한양립스,선릉로92길 37-4,K-apt 마스터에 없음
11680,11680-503,강남역우정에쉐르,테헤란로10길 10,K-apt 마스터에 없음
11680,11680-504,역삼동우정에쉐르1,테헤란로4길 32,K-apt 마스터에 없음
11680,11680-5042,효성빌라청담101(2차),압구정로75길 27,K-apt 마스터에 없음
11680,11680-5045,도곡루아르,도곡로 128,K-apt 마스터에 없음
11680,11680-5065,브라이튼N40,논현로131길 44,K-apt 마스터에 없음
11680,11680-508,SM드림빌,봉은사로61길 34,K-apt 마스터에 없음
11680,11680-5083,대치더클래스,삼성로51길 10-14,K-apt 마스터에 없음
11680,11680-509,대우멤버스카운티201,봉은사로57길 37,K-apt 마스터에 없음
11680,11680-5100,개포자이르네,언주로7길 6,K-apt 마스터에 없음
11680,11680-511,그라나다,선릉로112길 74,K-apt 마스터에 없음
11680,11680-5114,펜트힐캐스케이드,언주로 720,K-apt 마스터에 없음
11680,11680-513,삼성리치빌1,학동로82길 6,K-apt 마스터에 없음
11680,11680-518,삼성오네뜨,테헤란로79길 42,K-apt 마스터에 없음
11680,11680-521,이안애2차,테헤란로77길 27,K-apt 마스터에 없음
11680,11680-525,미켈란147,봉은사로 516,K-apt 마스터에 없음
11680,11680-5257,아츠논현,언주로 624,K-apt 마스터에 없음
11680,11680-526,아름빌(889-74),선릉로86길 11,K-apt 마스터에 없음
11680,11680-5267,에테르노청담,도산대로85길 50-13,K-apt 마스터에 없음
11680,11680-5268,디에이치퍼스티어아이파크,개포로 310,후보 2개 이상(모호)
11680,11680-527,대치동우정에쉐르2(890-42),테헤란로68길 15,K-apt 마스터에 없음
11680,11680-5271,대치푸르지오발라드,개포로 407,K-apt 마스터에 없음
11680,11680-528,선릉역대우아이빌(890-49),테헤란로64길 9,K-apt 마스터에 없음
11680,11680-5291,도곡월드메르디앙아파트,도곡로18길 59,K-apt 마스터에 없음
11680,11680-531,대우아이빌멤버스(891-26),삼성로85길 42,K-apt 마스터에 없음
11680,11680-533,동민맥스빌A동,선릉로62길 38,K-apt 마스터에 없음
11680,11680-534,동민맥스빌B동,도곡로69길 7,K-apt 마스터에 없음
11680,11680-539,풍림아이원4차(1007-2),영동대로 330-7,K-apt 마스터에 없음
11680,11680-544,청림빌,논현로153길 42,K-apt 마스터에 없음
11680,11680-547,현대아인빌,압구정로22길 29,K-apt 마스터에 없음
11680,11680-548,압구정케이씨씨(622-1),언주로167길 9,K-apt 마스터에 없음
11680,11680-553,케이씨빌,선릉로137길 20,K-apt 마스터에 없음
11680,11680-554,한진로즈힐,도산대로46길 21,K-apt 마스터에 없음
11680,11680-556,제이빌,학동로43길 30,K-apt 마스터에 없음
11680,11680-558,두산위브1단지,학동로46길 38,K-apt 마스터에 없음
11680,11680-559,두산위브2단지,언주로122길 25,K-apt 마스터에 없음
11680,11680-567,현대아이리스1,도곡로6길 14,K-apt 마스터에 없음
11680,11680-568,뉴현대,압구정로18길 14-14,K-apt 마스터에 없음
11680,11680-570,청담대우멤버스카운티7차,도산대로85길 50-14,K-apt 마스터에 없음
11680,11680-574,청담대우멤버스카운티9차,도산대로99길 28-7,K-apt 마스터에 없음
11680,11680-576,청담대우멤버스카운티12차,도산대로99길 30,K-apt 마스터에 없음
11680,11680-578,개포주공7단지,개포로 516,후보 2개 이상(모호)
11680,11680-580,대치동우정에쉐르1,삼성로85길 38,K-apt 마스터에 없음
11680,11680-581,리치타운,개포로28길 28,K-apt 마스터에 없음
11680,11680-582,힐타워,강남대로132길 26,K-apt 마스터에 없음
11680,11680-584,토미,논현로158길 17,K-apt 마스터에 없음
11680,11680-589,울트라멤버스,남부순환로381길 25,K-apt 마스터에 없음
11680,11680-59,연세청담파크빌,삼성로140길 35,K-apt 마스터에 없음
11680,11680-591,상지리츠빌9차,압구정로77길 27,K-apt 마스터에 없음
11680,11680-592,우성아파트,삼성로147길 22,K-apt 마스터에 없음
11680,11680-594,역삼엔스위트102동,언주로103길 14,K-apt 마스터에 없음
11680,11680-595,우정에쉐르3,언주로86길 25,K-apt 마스터에 없음
11680,11680-598,삼성월드타워,학동로 408,K-apt 마스터에 없음
11680,11680-599,우림루미아트,봉은사로81길 8,K-apt 마스터에 없음
11680,11680-602,하이캐슬102동,삼성로64길 36,K-apt 마스터에 없음
11680,11680-61,청담힐(에이동)진도(비동),압구정로77길 36,K-apt 마스터에 없음
11680,11680-62,진흥아파트,학동로 513,K-apt 마스터에 없음
11680,11680-663,에벤에셀빌라트,언주로104길 35,K-apt 마스터에 없음
11680,11680-664,우림루미아트2,언주로90길 4,K-apt 마스터에 없음
11680,11680-665,우림루미아트1,언주로90길 6,K-apt 마스터에 없음
11680,11680-666,진넥스빌2,언주로86길 7,K-apt 마스터에 없음
11680,11680-6668,역삼센트럴아파트,봉은사로26길 27,K-apt 마스터에 없음
11680,11680-6669,아크로삼성,영동대로128길 15,후보 2개 이상(모호)
11680,11680-6671,도곡더써밋타워,강남대로42길 19,K-apt 마스터에 없음
11680,11680-67,청담로얄카운티,도산대로83길 27,K-apt 마스터에 없음
11680,11680-670,새롬(1164-12),논현로2길 34,K-apt 마스터에 없음
11680,11680-671,새롬(1164-13),논현로2길 36,K-apt 마스터에 없음
11680,11680-672,새롬(1164-14),논현로2길 38,K-apt 마스터에 없음
11680,11680-673,뉴현대파크빌,논현로2길 61-4,K-apt 마스터에 없음
11680,11680-674,포이현대빌라트,논현로4길 50,K-apt 마스터에 없음
11680,11680-675,아노스카운트빌라트,도산대로61길 13,K-apt 마스터에 없음
11680,11680-678,청담8차상지리츠빌,도산대로83길 22,K-apt 마스터에 없음
11680,11680-681,삼부아파트(101동),봉은사로111길 26,K-apt 마스터에 없음
11680,11680-682,대치한신휴플러스,선릉로76길 12,K-apt 마스터에 없음
11680,11680-683,대치타워,삼성로71길 11-8,K-apt 마스터에 없음
11680,11680-685,동양,선릉로72길 10-7,K-apt 마스터에 없음
11680,11680-686,한티(933-0),도곡로73길 18,K-apt 마스터에 없음
11680,11680-687,청원,도곡로69길 16,K-apt 마스터에 없음
11680,11680-689,대치하나빌,삼성로57길 37-5,K-apt 마스터에 없음
11680,11680-699,논현동한화꿈에그린,논현로111길 39,K-apt 마스터에 없음
11680,11680-705,그랜빌캐슬,남부순환로379길 35,K-apt 마스터에 없음
11680,11680-706,PLUMHILLS,남부순환로373길 26,K-apt 마스터에 없음
11680,11680-708,대명비발디,도곡로6길 18,K-apt 마스터에 없음
11680,11680-712,도곡그린빌,강남대로44길 24,K-apt 마스터에 없음
11680,11680-713,하야트빌,논현로159길 56,K-apt 마스터에 없음
11680,11680-717,논현동프라임,논현로113길 5,K-apt 마스터에 없음
11680,11680-73,청담우방아파트,학동로 409,K-apt 마스터에 없음
11680,11680-82,현대아파트(75-1),학동로87길 7,K-apt 마스터에 없음
11680,11680-84,현대빌라(43-1),선릉로132길 42,K-apt 마스터에 없음
11680,11680-87,청담동현대빌라트,도산대로83길 36,K-apt 마스터에 없음
11680,11680-89,현대한강빌라,도산대로85길 56,K-apt 마스터에 없음
11680,11680-9,신성아파트101동,언주로167길 15,K-apt 마스터에 없음
11680,11680-90,호원빌라,압구정로75길 15,K-apt 마스터에 없음
11680,11680-97,청담매스터빌,도산대로81길 69,K-apt 마스터에 없음
11680,11680-99,이니그마빌2,도산대로61길 19,K-apt 마스터에 없음
11710,11710-1,갑을,한가람로 414,K-apt 마스터에 없음
11710,11710-100,옥산크리스탈,위례성대로14길 11,K-apt 마스터에 없음
11710,11710-101,올림픽베어스타운1,위례성대로 58,K-apt 마스터에 없음
11710,11710-105,우광아파트,백제고분로50길 7-18,K-apt 마스터에 없음
11710,11710-106,은성아파트,오금로19길 33,K-apt 마스터에 없음
11710,11710-107,인택스빌,오금로27길 16,K-apt 마스터에 없음
11710,11710-108,인택스빌3차,위례성대로18길 15,K-apt 마스터에 없음
11710,11710-109,인텍스빌,오금로27길 43,K-apt 마스터에 없음
11710,11710-11,신아,토성로 13,K-apt 마스터에 없음
11710,11710-111,태평양파크1,위례성대로 102,K-apt 마스터에 없음
11710,11710-112,한솔빌라트,위례성대로 50,K-apt 마스터에 없음
11710,11710-114,해태그린피아빌라트,위례성대로 38,K-apt 마스터에 없음
11710,11710-117,현대빌라(208-19),위례성대로16길 31,K-apt 마스터에 없음
11710,11710-118,현대월드빌리지,위례성대로16길 8,K-apt 마스터에 없음
11710,11710-119,현대주상복합,오금로11길 55,K-apt 마스터에 없음
11710,11710-12,쌍용,올림픽로47길 12,K-apt 마스터에 없음
11710,11710-121,다성파크뷰,중대로35길 9,K-apt 마스터에 없음
11710,11710-126,영풍,마천로 204,K-apt 마스터에 없음
11710,11710-128,우송그린,성내천로 28,K-apt 마스터에 없음
11710,11710-13145,잠실더샵루벤,송이로12길 11,후보 2개 이상(모호)
11710,11710-13198,힐트리움송파,오금로53길 30,K-apt 마스터에 없음
11710,11710-132,반석블레스빌,동남로23가길 20,K-apt 마스터에 없음
11710,11710-139,보화2차,오금로68길 33,K-apt 마스터에 없음
11710,11710-14,연지토성,강동대로9길 20,K-apt 마스터에 없음
11710,11710-140,삼호아파트,거마로9길 19,K-apt 마스터에 없음
11710,11710-141,성동레인보우,거마로15길 12,K-apt 마스터에 없음
11710,11710-147,마천대성,성내천로34길 8,K-apt 마스터에 없음
11710,11710-149,삼익1,성내천로 236,K-apt 마스터에 없음
11710,11710-150,성영,마천로35길 6,K-apt 마스터에 없음
11710,11710-151,신동아,성내천로21길 11,K-apt 마스터에 없음
11710,11710-152,씨티,마천로 232,K-apt 마스터에 없음
11710,11710-153,아남,마천로35길 18,K-apt 마스터에 없음
11710,11710-154,한보1,마천로51길 25,K-apt 마스터에 없음
11710,11710-155,현대그린빌,마천로 315,K-apt 마스터에 없음
11710,11710-157,신동아예지움,백제고분로12길 27,K-apt 마스터에 없음
11710,11710-16,토성현대,풍성로14길 19,K-apt 마스터에 없음
11710,11710-168,잠실시그마타워,올림픽로 289,K-apt 마스터에 없음
11710,11710-169,잠실아이스페이스,오금로 58,K-apt 마스터에 없음
11710,11710-174,한빛웰리스,송파대로 562,K-apt 마스터에 없음
11710,11710-176,현대타워,올림픽로 293-19,K-apt 마스터에 없음
11710,11710-178,씨티빌,중대로23길 11,K-apt 마스터에 없음
11710,11710-179,sk파크타워,오금로 396,K-apt 마스터에 없음
11710,11710-181,쌍용노블래스,오금로36길 42,K-apt 마스터에 없음
11710,11710-182,카나피아Ⅱ,양재대로64길 43,K-apt 마스터에 없음
11710,11710-185,금호어울림,오금로56길 28,K-apt 마스터에 없음
11710,11710-186,씨티빌,성내천로23길 11,K-apt 마스터에 없음
11710,11710-187,솔렌시아,마천로 234,K-apt 마스터에 없음
11710,11710-189,성해,송이로 186,K-apt 마스터에 없음
11710,11710-190,그랜빌캐슬,새말로 97-1,K-apt 마스터에 없음
11710,11710-192,올림픽카운티,백제고분로 497,K-apt 마스터에 없음
11710,11710-193,동신,백제고분로32길 26-20,K-apt 마스터에 없음
11710,11710-195,금강KCC,송이로 27-1,K-apt 마스터에 없음
11710,11710-198,다성이즈빌클래식,성내천로 36,K-apt 마스터에 없음
11710,11710-199,매그놀리아(1차),중대로 292,K-apt 마스터에 없음
11710,11710-2,강변현대,한가람로 402,K-apt 마스터에 없음
11710,11710-200,롯데캐슬,중대로 121,K-apt 마스터에 없음
11710,11710-201,아키죤II,송파대로24길 5-11,K-apt 마스터에 없음
11710,11710-204,뉴타운,성내천로34길 7-22,K-apt 마스터에 없음
11710,11710-205,산성,성내천로43바길 35-3,K-apt 마스터에 없음
11710,11710-206,메트로IV,송이로36길 66,K-apt 마스터에 없음
11710,11710-207,미소로,송이로36길 62-6,K-apt 마스터에 없음
11710,11710-208,프라임,송이로 188,K-apt 마스터에 없음
11710,11710-209,주성파크뷰,새말로5길 27,K-apt 마스터에 없음
11710,11710-21,각산,송이로 36,K-apt 마스터에 없음
11710,11710-211,서경아파트,오금로23길 8-16,K-apt 마스터에 없음
11710,11710-212,세원아파트,위례성대로8길 13,K-apt 마스터에 없음
11710,11710-213,광남,백제고분로50길 14,K-apt 마스터에 없음
11710,11710-215,서원파인뷰(102동),송파대로37길 120,K-apt 마스터에 없음
11710,11710-217,신부파스카빌,석촌호수로18길 8-72,K-apt 마스터에 없음
11710,11710-22,경남레이크파크,석촌호수로 268,K-apt 마스터에 없음
11710,11710-220,여흥레이크빌,석촌호수로 278,K-apt 마스터에 없음
11710,11710-221,위례캐스빌,가락로 165,K-apt 마스터에 없음
11710,11710-224,아키스,마천로 121,K-apt 마스터에 없음
11710,11710-226,명성화인캐슬,동남로30길 16,K-apt 마스터에 없음
11710,11710-227,e지브로,양재대로66길 29,K-apt 마스터에 없음
11710,11710-228,대우레이크월드,석촌호수로 298,K-apt 마스터에 없음
11710,11710-229,배명씨앤디,송파대로37길 132,K-apt 마스터에 없음
11710,11710-231,석촌,삼학사로8길 13,K-apt 마스터에 없음
11710,11710-233,보미리즌빌(101동),가락로36길 5-24,K-apt 마스터에 없음
11710,11710-234,쌍용스윗닷홈(105동),송이로17길 10,K-apt 마스터에 없음
11710,11710-235,오륜파크빌,양재대로72길 52,K-apt 마스터에 없음
11710,11710-236,아름빌,새말로6길 27,K-apt 마스터에 없음
11710,11710-238,블레스,거마로8길 23,K-apt 마스터에 없음
11710,11710-239,쌍용스윗닷홈1단지,양재대로72길 42,K-apt 마스터에 없음
11710,11710-240,노블레스카운티,위례성대로 196,K-apt 마스터에 없음
11710,11710-243,에스-탑,백제고분로44길 13-18,K-apt 마스터에 없음
11710,11710-244,경일,가락로31길 19,K-apt 마스터에 없음
11710,11710-246,현대(201),가락로3길 3-11,K-apt 마스터에 없음
11710,11710-248,우정에쉐르,중대로23길 20,K-apt 마스터에 없음
11710,11710-249,동일씨티빌,양재대로66길 43,K-apt 마스터에 없음
11710,11710-251,주성드림펠리스,오금로 336,K-apt 마스터에 없음
11710,11710-252,동궁리치웰1,오금로44가길 7-21,K-apt 마스터에 없음
11710,11710-253,동궁리치웰문정(102),송파대로22길 4-20,K-apt 마스터에 없음
11710,11710-256,그린파크빌아파트,올림픽로32길 39-27,K-apt 마스터에 없음
11710,11710-257,부광,올림픽로32길 57-18,K-apt 마스터에 없음
11710,11710-258,서림올림피아드,가락로34길 5-25,K-apt 마스터에 없음
11710,11710-259,주함위너스Ⅱ,백제고분로50길 20,K-apt 마스터에 없음
11710,11710-260,주함위너스Ⅰ,백제고분로50길 22,K-apt 마스터에 없음
11710,11710-262,(185-5),양재대로71길 2-11,K-apt 마스터에 없음
11710,11710-263,신구블레스밸리,위례성대로12길 25,K-apt 마스터에 없음
11710,11710-264,노블하우스1,위례성대로22나길 9,K-apt 마스터에 없음
11710,11710-265,르네상스빌,오금로 307,K-apt 마스터에 없음
11710,11710-266,매그놀리아(2차),중대로 290,K-apt 마스터에 없음
11710,11710-267,한두리,마천로 193,K-apt 마스터에 없음
11710,11710-268,대영무지개1,거마로9길 37,K-apt 마스터에 없음
11710,11710-270,천마그랑밸리,성내천로29길 28,K-apt 마스터에 없음
11710,11710-272,가락현대투웰브(101동),동남로14길 21,K-apt 마스터에 없음
11710,11710-273,기영,마천로51길 27,K-apt 마스터에 없음
11710,11710-274,동구햇살,성내천로 266,K-apt 마스터에 없음
11710,11710-275,주성아트빌,송파대로20길 12,K-apt 마스터에 없음
11710,11710-276,가락현대투웰브(102동),동남로14길 23,K-apt 마스터에 없음
11710,11710-277,동궁리치웰(69-3),새말로5길 3,K-apt 마스터에 없음
11710,11710-278,온누리,백제고분로46길 8-23,K-apt 마스터에 없음
11710,11710-28,성지,송이로12길 11,후보 2개 이상(모호)
11710,11710-280,잠실포스코더샵,백제고분로 188,K-apt 마스터에 없음
11710,11710-283,동궁리치웰문정(101),송파대로22길 4-16,K-apt 마스터에 없음
11710,11710-284,원진아뜨리에,백제고분로50길 29-23,K-apt 마스터에 없음
11710,11710-285,도무스빌,위례성대로 42,K-apt 마스터에 없음
11710,11710-286,인택파크랜드,양재대로71길 2-27,K-apt 마스터에 없음
11710,11710-287,AQUADCASAS,오금로31길 15-5,K-apt 마스터에 없음
11710,11710-289,현대홈타운스위트105,위례성대로12길 31-11,K-apt 마스터에 없음
11710,11710-290,현대홈타운스위트103,위례성대로12길 31-23,K-apt 마스터에 없음
11710,11710-291,현대홈타운스위트102,위례성대로12길 31-15,K-apt 마스터에 없음
11710,11710-292,현대홈타운스위트104,위례성대로12길 31-27,K-apt 마스터에 없음
11710,11710-293,월드,송파대로37길 24,K-apt 마스터에 없음
11710,11710-295,동부화이트빌(2동),송파대로14길 11,K-apt 마스터에 없음
11710,11710-296,정산파크뷰,양재대로68길 9,K-apt 마스터에 없음
11710,11710-297,동원아이파크,삼전로4길 4-12,K-apt 마스터에 없음
11710,11710-298,"가락3차쌍용스윗닷홈101동,102동",송이로21길 23,K-apt 마스터에 없음
11710,11710-299,가락3차쌍용스윗닷홈(103동),송이로19길 12-3,K-apt 마스터에 없음
11710,11710-300,두산위브,송파대로30길 16,K-apt 마스터에 없음
11710,11710-302,청솔,송이로23길 30-19,K-apt 마스터에 없음
11710,11710-33,현대레이크빌1,석촌호수로 284,K-apt 마스터에 없음
11710,11710-34,호수,백제고분로45길 27,K-apt 마스터에 없음
11710,11710-358,삼형아파트,새말로 139,K-apt 마스터에 없음
11710,11710-359,선경쉐르빌(106-15),송이로30길 25,K-apt 마스터에 없음
11710,11710-36,힐스빌,백제고분로44길 64,K-apt 마스터에 없음
11710,11710-360,선경쉐르빌(106-23),송이로30길 23,K-apt 마스터에 없음
11710,11710-363,문정그린,송이로 264,K-apt 마스터에 없음
11710,11710-37,송파,송파대로36길 5-8,K-apt 마스터에 없음
11710,11710-39,예명,송파대로37길 80,K-apt 마스터에 없음
11710,11710-41,현대1,백제고분로22길 39,K-apt 마스터에 없음
11710,11710-418,칼라,올림픽로45길 26,K-apt 마스터에 없음
11710,11710-420,한양,삼전로4길 4-28,K-apt 마스터에 없음
11710,11710-422,카나피아,오금로34길 57,K-apt 마스터에 없음
11710,11710-425,아키죤아파트1동,송파대로24길 5-13,K-apt 마스터에 없음
11710,11710-426,프라임,동남로11길 21,K-apt 마스터에 없음
11710,11710-428,대련,동남로20길 3,K-apt 마스터에 없음
11710,11710-429,주성파크빌,오금로44가길 7,K-apt 마스터에 없음
11710,11710-43,현대파크빌,중대로 174,K-apt 마스터에 없음
11710,11710-430,금홍해오름,오금로44가길 7-25,K-apt 마스터에 없음
11710,11710-431,우민-늘푸른아파트,문정로 167,K-apt 마스터에 없음
11710,11710-432,동구햇살,문정로13길 7,K-apt 마스터에 없음
11710,11710-433,보라뷰,송이로30길 37,K-apt 마스터에 없음
11710,11710-434,대림미소나눔,송이로36길 42-10,K-apt 마스터에 없음
11710,11710-435,윈저하우스,마천로 12,K-apt 마스터에 없음
11710,11710-436,혜성공원(101동),동남로23가길 36,K-apt 마스터에 없음
11710,11710-438,청솔,오금로 550,K-apt 마스터에 없음
11710,11710-441,한양파크뷰,송이로 14,K-apt 마스터에 없음
11710,11710-442,동승,백제고분로32길 18,K-apt 마스터에 없음
11710,11710-445,한성나이스빌,마천로 16,K-apt 마스터에 없음
11710,11710-46,그린아파트,양재대로68길 3-21,K-apt 마스터에 없음
11710,11710-5,대아(제101상가동),풍성로 52,K-apt 마스터에 없음
11710,11710-52,동부썬빌,중대로 101,K-apt 마스터에 없음
11710,11710-54,삼성프라자,오금로44길 10,K-apt 마스터에 없음
11710,11710-5571,잠실월드메르디앙,올림픽로 74,K-apt 마스터에 없음
11710,11710-5598,레이크해모로,오금로 126,K-apt 마스터에 없음
11710,11710-5607,로쟌뷰,석촌호수로 188,K-apt 마스터에 없음
11710,11710-5652,송파Nsuite,송파대로28길 35,K-apt 마스터에 없음
11710,11710-5655,동궁리치웰(102동),오금로44길 47,K-apt 마스터에 없음
11710,11710-5660,예그리나(1동),새말로5길 4-15,K-apt 마스터에 없음
11710,11710-5670,보미리즌빌(102동),가락로36길 5-20,K-apt 마스터에 없음
11710,11710-5677,쌍용스위닷홈(201동),중대로 293,K-apt 마스터에 없음
11710,11710-5679,쌍용스윗닷홈(401동),중대로 289,K-apt 마스터에 없음
11710,11710-5731,뉴파크플러스,올림픽로32길 57-6,K-apt 마스터에 없음
11710,11710-5750,파라다이스빌(40-0),올림픽로 366,K-apt 마스터에 없음
11710,11710-5779,쌍용스윗닷홈거여역1차,오금로62길 10,K-apt 마스터에 없음
11710,11710-5790,정우아트빌B,가락로36길 5-8,K-apt 마스터에 없음
11710,11710-5797,동성아파트(101동),송이로17길 50-16,K-apt 마스터에 없음
11710,11710-5799,동성아파트(103동),송이로17길 46-23,K-apt 마스터에 없음
11710,11710-58,신한빌라트-신한미지엔,동남로13길 33,K-apt 마스터에 없음
11710,11710-5877,한승,위례성대로 76,K-apt 마스터에 없음
11710,11710-5904,베스트휴,가락로3길 3-16,K-apt 마스터에 없음
11710,11710-5926,쌍용스윗닷홈2차,오금로 512,K-apt 마스터에 없음
11710,11710-5935,하늘공원(69-5),삼학사로1길 40,K-apt 마스터에 없음
11710,11710-5955,트윈팰리스(101동),새말로 176,K-apt 마스터에 없음
11710,11710-5958,자이파인빌(101동),송파대로14길 8,K-apt 마스터에 없음
11710,11710-5968,미켈란호수가,석촌호수로 230,K-apt 마스터에 없음
11710,11710-5969,밀란체1,가락로3길 3-24,K-apt 마스터에 없음
11710,11710-5995,몽촌(아),올림픽로32길 49-12,K-apt 마스터에 없음
11710,11710-5998,광명아파트,백제고분로48나길 7-17,K-apt 마스터에 없음
11710,11710-6,동아한가람1,한가람로 446,K-apt 마스터에 없음
11710,11710-60,예일,양재대로60길 11,K-apt 마스터에 없음
11710,11710-6001,해동아파트B동(134-22),가락로36길 9-21,K-apt 마스터에 없음
11710,11710-6002,그랑밸리(64),성내천로8가길 1,K-apt 마스터에 없음
11710,11710-6006,자이파인빌(102동),송파대로14길 12,K-apt 마스터에 없음
11710,11710-6011,석촌동효신아파트,석촌호수로18길 8-52,K-apt 마스터에 없음
11710,11710-6088,가락스타클래스,오금로 306,K-apt 마스터에 없음
11710,11710-6099,송파N-suite,풍성로14길 33,K-apt 마스터에 없음
11710,11710-6102,에스디펠리체,동남로14길 23-9,K-apt 마스터에 없음
11710,11710-6164,아르누보팰리스,석촌호수로 258,K-apt 마스터에 없음
11710,11710-6174,골드팰리스아파트,동남로17길 15,K-apt 마스터에 없음
11710,11710-62,이연파레스,송파대로30길 11,K-apt 마스터에 없음
11710,11710-6200,미랜드퀸,풍성로14길 32,K-apt 마스터에 없음
11710,11710-6285,케이앤피상상,풍성로6가길 7,K-apt 마스터에 없음
11710,11710-6291,송파자연채,성내천로 133,K-apt 마스터에 없음
11710,11710-64,청공빌딩주상복합-현대빌리지,동남로 161,K-apt 마스터에 없음
11710,11710-6423,광남캐스빌,문정로 261,K-apt 마스터에 없음
11710,11710-6424,올림픽파크센트레빌,양재대로72길 5,K-apt 마스터에 없음
11710,11710-6427,로즈힐파크(A동),송이로26길 18,K-apt 마스터에 없음
11710,11710-65,풍림1,동남로9길 39,K-apt 마스터에 없음
11710,11710-6509,파크인-수,백제고분로 187,K-apt 마스터에 없음
11710,11710-66,프라임레지던스,오금로44길 57,K-apt 마스터에 없음
11710,11710-6627,금강캐스빌,풍성로25나길 16-1,K-apt 마스터에 없음
11710,11710-6677,송파파인타운12단지,송파대로8길 42,K-apt 마스터에 없음
11710,11710-70,현대(60동),오금로38길 5-19,K-apt 마스터에 없음
11710,11710-7019,그랑밸리(119-27),마천로 181,K-apt 마스터에 없음
11710,11710-7249,레이크시티,삼전로8길 8,K-apt 마스터에 없음
11710,11710-73,현대7,오금로44가길 27,K-apt 마스터에 없음
11710,11710-76,동궁리치웰(101동),오금로44길 51,K-apt 마스터에 없음
11710,11710-77,신한에스빌-미지엔,동남로13길 37,K-apt 마스터에 없음
11710,11710-7815,한주리버뷰,마천로 243,K-apt 마스터에 없음
11710,11710-79,동부화이트빌,새말로5길 18,K-apt 마스터에 없음
11710,11710-8107,위례2차아이파크,위례광장로 230,K-apt 마스터에 없음
11710,11710-82,문정동아,문정로5길 13,K-apt 마스터에 없음
11710,11710-8217,하이파크아파트,삼전로2길 27,K-apt 마스터에 없음
11710,11710-8269,올림픽파크리움,백제고분로 505,K-apt 마스터에 없음
11710,11710-8306,위례중앙푸르지오2단지,위례광장로 290,K-apt 마스터에 없음
11710,11710-8320,한영해시안아파트,백제고분로19길 23,K-apt 마스터에 없음
11710,11710-84,크로바맨션,송이로36길 2,K-apt 마스터에 없음
11710,11710-8428,진넥스베르디엠,동남로 234,K-apt 마스터에 없음
11710,11710-8474,엘리시움아파트,중대로35길 13,K-apt 마스터에 없음
11710,11710-85,현대,송이로34길 26,K-apt 마스터에 없음
11710,11710-8557,대성골드클래스,거마로 102,K-apt 마스터에 없음
11710,11710-8667,트윈레이크팰리스빌,백제고분로45길 40,K-apt 마스터에 없음
11710,11710-8684,에이메스더리버송파,백제고분로22길 38-13,K-apt 마스터에 없음
11710,11710-8754,동광팰리스,오금로11길 63-13,K-apt 마스터에 없음
11710,11710-8763,송파건원여미지아파트,마천로35길 12,K-apt 마스터에 없음
11710,11710-88,현대2,송파대로16길 12,K-apt 마스터에 없음
11710,11710-8841,한영해시안아파트,오금로32길 35,K-apt 마스터에 없음
11710,11710-9,신동아파밀리에,풍성로6길 15,K-apt 마스터에 없음
11710,11710-90,인택,새말로 185,K-apt 마스터에 없음
11710,11710-9044,에비뉴잠실,오금로11길 47-16,K-apt 마스터에 없음
11710,11710-9055,더원센트럴,위례성대로2길 13,K-apt 마스터에 없음
11710,11710-9084,이스턴잠실,오금로11길 43-16,K-apt 마스터에 없음
11710,11710-9188,앙시레이크타워,도곡로 450,K-apt 마스터에 없음
11710,11710-9227,NS파인트리,백제고분로7길 41,K-apt 마스터에 없음
11710,11710-9257,더뷰21,동남로 312,K-apt 마스터에 없음
11710,11710-9292,트리니엘,가락로39길 5,K-apt 마스터에 없음
11710,11710-93,방이금호어울림,위례성대로8길 28,K-apt 마스터에 없음
11710,11710-9304,테라펠리체송파,동남로 240-6,K-apt 마스터에 없음
11710,11710-9308,에스아이팰리스송파올림픽공원,양재대로 1158,K-apt 마스터에 없음
11710,11710-9400,강남팰리스,송이로 141,K-apt 마스터에 없음
11710,11710-9480,올림픽포레다움아파트,위례성대로6길 30-11,K-apt 마스터에 없음
11710,11710-95,대양코리아나타워,위례성대로 114,K-apt 마스터에 없음
11710,11710-9577,송파포트힐한샘인사이드,백제고분로46길 31-21,K-apt 마스터에 없음
11710,11710-9597,디벨라지오,오금로27길 50,K-apt 마스터에 없음
11710,11710-9611,송파파밀리에더퍼스트,송이로4길 15,K-apt 마스터에 없음
11710,11710-9620,송파센텀레이크,백제고분로45길 17-9,K-apt 마스터에 없음
11710,11710-9623,이트리움송파(281-4),풍성로14길 40,K-apt 마스터에 없음
11710,11710-9645,루컴스힐더테라스,백제고분로37길 2,K-apt 마스터에 없음
11710,11710-9654,잠실라펜앤,위례성대로6길 30-9,K-apt 마스터에 없음
11710,11710-9656,올림픽레아아파트,토성로19길 1,K-apt 마스터에 없음
11710,11710-97,신동아타워,오금로11길 33,K-apt 마스터에 없음
11710,11710-99,아크로빌,오금로17길 13,K-apt 마스터에 없음
11740,11740-100,한건,상암로3길 54,K-apt 마스터에 없음
11740,11740-102,한양그린,아리수로 64,K-apt 마스터에 없음
11740,11740-104,정산(103동),올림픽로104길 20,K-apt 마스터에 없음
11740,11740-105,한강포스파크,고덕로19길 30,K-apt 마스터에 없음
11740,11740-106,영상라이브센스,고덕로23길 13-19,K-apt 마스터에 없음
11740,11740-107,대명,고덕로25길 13-11,K-apt 마스터에 없음
11740,11740-109,메이저(474-21),암사13길 7,K-apt 마스터에 없음
11740,11740-110,동원베네스트,고덕로 52-11,K-apt 마스터에 없음
11740,11740-111,대송,올림픽로104길 17,K-apt 마스터에 없음
11740,11740-112,풍천,올림픽로104길 21,K-apt 마스터에 없음
11740,11740-114,강동네스빌,강동대로53길 43,K-apt 마스터에 없음
11740,11740-115,광남캐스빌(448-5),성안로 7-7,K-apt 마스터에 없음
11740,11740-116,동남1,양재대로81길 76,K-apt 마스터에 없음
11740,11740-117,동방,양재대로95길 74,K-apt 마스터에 없음
11740,11740-118,동아1,풍성로54길 12-11,K-apt 마스터에 없음
11740,11740-119,동아2,양재대로91길 47,K-apt 마스터에 없음
11740,11740-12,중앙,상암로47길 80-16,K-apt 마스터에 없음
11740,11740-120,동일상가,풍성로56길 15,K-apt 마스터에 없음
11740,11740-122,메이저,양재대로87길 18,K-apt 마스터에 없음
11740,11740-124,백룡도원,양재대로85길 55,K-apt 마스터에 없음
11740,11740-125,삼성파크타워,강동대로 143,K-apt 마스터에 없음
11740,11740-126,삼진,양재대로91나길 44,K-apt 마스터에 없음
11740,11740-127,새한올림픽,성내로6다길 115,K-apt 마스터에 없음
11740,11740-128,선광,성내로14길 18,K-apt 마스터에 없음
11740,11740-129,성내동삼성아파트,풍성로 128,K-apt 마스터에 없음
11740,11740-13,명일진로,동남로73길 26,K-apt 마스터에 없음
11740,11740-131,센츄럴(438-2),강동대로53길 58,K-apt 마스터에 없음
11740,11740-132,센츄럴(438-6),양재대로91가길 70,K-apt 마스터에 없음
11740,11740-133,스위트빌(435-10),성안로 26,K-apt 마스터에 없음
11740,11740-135,일심,풍성로55길 52,K-apt 마스터에 없음
11740,11740-136,중명,강동대로51길 75,K-apt 마스터에 없음
11740,11740-1366,경지리버캐슬,상암로4가길 48,K-apt 마스터에 없음
11740,11740-138,중앙하이츠,양재대로95길 53,K-apt 마스터에 없음
11740,11740-139,청구빌라트,강동대로 143-16,K-apt 마스터에 없음
11740,11740-140,코랜드빌리지,성안로3길 51,K-apt 마스터에 없음
11740,11740-143,태천,풍성로52길 14,K-apt 마스터에 없음
11740,11740-145,한독,성내로18길 9,K-apt 마스터에 없음
11740,11740-146,한솔애리즈1,풍성로 191,K-apt 마스터에 없음
11740,11740-148,현대상가,성안로 109,K-apt 마스터에 없음
11740,11740-149,현대제이드,강동대로 155,K-apt 마스터에 없음
11740,11740-153,한강훼미리,풍성로 197,K-apt 마스터에 없음
11740,11740-154,오륜하이츠,강동대로53길 28,K-apt 마스터에 없음
11740,11740-156,동남2,양재대로91나길 94,K-apt 마스터에 없음
11740,11740-157,동원2,성내로6가길 29,K-apt 마스터에 없음
11740,11740-158,동원,성내로6나길 27,K-apt 마스터에 없음
11740,11740-159,광남캐스빌(510-1),풍성로 147-14,K-apt 마스터에 없음
11740,11740-160,노블네스트,성내로 63,K-apt 마스터에 없음
11740,11740-161,원다빌2,천호대로162길 73,K-apt 마스터에 없음
11740,11740-162,영풍마드레빌,성내로6다길 15,K-apt 마스터에 없음
11740,11740-163,한솔브리즈,양재대로81길 90,K-apt 마스터에 없음
11740,11740-164,코오롱2,올림픽로 572,K-apt 마스터에 없음
11740,11740-165,경보그레이스힐,풍성로53길 40,K-apt 마스터에 없음
11740,11740-168,대명사이버아파트,양재대로123길 31,K-apt 마스터에 없음
11740,11740-17,삼보힐아파트,구천면로65길 12,K-apt 마스터에 없음
11740,11740-174,우정아파트,양재대로125길 19,K-apt 마스터에 없음
11740,11740-176,제일아파트,천중로12길 17,K-apt 마스터에 없음
11740,11740-178,천호롯데아파트,천중로 161,K-apt 마스터에 없음
11740,11740-179,성원아파트,진황도로31길 26,K-apt 마스터에 없음
11740,11740-18,KNP,상암로47길 38,K-apt 마스터에 없음
11740,11740-181,천호태영아파트,천호대로 1055,후보 2개 이상(모호)
11740,11740-182,태천와이드빌,천중로17길 42-10,K-apt 마스터에 없음
11740,11740-187,고려아파트(A동),상암로41길 89-8,K-apt 마스터에 없음
11740,11740-188,고려아파트(D동),상암로41길 89-7,K-apt 마스터에 없음
11740,11740-189,고려아파트(C동),상암로41길 89,K-apt 마스터에 없음
11740,11740-19,다성씨티(1차),천중로51길 97,K-apt 마스터에 없음
11740,11740-190,평대미진아파트,상암로41길 79,K-apt 마스터에 없음
11740,11740-191,고려아파트(B동),상암로41길 91,K-apt 마스터에 없음
11740,11740-192,평대보민아파트,구천면로68길 38,K-apt 마스터에 없음
11740,11740-194,동구햇살아파트,상암로41길 45,K-apt 마스터에 없음
11740,11740-195,성인아파트,양재대로133길 19,K-apt 마스터에 없음
11740,11740-196,동성아파트,상암로41길 13,K-apt 마스터에 없음
11740,11740-199,광남벨라스643V(50-7),양재대로121길 16,K-apt 마스터에 없음
11740,11740-2,동양타워,동남로71길 38,K-apt 마스터에 없음
11740,11740-200,태천해오름아파트,천중로43길 17,K-apt 마스터에 없음
11740,11740-201,다성씨티아파트,천중로39길 33,K-apt 마스터에 없음
11740,11740-202,천호동이연아마빌레아파트,천중로21길 61,K-apt 마스터에 없음
11740,11740-204,신주아파트(101동),올림픽로91길 25,K-apt 마스터에 없음
11740,11740-205,즈믄촌,올림픽로79길 7,K-apt 마스터에 없음
11740,11740-206,다성씨티아파트(340-6),구천면로17길 18,K-apt 마스터에 없음
11740,11740-207,천호네스빌,성안로25길 40,K-apt 마스터에 없음
11740,11740-21,형인허브빌,상암로49길 13,K-apt 마스터에 없음
11740,11740-210,광남벨라스643V(50-32),양재대로121길 16,K-apt 마스터에 없음
11740,11740-212,유덕휴먼빌,천중로54길 9-14,K-apt 마스터에 없음
11740,11740-213,광남(355-2),천중로52길 9-10,K-apt 마스터에 없음
11740,11740-216,다성이즈빌,천중로40길 12,K-apt 마스터에 없음
11740,11740-218,광남아파트102동,천중로42길 54,K-apt 마스터에 없음
11740,11740-219,광남캐스빌610V,양재대로112길 26,K-apt 마스터에 없음
11740,11740-22,대우,양재대로 1716,K-apt 마스터에 없음
11740,11740-220,한솔솔파크,천호대로198길 36,K-apt 마스터에 없음
11740,11740-222,우림루미아트,명일로26길 20,K-apt 마스터에 없음
11740,11740-223,태천해오름,천호대로182길 12-6,K-apt 마스터에 없음
11740,11740-224,도원빌,양재대로102길 44,K-apt 마스터에 없음
11740,11740-225,청원파크빌,명일로 143,K-apt 마스터에 없음
11740,11740-226,그랜드1,풍성로61길 10-14,K-apt 마스터에 없음
11740,11740-227,광남아파트102동,풍성로61길 10-8,K-apt 마스터에 없음
11740,11740-228,광남아파트101동,풍성로61길 10,K-apt 마스터에 없음
11740,11740-230,태천해오름15차,성안로 54,K-apt 마스터에 없음
11740,11740-231,파크프라자,양재대로89길 16,K-apt 마스터에 없음
11740,11740-232,성내동대성,올림픽로62길 39,K-apt 마스터에 없음
11740,11740-234,우암쎈스뷰,고덕로10길 30,K-apt 마스터에 없음
11740,11740-235,창대캐슬,천호대로163길 33-6,K-apt 마스터에 없음
11740,11740-237,신동양빛여울아파트,상암로41가길 11,K-apt 마스터에 없음
11740,11740-238,광남캐스빌아파트,양재대로121길 31,K-apt 마스터에 없음
11740,11740-239,포레스(A동),풍성로 91,K-apt 마스터에 없음
11740,11740-240,장인이즈빌,천중로50길 11-12,K-apt 마스터에 없음
11740,11740-241,태성,명일로17길 40,K-apt 마스터에 없음
11740,11740-242,효성노바,천중로49길 20,K-apt 마스터에 없음
11740,11740-243,이스트드림힐,양재대로111길 54,K-apt 마스터에 없음
11740,11740-244,동은,상암로49길 12-8,K-apt 마스터에 없음
11740,11740-245,우성102동,고덕로38길 34-8,K-apt 마스터에 없음
11740,11740-247,장방아파트,상암로39길 27,K-apt 마스터에 없음
11740,11740-248,SM이로빌아파트,천중로39길 22,K-apt 마스터에 없음
11740,11740-2499,브라운스톤암사아파트,올림픽로92길 61,K-apt 마스터에 없음
11740,11740-250,한솔브리즈(199-4),천호대로170길 13,K-apt 마스터에 없음
11740,11740-2500,암사e편한세상,구천면로 365-13,K-apt 마스터에 없음
11740,11740-2502,형인허브빌아파트,천호대로197길 84,K-apt 마스터에 없음
11740,11740-2503,해맞이에이동,진황도로49길 64,K-apt 마스터에 없음
11740,11740-2508,한솔애리즈601동,천호대로174길 10,K-apt 마스터에 없음
11740,11740-251,늘조은,천호대로176길 10-20,K-apt 마스터에 없음
11740,11740-2513,올림픽파크힐,성안로 18,K-apt 마스터에 없음
11740,11740-252,신주,올림픽로 568-12,K-apt 마스터에 없음
11740,11740-2521,길동3차이룸,천호대로193길 26,K-apt 마스터에 없음
11740,11740-2522,다성이즈빌아파트,양재대로126길 49,K-apt 마스터에 없음
11740,11740-2525,세양청마루,천호대로 1162,K-apt 마스터에 없음
11740,11740-253,샤인빌(A동),천호대로174길 36,K-apt 마스터에 없음
11740,11740-2532,다성이즈빌,풍성로52길 45,K-apt 마스터에 없음
11740,11740-254,샤인빌(B동),천호대로174길 32,K-apt 마스터에 없음
11740,11740-2542,다성이즈빌(346-12),양재대로130길 17,K-apt 마스터에 없음
11740,11740-2546,부강아파트,올림픽로89길 24,K-apt 마스터에 없음
11740,11740-2557,라움(492-45),상암로15길 30-5,K-apt 마스터에 없음
11740,11740-2558,이안강동,천호대로162길 34,K-apt 마스터에 없음
11740,11740-256,비앤비(102동),천호대로174길 53,K-apt 마스터에 없음
11740,11740-2569,씨제이나인,천호대로 1078,K-apt 마스터에 없음
11740,11740-257,대주그린빌,성안로 67,K-apt 마스터에 없음
11740,11740-2572,대은팰리스뷰,성내로6길 42-20,K-apt 마스터에 없음
11740,11740-2573,청원파크빌3,천중로56길 41,K-apt 마스터에 없음
11740,11740-2574,한일시티타워(우성아트빌),양재대로113길 51,K-apt 마스터에 없음
11740,11740-2577,광남캐스빌105동,천호대로 1152,K-apt 마스터에 없음
11740,11740-258,한솔애리즈3차,성안로 66,K-apt 마스터에 없음
11740,11740-2580,동남드림빌,천호대로 1044-12,K-apt 마스터에 없음
11740,11740-2586,시티빌아파트,올림픽로92길 7-9,K-apt 마스터에 없음
11740,11740-259,신성,풍성로52길 41,K-apt 마스터에 없음
11740,11740-2592,SM해그린12차,천중로56길 13,K-apt 마스터에 없음
11740,11740-2596,다성이즈빌,천중로48길 19-5,K-apt 마스터에 없음
11740,11740-2606,미랜드프레임빌,성내로17길 72,K-apt 마스터에 없음
11740,11740-2607,다성이즈빌아파트(55-25),천중로 177,K-apt 마스터에 없음
11740,11740-2609,늘푸른아파트,천중로43길 25,K-apt 마스터에 없음
11740,11740-261,로얄,성내로18길 13,K-apt 마스터에 없음
11740,11740-2611,동은그랜드,천중로51길 108-5,K-apt 마스터에 없음
11740,11740-2612,광남캐스빌(247-0),진황도로 123,K-apt 마스터에 없음
11740,11740-2618,강동한신휴플러스,진황도로 99,K-apt 마스터에 없음
11740,11740-2619,하이브,진황도로 100,K-apt 마스터에 없음
11740,11740-262,광남캐스빌(435-7),성안로 21,K-apt 마스터에 없음
11740,11740-2620,호암아펙스,성내로6길 34-8,K-apt 마스터에 없음
11740,11740-2621,암펠로스타워,명일로 110,K-apt 마스터에 없음
11740,11740-2622,강동역에스케이허브,천호대로 1107,K-apt 마스터에 없음
11740,11740-2624,운암화인빌102,성내로6가길 110,K-apt 마스터에 없음
11740,11740-2628,강변그대가리버뷰,올림픽로89길 57,K-apt 마스터에 없음
11740,11740-2629,대은팰리스뷰(102),상암로3길 36,K-apt 마스터에 없음
11740,11740-263,하나플러스,강동대로51길 12,K-apt 마스터에 없음
11740,11740-2630,대은팰리스뷰(101),상암로3길 32,K-apt 마스터에 없음
11740,11740-2632,강동상떼빌,천호대로 1065,K-apt 마스터에 없음
11740,11740-2635,해밀,상암로47길 33,K-apt 마스터에 없음
11740,11740-2638,금광포란재,천호옛14길 28-39,K-apt 마스터에 없음
11740,11740-265,드림스빌,성안로13길 60,K-apt 마스터에 없음
11740,11740-2656,리치,상암로4길 33,K-apt 마스터에 없음
11740,11740-266,한솔애리즈2차,풍성로54길 7,K-apt 마스터에 없음
11740,11740-2663,찬솔,명일로 152,K-apt 마스터에 없음
11740,11740-2679,율전에버그린,풍성로73길 17,K-apt 마스터에 없음
11740,11740-268,효정하나플러스,구천면로47길 69-18,K-apt 마스터에 없음
11740,11740-269,로뎀,천중로12길 27,K-apt 마스터에 없음
11740,11740-270,내일쎄닛빌,고덕로20나길 49,K-apt 마스터에 없음
11740,11740-271,진넥스빌Ⅲ,천호대로 1087,K-apt 마스터에 없음
11740,11740-2719,다성이즈빌,천중로48길 8,K-apt 마스터에 없음
11740,11740-272,강동파크빌,천호대로163길 29,K-apt 마스터에 없음
11740,11740-274,다성시티아파트,올림픽로78길 11-29,K-apt 마스터에 없음
11740,11740-275,길동쎈스빌주상복합,천중로 232,K-apt 마스터에 없음
11740,11740-277,성내3차e-편한세상,천호대로162길 35,K-apt 마스터에 없음
11740,11740-2787,LIGA,천호대로 1120,K-apt 마스터에 없음
11740,11740-279,영진파크빌(437-26),강동대로53길 49,K-apt 마스터에 없음
11740,11740-2792,형인허브빌,상암로41길 61,K-apt 마스터에 없음
11740,11740-2803,한솔,풍성로63길 43,K-apt 마스터에 없음
11740,11740-281,우성(104동),양재대로101길 51-10,K-apt 마스터에 없음
11740,11740-282,한강훼미리,상암로 199,K-apt 마스터에 없음
11740,11740-2835,천호엘크루,올림픽로 660,K-apt 마스터에 없음
11740,11740-284,태천해오름101동,천중로49길 101,K-apt 마스터에 없음
11740,11740-285,우성101동,고덕로38길 34-9,K-apt 마스터에 없음
11740,11740-2869,미랜드퀸아파트101동,명일로10가길 24,K-apt 마스터에 없음
11740,11740-288,하이존,명일로 222,K-apt 마스터에 없음
11740,11740-2880,둔촌늘푸른,명일로13길 38,K-apt 마스터에 없음
11740,11740-2883,광남캐스빌(443-26),양재대로91가길 98,K-apt 마스터에 없음
11740,11740-2885,엠엑스아뜨리에빌아파트,천중로56길 40,K-apt 마스터에 없음
11740,11740-289,예전이룸1차,양재대로110길 28,K-apt 마스터에 없음
11740,11740-2892,다성이즈빌Ⅰ,상암로23길 28,K-apt 마스터에 없음
11740,11740-2893,한솔솔파크,선사로 120,K-apt 마스터에 없음
11740,11740-2905,태솔,양재대로122길 16,K-apt 마스터에 없음
11740,11740-2906,동서울오네뜨,양재대로124길 32,K-apt 마스터에 없음
11740,11740-291,예전이룸2차,양재대로122가길 14,K-apt 마스터에 없음
11740,11740-2918,파라디아,천호옛길 30,K-apt 마스터에 없음
11740,11740-292,예다움,천중로49길 11,K-apt 마스터에 없음
11740,11740-293,다성팰리스,천중로48길 19-14,K-apt 마스터에 없음
11740,11740-294,청원파크빌2,명일로17길 18,K-apt 마스터에 없음
11740,11740-295,에스엠이로빌(379-0),천중로42길 53,K-apt 마스터에 없음
11740,11740-296,노블레스(383-8),성안로 182,K-apt 마스터에 없음
11740,11740-2963,한강리치팰리스,선사로 138,K-apt 마스터에 없음
11740,11740-297,골드빌4차,성안로 174,K-apt 마스터에 없음
11740,11740-298,광남벨라스613V,천중로38가길 53,K-apt 마스터에 없음
11740,11740-2983,한솔애리즈,양재대로95길 60,K-apt 마스터에 없음
11740,11740-2987,명일동다성이즈빌아파트,암사길 109,K-apt 마스터에 없음
11740,11740-299,다성이즈빌아파트(388-4),천중로44길 74,K-apt 마스터에 없음
11740,11740-2991,썬팰리스아파트,상암로41길 29,K-apt 마스터에 없음
11740,11740-300,다성이즈텔,성안로 162,K-apt 마스터에 없음
11740,11740-3001,둔촌역아치스톤(101동),풍성로 203,K-apt 마스터에 없음
11740,11740-301,KNP이스트빌,진황도로 151-5,K-apt 마스터에 없음
11740,11740-3015,베네캐슬,올림픽로88길 7,K-apt 마스터에 없음
11740,11740-302,광남캐스빌103동,양재대로102길 11,K-apt 마스터에 없음
11740,11740-303,광남캐스빌101동,천호대로 1156-12,K-apt 마스터에 없음
11740,11740-305,다원애버니아,양재대로98길 26,K-apt 마스터에 없음
11740,11740-307,양지벨로스,고덕로23길 9,K-apt 마스터에 없음
11740,11740-3085,다성이즈빌,상암로23길 14,K-apt 마스터에 없음
11740,11740-310,에스엠해그린,암사길 35,K-apt 마스터에 없음
11740,11740-3106,상상프리,천호대로 1156-20,K-apt 마스터에 없음
11740,11740-312,영진해가든(2동),구천면로47가길 14-38,K-apt 마스터에 없음
11740,11740-314,한건브리앙,암사1길 9,K-apt 마스터에 없음
11740,11740-3151,아이퍼스트빌,천호대로174길 16,K-apt 마스터에 없음
11740,11740-3158,다성이즈빌(349-1),천중로 200,K-apt 마스터에 없음
11740,11740-316,우성(102동),양재대로101길 51-16,K-apt 마스터에 없음
11740,11740-3163,현대웰하임(201동),천중로49가길 56,K-apt 마스터에 없음
11740,11740-3164,현대웰하임(101동),천중로53길 6,K-apt 마스터에 없음
11740,11740-318,해가든,양재대로101길 5,K-apt 마스터에 없음
11740,11740-319,한솔애리즈202동,풍성로 202,K-apt 마스터에 없음
11740,11740-321,라움,강동대로55길 68,K-apt 마스터에 없음
11740,11740-3215,광남캐스빌(631),양재대로96길 26,K-apt 마스터에 없음
11740,11740-322,파크뷰캐슬,강동대로 187,K-apt 마스터에 없음
11740,11740-323,우림루미아트,양재대로101길 46,K-apt 마스터에 없음
11740,11740-324,신일유토빌(603-0),양재대로81길 16,K-apt 마스터에 없음
11740,11740-325,용명브릿지아파트,양재대로133길 51,K-apt 마스터에 없음
11740,11740-326,천호KNP아파트,양재대로131가길 19,K-apt 마스터에 없음
11740,11740-327,새롬트윈스아파트(B동),상암로 154,K-apt 마스터에 없음
11740,11740-3273,청광플러스원(큐브1차),천중로42길 70,K-apt 마스터에 없음
11740,11740-329,아크로파크,양재대로127길 53,K-apt 마스터에 없음
11740,11740-330,천호1차우림루미아트,천중로39길 69,K-apt 마스터에 없음
11740,11740-331,천호동1차예전이룸아파트,양재대로121길 50,K-apt 마스터에 없음
11740,11740-332,천호2차우림루미아트,양재대로121길 22,K-apt 마스터에 없음
11740,11740-3322,하이브2,천호대로167길 26,K-apt 마스터에 없음
11740,11740-3323,강동큐브,천호대로175길 16,K-apt 마스터에 없음
11740,11740-333,천호2차이룸아파트,양재대로121길 25-6,K-apt 마스터에 없음
11740,11740-334,광남벨라스2차아파트,양재대로121길 49,K-apt 마스터에 없음
11740,11740-335,광남벨라스2차아파트(53-32),양재대로121길 49-7,K-apt 마스터에 없음
11740,11740-336,대명에버빌아파트,천중로39길 19-17,K-apt 마스터에 없음
11740,11740-337,지원G델타아파트,천중로35가길 11,K-apt 마스터에 없음
11740,11740-338,강동역두산위브센티움,성안로 155,K-apt 마스터에 없음
11740,11740-339,현진에스페랑스,천호대로163길 33,K-apt 마스터에 없음
11740,11740-3392,청광플러스원큐브2차,천호대로175길 10,K-apt 마스터에 없음
11740,11740-340,이연아마빌레(293-8),구천면로 297-5,K-apt 마스터에 없음
11740,11740-341,신주아파트(313),천중로11길 24,K-apt 마스터에 없음
11740,11740-342,한건브리앙아파트,구천면로13길 17,K-apt 마스터에 없음
11740,11740-345,보람아파트,상암로12길 32,K-apt 마스터에 없음
11740,11740-346,성내2차e-편한세상,풍성로37길 54,K-apt 마스터에 없음
11740,11740-3473,강동렘브란트,천호대로177길 9,K-apt 마스터에 없음
11740,11740-3474,강동와이시티,천호대로175길 42,K-apt 마스터에 없음
11740,11740-3481,다성이즈빌,성내로8길 22,K-apt 마스터에 없음
11740,11740-350,에스엠해그린,상암로 210-32,K-apt 마스터에 없음
11740,11740-3505,한양립스,천호대로176길 10-10,K-apt 마스터에 없음
11740,11740-351,태천해오름103동,천중로49길 98,K-apt 마스터에 없음
11740,11740-352,태천해오름102동A,천중로49길 95,K-apt 마스터에 없음
11740,11740-353,우성103동,양재대로147길 40,K-apt 마스터에 없음
11740,11740-354,한솔애리즈501동,강동대로53길 68,K-apt 마스터에 없음
11740,11740-355,에스엠이로빌,천중로48길 27,K-apt 마스터에 없음
11740,11740-357,하나플러스,양재대로112길 77,K-apt 마스터에 없음
11740,11740-358,한솔브리즈,천호대로173길 50,K-apt 마스터에 없음
11740,11740-359,에이치비골드빌(103동),성안로 170,K-apt 마스터에 없음
11740,11740-360,에이치비골드빌(102동),성안로 172,K-apt 마스터에 없음
11740,11740-361,메트로아파트,천중로44길 82,K-apt 마스터에 없음
11740,11740-362,우정에쉐르(102동),진황도로31길 5,K-apt 마스터에 없음
11740,11740-363,우정에쉐르(101동),진황도로31길 6,K-apt 마스터에 없음
11740,11740-364,동호리츠빌,천호대로188길 26,K-apt 마스터에 없음
11740,11740-365,다성이즈빌(명일4차),양재대로130길 36,K-apt 마스터에 없음
11740,11740-366,시가오똠,양재대로122가길 30,K-apt 마스터에 없음
11740,11740-367,골드하임(101동),천중로35가길 15,K-apt 마스터에 없음
11740,11740-368,골드하임(102동),천중로35가길 19,K-apt 마스터에 없음
11740,11740-3711,다성이즈빌(주상복합),천중로42길 69,K-apt 마스터에 없음
11740,11740-389,용명브릿지2차,천호대로 1132-18,K-apt 마스터에 없음
11740,11740-3895,율전에버그린아파트,양재대로112길 17,K-apt 마스터에 없음
11740,11740-3915,다성이즈빌,고덕로 64,K-apt 마스터에 없음
11740,11740-40,다오아트빌,성안로 184,K-apt 마스터에 없음
11740,11740-403,율전에버그린아파트,천중로39길 19,K-apt 마스터에 없음
11740,11740-4038,다성이즈빌아파트,성내로 91,K-apt 마스터에 없음
11740,11740-4077,동남아이스타즈,천호대로177길 50,K-apt 마스터에 없음
11740,11740-41,대상,천중로 221,K-apt 마스터에 없음
11740,11740-416,서한베네치아,명일로 201,K-apt 마스터에 없음
11740,11740-4169,청호뜨레피움퍼스트아파트,천호대로 1176,K-apt 마스터에 없음
11740,11740-417,예건타워빌,양재대로113길 53,K-apt 마스터에 없음
11740,11740-418,신이모닝빌,풍성로55길 6,K-apt 마스터에 없음
11740,11740-42,도림씨티빌1,명일로 238,K-apt 마스터에 없음
11740,11740-420,해가든(454-1),성내로6길 34-15,K-apt 마스터에 없음
11740,11740-4203,다성이즈빌(121-32),성안로 195,K-apt 마스터에 없음
11740,11740-421,하나플러스ll,양재대로85길 60,K-apt 마스터에 없음
11740,11740-422,아인리베,양재대로 1404-10,K-apt 마스터에 없음
11740,11740-423,광남캐스빌(389-9),천중로44길 75,K-apt 마스터에 없음
11740,11740-424,몽촌토성,성내로6다길 42,K-apt 마스터에 없음
11740,11740-425,탑건위너빌,성내로6가길 42,K-apt 마스터에 없음
11740,11740-43,동삼빌라트,천호대로197길 70,K-apt 마스터에 없음
11740,11740-4353,현진리버파크,구천면로 144,K-apt 마스터에 없음
11740,11740-4358,다성이즈빌(320),올림픽로89길 39-4,K-apt 마스터에 없음
11740,11740-4360,건영아모리움,천호대로176길 10-12,K-apt 마스터에 없음
11740,11740-4452,성내스테이,성내로 54,K-apt 마스터에 없음
11740,11740-4462,성내웰빙시티,풍성로51길 8,K-apt 마스터에 없음
11740,11740-4482,다성이즈빌,천호대로175길 14,K-apt 마스터에 없음
11740,11740-45,라인,천중로50길 48-12,K-apt 마스터에 없음
11740,11740-4503,다성이즈빌(387-4),천중로42길 68,K-apt 마스터에 없음
11740,11740-4554,엘림스퀘어II,구천면로24길 9,K-apt 마스터에 없음
11740,11740-4576,경지Arium,천호대로177길 40,K-apt 마스터에 없음
11740,11740-46,문화1,천중로52길 24-1,K-apt 마스터에 없음
11740,11740-4605,오륜아크로빌,강동대로55길 36,K-apt 마스터에 없음
11740,11740-4611,집앤사스윗사이드아파트,천중로 6,K-apt 마스터에 없음
11740,11740-4625,집앤사비디아파트,성내로 81,K-apt 마스터에 없음
11740,11740-4626,집앤사베니아파트,성내로 65,K-apt 마스터에 없음
11740,11740-4641,집앤사비키아파트,성내로 79,K-apt 마스터에 없음
11740,11740-4648,둔촌현대수린나아파트,동남로49길 77,K-apt 마스터에 없음
11740,11740-4687,미사아름채아파트,천호대로159길 22-24,K-apt 마스터에 없음
11740,11740-47,삼익세라믹,천호대로199길 40,K-apt 마스터에 없음
11740,11740-4787,라움포레,천호옛6길 15,K-apt 마스터에 없음
11740,11740-4791,집앤사비카,풍성로 188,K-apt 마스터에 없음
11740,11740-4794,힐데스하임올림픽파크아파트,강동대로55길 39,K-apt 마스터에 없음
11740,11740-48,삼익파크맨션,명일로 286,K-apt 마스터에 없음
11740,11740-4828,에스아이팰리스센트럴성내,성내로 64,K-apt 마스터에 없음
11740,11740-4852,아스하임,올림픽로 663,K-apt 마스터에 없음
11740,11740-4889,다성이즈빌,천호대로173길 39,K-apt 마스터에 없음
11740,11740-4937,골드클래스,양재대로111길 27,K-apt 마스터에 없음
11740,11740-4951,고덕아르테스미소지움,동남로 858,K-apt 마스터에 없음
11740,11740-5027,한영해시안아파트,성내로 20,K-apt 마스터에 없음
11740,11740-5036,엠프라자아파트(152-9),진황도로49길 59,K-apt 마스터에 없음
11740,11740-5039,거산유팰리스2차,천호대로177길 39,K-apt 마스터에 없음
11740,11740-51,신동아4,명일로 260,K-apt 마스터에 없음
11740,11740-5208,에스아이팰리스강동센텀I,천중로42길 77,K-apt 마스터에 없음
11740,11740-5218,길동다성이즈빌,천중로48길 43,K-apt 마스터에 없음
11740,11740-5222,다성이즈빌,천중로40길 22,K-apt 마스터에 없음
11740,11740-5223,에스아이팰리스강동센텀Ⅱ,천중로40길 72,K-apt 마스터에 없음
11740,11740-5236,중앙하이츠강동,양재대로111길 43,K-apt 마스터에 없음
11740,11740-5250,월드메르디앙올림픽파크,천호대로 1156,K-apt 마스터에 없음
11740,11740-5257,강동헤리티지자이,천중로 264,후보 2개 이상(모호)
11740,11740-5274,더샵둔촌포레,동남로49길 57,후보 2개 이상(모호)
11740,11740-5284,천호역마에스트로,올림픽로 691,K-apt 마스터에 없음
11740,11740-54,우성,양재대로113길 50,K-apt 마스터에 없음
11740,11740-58,한건,진황도로49길 34,K-apt 마스터에 없음
11740,11740-59,한빛골드빌1차,성안로 176,K-apt 마스터에 없음
11740,11740-61,탑건위너빌1,진황도로49길 31,K-apt 마스터에 없음
11740,11740-62,삼유스위트빌,진황도로49길 5,K-apt 마스터에 없음
11740,11740-63,주풍그린빌,천중로49길 76,K-apt 마스터에 없음
11740,11740-64,SM드림빌,양재대로115길 7,K-apt 마스터에 없음
11740,11740-65,SM빌,천중로40길 45,K-apt 마스터에 없음
11740,11740-66,동심훼밀리,천중로38가길 32,K-apt 마스터에 없음
11740,11740-67,신암가온,천호대로177길 55,K-apt 마스터에 없음
11740,11740-68,희훈리치파크1,천중로44길 40,K-apt 마스터에 없음
11740,11740-6998,시앤디아파트,양재대로130길 50,K-apt 마스터에 없음
11740,11740-71,동아,진황도로61길 18,K-apt 마스터에 없음
11740,11740-72,라이프101동(544)102동(544-1),풍성로65길 21,K-apt 마스터에 없음
11740,11740-84,노바,천호대로186길 23-11,K-apt 마스터에 없음
11740,11740-86,경방필하우스,풍성로 239,K-apt 마스터에 없음
11740,11740-88,대원,고덕로 52,K-apt 마스터에 없음
11740,11740-89,동양넥스빌,상암로 41,K-apt 마스터에 없음
11740,11740-9,고덕삼환아파트,고덕로62길 126,K-apt 마스터에 없음
11740,11740-94,신동아빌라트,고덕로27길 33-27,K-apt 마스터에 없음
11740,11740-96,암사라인,올림픽로104길 32,K-apt 마스터에 없음
11740,11740-969,성원,명일로12길 56,K-apt 마스터에 없음
11740,11740-98,정산(102동),올림픽로104길 14,K-apt 마스터에 없음
11740,11740-99,중앙하이츠,올림픽로98가길 47,K-apt 마스터에 없음
